sample_id	hic	hifi	ill	ont	options
HG00097	['s3://human-pangenomics/working/HPRC/HG00097/raw_data/hic/HG00097-2_FC1_S6_L001_R1_001.fastq.gz','s3://human-pangenomics/working/HPRC/HG00097/raw_data/hic/HG00097-2_FC1_S6_L001_R2_001.fastq.gz','s3://human-pangenomics/working/HPRC/HG00097/raw_data/hic/HG00097-2_FC4_S6_L001_R1_001.fastq.gz','s3://human-pangenomics/working/HPRC/HG00097/raw_data/hic/HG00097-2_FC4_S6_L001_R2_001.fastq.gz','s3://human-pangenomics/working/HPRC/HG00097/raw_data/hic/HG00097-2_FC2_S6_L001_R1_001.fastq.gz','s3://human-pangenomics/working/HPRC/HG00097/raw_data/hic/HG00097-2_FC2_S6_L001_R2_001.fastq.gz','s3://human-pangenomics/working/HPRC/HG00097/raw_data/hic/HG00097-2_FC3_S6_L001_R1_001.fastq.gz','s3://human-pangenomics/working/HPRC/HG00097/raw_data/hic/HG00097-2_FC3_S6_L001_R2_001.fastq.gz','s3://human-pangenomics/working/HPRC/HG00097/raw_data/hic/HG00097-1_FC1_S5_L001_R1_001.fastq.gz','s3://human-pangenomics/working/HPRC/HG00097/raw_data/hic/HG00097-1_FC1_S5_L001_R2_001.fastq.gz','s3://human-pangenomics/working/HPRC/HG00097/raw_data/hic/HG00097-1_FC4_S5_L001_R1_001.fastq.gz','s3://human-pangenomics/working/HPRC/HG00097/raw_data/hic/HG00097-1_FC4_S5_L001_R2_001.fastq.gz','s3://human-pangenomics/working/HPRC/HG00097/raw_data/hic/HG00097-1_FC2_S5_L001_R1_001.fastq.gz','s3://human-pangenomics/working/HPRC/HG00097/raw_data/hic/HG00097-1_FC2_S5_L001_R2_001.fastq.gz','s3://human-pangenomics/working/HPRC/HG00097/raw_data/hic/HG00097-1_FC3_S5_L001_R1_001.fastq.gz','s3://human-pangenomics/working/HPRC/HG00097/raw_data/hic/HG00097-1_FC3_S5_L001_R2_001.fastq.gz']	['s3://human-pangenomics/working/HPRC/HG00097/raw_data/PacBio_HiFi/m84046_230716_051716_s3.hifi_reads.bc2086.bam','s3://human-pangenomics/working/HPRC/HG00097/raw_data/PacBio_HiFi/m84046_230718_223822_s1.hifi_reads.bc2086.bam','s3://human-pangenomics/working/HPRC/HG00097/raw_data/PacBio_HiFi/m84046_230716_054822_s4.hifi_reads.bc2086.bam']	['s3://human-pangenomics/working/HPRC/HG00097/raw_data/Illumina/child/HG00097.final.cram']	['s3://human-pangenomics/working/HPRC/HG00097/raw_data/nanopore/sup5.0.0/10_31_23_R1041_HPRC_HG00097_3_dorado0.9.5_sup5.0.0.bam','s3://human-pangenomics/working/HPRC/HG00097/raw_data/nanopore/sup5.0.0/10_31_23_R1041_HPRC_HG00097_2_dorado0.9.5_sup5.0.0.bam','s3://human-pangenomics/working/HPRC/HG00097/raw_data/nanopore/sup5.0.0/10_31_23_R1041_HPRC_HG00097_1_dorado0.9.5_sup5.0.0.bam']	[--unitig-abundance 8]
HG00099	['s3://human-pangenomics/working/HPRC/HG00099/raw_data/hic/HG00099-2_S28_L001_R1_001.fastq.gz','s3://human-pangenomics/working/HPRC/HG00099/raw_data/hic/HG00099-2_S28_L001_R2_001.fastq.gz','s3://human-pangenomics/working/HPRC/HG00099/raw_data/hic/HG00099-1_S20_L001_R1_001.fastq.gz','s3://human-pangenomics/working/HPRC/HG00099/raw_data/hic/HG00099-1_S20_L001_R2_001.fastq.gz','s3://human-pangenomics/working/HPRC/HG00099/raw_data/hic/HG00099-2_S28_L004_R1_001.fastq.gz','s3://human-pangenomics/working/HPRC/HG00099/raw_data/hic/HG00099-2_S28_L004_R2_001.fastq.gz','s3://human-pangenomics/working/HPRC/HG00099/raw_data/hic/HG00099-2_S28_L002_R1_001.fastq.gz','s3://human-pangenomics/working/HPRC/HG00099/raw_data/hic/HG00099-2_S28_L002_R2_001.fastq.gz','s3://human-pangenomics/working/HPRC/HG00099/raw_data/hic/HG00099-2_S28_L003_R1_001.fastq.gz','s3://human-pangenomics/working/HPRC/HG00099/raw_data/hic/HG00099-2_S28_L003_R2_001.fastq.gz','s3://human-pangenomics/working/HPRC/HG00099/raw_data/hic/HG00099-1_S20_L004_R1_001.fastq.gz','s3://human-pangenomics/working/HPRC/HG00099/raw_data/hic/HG00099-1_S20_L004_R2_001.fastq.gz','s3://human-pangenomics/working/HPRC/HG00099/raw_data/hic/HG00099-1_S20_L002_R1_001.fastq.gz','s3://human-pangenomics/working/HPRC/HG00099/raw_data/hic/HG00099-1_S20_L002_R2_001.fastq.gz','s3://human-pangenomics/working/HPRC/HG00099/raw_data/hic/HG00099-1_S20_L003_R1_001.fastq.gz','s3://human-pangenomics/working/HPRC/HG00099/raw_data/hic/HG00099-1_S20_L003_R2_001.fastq.gz']	['s3://human-pangenomics/working/HPRC/HG00099/raw_data/PacBio_HiFi/deepconsensus/v1pt2/HG00099.m54329U_220825_174247.dc.q20.fastq.gz','s3://human-pangenomics/working/HPRC/HG00099/raw_data/PacBio_HiFi/deepconsensus/v1pt2/HG00099.m54329U_220827_143814.dc.q20.fastq.gz','s3://human-pangenomics/working/HPRC/HG00099/raw_data/PacBio_HiFi/deepconsensus/v1pt2/HG00099.m54329U_220829_095708.dc.q20.fastq.gz','s3://human-pangenomics/working/HPRC/HG00099/raw_data/PacBio_HiFi/m84046_230517_211630_s4.hifi_reads.bc2012.bam']	['s3://human-pangenomics/working/HPRC/HG00099/raw_data/Illumina/child/HG00099.final.cram']	['s3://human-pangenomics/working/HPRC/HG00099/raw_data/nanopore/sup5.0.0_5mCG_5hmCG/12_09_24_R1041_UL_HPRC_HG00099_1_dorado0.9.5_sup5.0.0_5mCG_5hmCG.bam','s3://human-pangenomics/working/HPRC/HG00099/raw_data/nanopore/sup5.0.0_5mCG_5hmCG/12_16_24_R1041_UL_HPRC_HG00099_1_dorado0.9.5_sup5.0.0_5mCG_5hmCG.bam','s3://human-pangenomics/working/HPRC/HG00099/raw_data/nanopore/guppy_6/09_14_22_R941_HG00099_1_Guppy_6.5.7_450bps_modbases_5mc_cg_sup_prom_pass.bam','s3://human-pangenomics/working/HPRC/HG00099/raw_data/nanopore/guppy_6/09_14_22_R941_HG00099_2_Guppy_6.5.7_450bps_modbases_5mc_cg_sup_prom_pass.bam','s3://human-pangenomics/working/HPRC/HG00099/raw_data/nanopore/guppy_6/09_14_22_R941_HG00099_3_Guppy_6.5.7_450bps_modbases_5mc_cg_sup_prom_pass.bam']	[--unitig-abundance 8]
HG00106	['s3://human-pangenomics/working/HPRC/HG00106/raw_data/hic/HG00106-1_FC1_S29_L003_R2_001.fastq.gz','s3://human-pangenomics/working/HPRC/HG00106/raw_data/hic/HG00106-2_FC1_S30_L003_R2_001.fastq.gz','s3://human-pangenomics/working/HPRC/HG00106/raw_data/hic/HG00106-2_FC2_S30_L003_R2_001.fastq.gz','s3://human-pangenomics/working/HPRC/HG00106/raw_data/hic/HG00106-1_FC2_S29_L003_R2_001.fastq.gz','s3://human-pangenomics/working/HPRC/HG00106/raw_data/hic/HG00106-1_FC1_S29_L003_R1_001.fastq.gz','s3://human-pangenomics/working/HPRC/HG00106/raw_data/hic/HG00106-1_FC2_S29_L003_R1_001.fastq.gz','s3://human-pangenomics/working/HPRC/HG00106/raw_data/hic/HG00106-2_FC2_S30_L003_R1_001.fastq.gz','s3://human-pangenomics/working/HPRC/HG00106/raw_data/hic/HG00106-2_FC1_S30_L003_R1_001.fastq.gz']	['s3://human-pangenomics/working/HPRC/HG00106/raw_data/PacBio_HiFi/m84081_231112_034048_s4.hifi_reads.bc2070.bam','s3://human-pangenomics/working/HPRC/HG00106/raw_data/PacBio_HiFi/m84081_231027_202621_s3.hifi_reads.bc2070.bam','s3://human-pangenomics/working/HPRC/HG00106/raw_data/PacBio_HiFi/m84081_231029_023649_s3.hifi_reads.bc2070.bam']	['s3://human-pangenomics/working/HPRC/HG00106/raw_data/Illumina/child/HG00106.final.fq.gz']	['s3://human-pangenomics/working/HPRC/HG00106/raw_data/nanopore/sup5.0.0/09_06_23_R1041_HPRC_HG00106_3_dorado0.9.5_sup5.0.0.bam','s3://human-pangenomics/working/HPRC/HG00106/raw_data/nanopore/sup5.0.0/09_06_23_R1041_HPRC_HG00106_2_dorado0.9.5_sup5.0.0.bam','s3://human-pangenomics/working/HPRC/HG00106/raw_data/nanopore/sup5.0.0/09_06_23_R1041_HPRC_HG00106_1_dorado0.9.5_sup5.0.0.bam']	[--unitig-abundance 8]
HG00116	['s3://human-pangenomics/working/HPRC/HG00116/raw_data/hic/HG00116-1_FC1_S1_L001_R2_001.fastq.gz','s3://human-pangenomics/working/HPRC/HG00116/raw_data/hic/HG00116-2_FC1_S2_L001_R1_001.fastq.gz','s3://human-pangenomics/working/HPRC/HG00116/raw_data/hic/HG00116-1_FC2_S1_L001_R2_001.fastq.gz','s3://human-pangenomics/working/HPRC/HG00116/raw_data/hic/HG00116-1_FC1_S1_L001_R1_001.fastq.gz','s3://human-pangenomics/working/HPRC/HG00116/raw_data/hic/HG00116-2_FC2_S2_L001_R2_001.fastq.gz','s3://human-pangenomics/working/HPRC/HG00116/raw_data/hic/HG00116-1_FC2_S1_L001_R1_001.fastq.gz','s3://human-pangenomics/working/HPRC/HG00116/raw_data/hic/HG00116-2_FC1_S2_L001_R2_001.fastq.gz','s3://human-pangenomics/working/HPRC/HG00116/raw_data/hic/HG00116-2_FC2_S2_L001_R1_001.fastq.gz']	['s3://human-pangenomics/working/HPRC/HG00116/raw_data/PacBio_HiFi/m84046_240617_225739_s3.hifi_reads.bc2001.bam','s3://human-pangenomics/working/HPRC/HG00116/raw_data/PacBio_HiFi/m84046_240608_005036_s1.hifi_reads.bc2001.bam','s3://human-pangenomics/working/HPRC/HG00116/raw_data/PacBio_HiFi/m84046_240606_010120_s2.hifi_reads.bc2001.bam','s3://human-pangenomics/working/HPRC/HG00116/raw_data/PacBio_HiFi/m84046_240614_204841_s3.hifi_reads.bc2001.bam','s3://human-pangenomics/working/HPRC/HG00116/raw_data/PacBio_HiFi/m84046_240610_201454_s3.hifi_reads.bc2001.bam']	['s3://human-pangenomics/working/HPRC/HG00116/raw_data/Illumina/child/HG00116.final.fq.gz']	['s3://human-pangenomics/working/HPRC/HG00116/raw_data/nanopore/sup5.0.0/10_07_24_R1041_UL_HPRC_HG00116_1_dorado0.9.1_sup5.0.0.bam','s3://human-pangenomics/working/HPRC/HG00116/raw_data/nanopore/sup5.0.0/10_07_24_R1041_UL_HPRC_HG00116_2_dorado0.9.1_sup5.0.0.bam','s3://human-pangenomics/working/HPRC/HG00116/raw_data/nanopore/sup5.0.0_5mCG_5hmCG/12_09_24_R1041_UL_HPRC_HG00116_1_dorado1.1.1_sup5.0.0_5mCG_5hmCG.bam']	[--unitig-abundance 8]
HG00117	['s3://human-pangenomics/working/HPRC/HG00117/raw_data/hic/HG00117-1_FC1_S17_L002_R1_001.fastq.gz','s3://human-pangenomics/working/HPRC/HG00117/raw_data/hic/HG00117-1_FC1_S17_L002_R2_001.fastq.gz','s3://human-pangenomics/working/HPRC/HG00117/raw_data/hic/HG00117-1_FC2_S17_L002_R1_001.fastq.gz','s3://human-pangenomics/working/HPRC/HG00117/raw_data/hic/HG00117-1_FC2_S17_L002_R2_001.fastq.gz','s3://human-pangenomics/working/HPRC/HG00117/raw_data/hic/HG00117-2_FC1_S18_L002_R1_001.fastq.gz','s3://human-pangenomics/working/HPRC/HG00117/raw_data/hic/HG00117-2_FC1_S18_L002_R2_001.fastq.gz','s3://human-pangenomics/working/HPRC/HG00117/raw_data/hic/HG00117-2_FC2_S18_L002_R1_001.fastq.gz','s3://human-pangenomics/working/HPRC/HG00117/raw_data/hic/HG00117-2_FC2_S18_L002_R2_001.fastq.gz']	['s3://human-pangenomics/working/HPRC/HG00117/raw_data/PacBio_HiFi/m84081_231110_195735_s1.hifi_reads.bc2071.bam','s3://human-pangenomics/working/HPRC/HG00117/raw_data/PacBio_HiFi/m84081_231112_020730_s1.hifi_reads.bc2071.bam']	['s3://human-pangenomics/working/HPRC/HG00117/raw_data/Illumina/child/HG00117.final.fq.gz']	['s3://human-pangenomics/working/HPRC/HG00117/raw_data/nanopore/sup5.0.0/09_06_23_R1041_HPRC_HG00117_2_dorado0.9.5_sup5.0.0.bam','s3://human-pangenomics/working/HPRC/HG00117/raw_data/nanopore/sup5.0.0/09_06_23_R1041_HPRC_HG00117_3_dorado0.9.5_sup5.0.0.bam','s3://human-pangenomics/working/HPRC/HG00117/raw_data/nanopore/sup5.0.0/09_06_23_R1041_HPRC_HG00117_1_dorado0.9.5_sup5.0.0.bam']	[--unitig-abundance 8]
HG00119	['s3://human-pangenomics/working/HPRC/HG00119/raw_data/hic/HG00119-1_FC1_S33_L003_R1_001.fastq.gz','s3://human-pangenomics/working/HPRC/HG00119/raw_data/hic/HG00119-1_FC1_S33_L003_R2_001.fastq.gz','s3://human-pangenomics/working/HPRC/HG00119/raw_data/hic/HG00119-1_FC2_S33_L003_R1_001.fastq.gz','s3://human-pangenomics/working/HPRC/HG00119/raw_data/hic/HG00119-1_FC2_S33_L003_R2_001.fastq.gz','s3://human-pangenomics/working/HPRC/HG00119/raw_data/hic/HG00119-2_FC1_S34_L003_R1_001.fastq.gz','s3://human-pangenomics/working/HPRC/HG00119/raw_data/hic/HG00119-2_FC1_S34_L003_R2_001.fastq.gz','s3://human-pangenomics/working/HPRC/HG00119/raw_data/hic/HG00119-2_FC2_S34_L003_R1_001.fastq.gz','s3://human-pangenomics/working/HPRC/HG00119/raw_data/hic/HG00119-2_FC2_S34_L003_R2_001.fastq.gz']	['s3://human-pangenomics/working/HPRC/HG00119/raw_data/PacBio_HiFi/m84081_231214_200130_s1.hifi_reads.bc2005.bam','s3://human-pangenomics/working/HPRC/HG00119/raw_data/PacBio_HiFi/m84081_231214_220055_s2.hifi_reads.bc2005.bam']	['s3://human-pangenomics/working/HPRC/HG00119/raw_data/Illumina/child/HG00119.final.fq.gz']	['s3://human-pangenomics/working/HPRC/HG00119/raw_data/nanopore/sup5.0.0/10_07_24_R1041_UL_HPRC_HG00119_1_dorado0.9.1_sup5.0.0.bam','s3://human-pangenomics/working/HPRC/HG00119/raw_data/nanopore/sup5.0.0/10_07_24_R1041_UL_HPRC_HG00119_2_dorado0.9.1_sup5.0.0.bam','s3://human-pangenomics/working/HPRC/HG00119/raw_data/nanopore/sup5.0.0/10_07_24_R1041_UL_HPRC_HG00119_3_dorado0.9.1_sup5.0.0.bam']	[--unitig-abundance 8]
HG00120	['s3://human-pangenomics/working/HPRC/HG00120/raw_data/hic/HG00120-2_FC2_S48_L004_R2_001.fastq.gz','s3://human-pangenomics/working/HPRC/HG00120/raw_data/hic/HG00120-2_FC1_S48_L004_R2_001.fastq.gz','s3://human-pangenomics/working/HPRC/HG00120/raw_data/hic/HG00120-1_FC1_S47_L004_R2_001.fastq.gz','s3://human-pangenomics/working/HPRC/HG00120/raw_data/hic/HG00120-1_FC2_S47_L004_R2_001.fastq.gz','s3://human-pangenomics/working/HPRC/HG00120/raw_data/hic/HG00120-2_FC2_S48_L004_R1_001.fastq.gz','s3://human-pangenomics/working/HPRC/HG00120/raw_data/hic/HG00120-2_FC1_S48_L004_R1_001.fastq.gz','s3://human-pangenomics/working/HPRC/HG00120/raw_data/hic/HG00120-1_FC2_S47_L004_R1_001.fastq.gz','s3://human-pangenomics/working/HPRC/HG00120/raw_data/hic/HG00120-1_FC1_S47_L004_R1_001.fastq.gz']	['s3://human-pangenomics/working/HPRC/HG00120/raw_data/PacBio_HiFi/m84081_240512_105012_s1.hifi_reads.bc2006.bam','s3://human-pangenomics/working/HPRC/HG00120/raw_data/PacBio_HiFi/m84081_240511_005817_s1.hifi_reads.bc2006.bam']	['s3://human-pangenomics/working/HPRC/HG00120/raw_data/Illumina/child/HG00120.final.fq.gz']	['s3://human-pangenomics/working/HPRC/HG00120/raw_data/nanopore/sup5.0.0_5mCG_5hmCG/10_21_24_R1041_UL_HPRC_HG00120_1_dorado1.1.1_sup5.0.0_5mCG_5hmCG.bam','s3://human-pangenomics/working/HPRC/HG00120/raw_data/nanopore/sup5.0.0_5mCG_5hmCG/10_21_24_R1041_UL_HPRC_HG00120_2_dorado1.1.1_sup5.0.0_5mCG_5hmCG.bam','s3://human-pangenomics/working/HPRC/HG00120/raw_data/nanopore/sup5.0.0_5mCG_5hmCG/10_21_24_R1041_UL_HPRC_HG00120_3_dorado1.1.1_sup5.0.0_5mCG_5hmCG.bam']	[--unitig-abundance 8]
HG00126	['s3://human-pangenomics/working/HPRC/HG00126/raw_data/hic/HG00126-1_FC2_S3_L004_R1_001.fastq.gz','s3://human-pangenomics/working/HPRC/HG00126/raw_data/hic/HG00126-1_FC2_S3_L004_R2_001.fastq.gz','s3://human-pangenomics/working/HPRC/HG00126/raw_data/hic/HG00126-1_FC1_S3_L004_R1_001.fastq.gz','s3://human-pangenomics/working/HPRC/HG00126/raw_data/hic/HG00126-1_FC1_S3_L004_R2_001.fastq.gz','s3://human-pangenomics/working/HPRC/HG00126/raw_data/hic/HG00126-2_FC2_S4_L004_R1_001.fastq.gz','s3://human-pangenomics/working/HPRC/HG00126/raw_data/hic/HG00126-2_FC2_S4_L004_R2_001.fastq.gz','s3://human-pangenomics/working/HPRC/HG00126/raw_data/hic/HG00126-2_FC1_S4_L004_R1_001.fastq.gz','s3://human-pangenomics/working/HPRC/HG00126/raw_data/hic/HG00126-2_FC1_S4_L004_R2_001.fastq.gz']	['s3://human-pangenomics/working/HPRC/HG00126/raw_data/PacBio_HiFi/m84046_230617_050400_s4.hifi_reads.bc2043.bam','s3://human-pangenomics/working/HPRC/HG00126/raw_data/PacBio_HiFi/m84046_230617_043254_s3.hifi_reads.bc2043.bam','s3://human-pangenomics/working/HPRC/HG00126/raw_data/PacBio_HiFi/m84046_230621_231827_s1.hifi_reads.bc2043.bam','s3://human-pangenomics/working/HPRC/HG00126/raw_data/PacBio_HiFi/m84046_230602_203207_s4.hifi_reads.bc2043.bam','s3://human-pangenomics/working/HPRC/HG00126/raw_data/PacBio_HiFi/m84046_230621_234848_s2.hifi_reads.bc2043.bam']	['s3://human-pangenomics/working/HPRC/HG00126/raw_data/Illumina/child/HG00126.final.cram']	['s3://human-pangenomics/working/HPRC/HG00126/raw_data/nanopore/sup5.0.0/08_29_23_R1041_HPRC_HG00126_1_dorado0.9.5_sup5.0.0.bam','s3://human-pangenomics/working/HPRC/HG00126/raw_data/nanopore/sup5.0.0/08_29_23_R1041_HPRC_HG00126_3_dorado0.9.5_sup5.0.0.bam','s3://human-pangenomics/working/HPRC/HG00126/raw_data/nanopore/sup5.0.0/08_29_23_R1041_HPRC_HG00126_2_dorado0.9.5_sup5.0.0.bam']	[--unitig-abundance 8]
HG00128	['s3://human-pangenomics/working/HPRC/HG00128/raw_data/hic/HG00128-2_FC2_S10_L004_R1_001.fastq.gz','s3://human-pangenomics/working/HPRC/HG00128/raw_data/hic/HG00128-2_FC2_S10_L004_R2_001.fastq.gz','s3://human-pangenomics/working/HPRC/HG00128/raw_data/hic/HG00128-2_FC1_S10_L004_R1_001.fastq.gz','s3://human-pangenomics/working/HPRC/HG00128/raw_data/hic/HG00128-2_FC1_S10_L004_R2_001.fastq.gz','s3://human-pangenomics/working/HPRC/HG00128/raw_data/hic/HG00128-1_FC2_S9_L004_R1_001.fastq.gz','s3://human-pangenomics/working/HPRC/HG00128/raw_data/hic/HG00128-1_FC2_S9_L004_R2_001.fastq.gz','s3://human-pangenomics/working/HPRC/HG00128/raw_data/hic/HG00128-1_FC1_S9_L004_R1_001.fastq.gz','s3://human-pangenomics/working/HPRC/HG00128/raw_data/hic/HG00128-1_FC1_S9_L004_R2_001.fastq.gz']	['s3://human-pangenomics/working/HPRC/HG00128/raw_data/PacBio_HiFi/m84046_230602_203207_s4.hifi_reads.bc2044.bam','s3://human-pangenomics/working/HPRC/HG00128/raw_data/PacBio_HiFi/m84046_230617_043254_s3.hifi_reads.bc2044.bam','s3://human-pangenomics/working/HPRC/HG00128/raw_data/PacBio_HiFi/m84046_230617_050400_s4.hifi_reads.bc2044.bam','s3://human-pangenomics/working/HPRC/HG00128/raw_data/PacBio_HiFi/m84046_230630_233157_s3.bc2069--bc2069.bam']	['s3://human-pangenomics/working/HPRC/HG00128/raw_data/Illumina/child/HG00128.final.cram']	['s3://human-pangenomics/working/HPRC/HG00128/raw_data/nanopore/sup5.0.0/11_7_23_R1041_HPRC_HG00128_1_dorado0.9.5_sup5.0.0.bam','s3://human-pangenomics/working/HPRC/HG00128/raw_data/nanopore/sup5.0.0/11_7_23_R1041_HPRC_HG00128_2_dorado0.9.5_sup5.0.0.bam','s3://human-pangenomics/working/HPRC/HG00128/raw_data/nanopore/sup5.0.0/11_7_23_R1041_HPRC_HG00128_3_dorado0.9.5_sup5.0.0.bam']	[--unitig-abundance 8]
HG00133	['s3://human-pangenomics/working/HPRC/HG00133/raw_data/hic/HG00133-2_FC2_S6_L004_R1_001.fastq.gz','s3://human-pangenomics/working/HPRC/HG00133/raw_data/hic/HG00133-2_FC2_S6_L004_R2_001.fastq.gz','s3://human-pangenomics/working/HPRC/HG00133/raw_data/hic/HG00133-2_FC1_S6_L004_R1_001.fastq.gz','s3://human-pangenomics/working/HPRC/HG00133/raw_data/hic/HG00133-2_FC1_S6_L004_R2_001.fastq.gz','s3://human-pangenomics/working/HPRC/HG00133/raw_data/hic/HG00133-1_FC2_S5_L004_R1_001.fastq.gz','s3://human-pangenomics/working/HPRC/HG00133/raw_data/hic/HG00133-1_FC2_S5_L004_R2_001.fastq.gz','s3://human-pangenomics/working/HPRC/HG00133/raw_data/hic/HG00133-1_FC1_S5_L004_R1_001.fastq.gz','s3://human-pangenomics/working/HPRC/HG00133/raw_data/hic/HG00133-1_FC1_S5_L004_R2_001.fastq.gz']	['s3://human-pangenomics/working/HPRC/HG00133/raw_data/PacBio_HiFi/m84046_230719_001055_s4.hifi_reads.bc2085.bam','s3://human-pangenomics/working/HPRC/HG00133/raw_data/PacBio_HiFi/m84046_230602_203207_s4.hifi_reads.bc2045.bam','s3://human-pangenomics/working/HPRC/HG00133/raw_data/PacBio_HiFi/m84046_230621_231827_s1.hifi_reads.bc2045.bam','s3://human-pangenomics/working/HPRC/HG00133/raw_data/PacBio_HiFi/m84046_230617_050400_s4.hifi_reads.bc2045.bam','s3://human-pangenomics/working/HPRC/HG00133/raw_data/PacBio_HiFi/m84046_230617_043254_s3.hifi_reads.bc2045.bam','s3://human-pangenomics/working/HPRC/HG00133/raw_data/PacBio_HiFi/m84046_230621_234848_s2.hifi_reads.bc2045.bam']	['s3://human-pangenomics/working/HPRC/HG00133/raw_data/Illumina/child/HG00133.final.cram']	['s3://human-pangenomics/working/HPRC/HG00133/raw_data/nanopore/sup5.0.0/08_29_23_R1041_HPRC_HG00133_1_dorado0.9.5_sup5.0.0.bam','s3://human-pangenomics/working/HPRC/HG00133/raw_data/nanopore/sup5.0.0/08_29_23_R1041_HPRC_HG00133_3_dorado0.9.5_sup5.0.0.bam','s3://human-pangenomics/working/HPRC/HG00133/raw_data/nanopore/sup5.0.0/08_29_23_R1041_HPRC_HG00133_2_dorado0.9.5_sup5.0.0.bam']	[--unitig-abundance 8]
HG00140	['s3://human-pangenomics/working/HPRC/HG00140/raw_data/hic/HG00140-2_S30_L003_R1_001.fastq.gz','s3://human-pangenomics/working/HPRC/HG00140/raw_data/hic/HG00140-2_S30_L003_R2_001.fastq.gz','s3://human-pangenomics/working/HPRC/HG00140/raw_data/hic/HG00140-2_S30_L001_R1_001.fastq.gz','s3://human-pangenomics/working/HPRC/HG00140/raw_data/hic/HG00140-2_S30_L001_R2_001.fastq.gz','s3://human-pangenomics/working/HPRC/HG00140/raw_data/hic/HG00140-2_S30_L004_R1_001.fastq.gz','s3://human-pangenomics/working/HPRC/HG00140/raw_data/hic/HG00140-2_S30_L004_R2_001.fastq.gz','s3://human-pangenomics/working/HPRC/HG00140/raw_data/hic/HG00140-2_S30_L002_R1_001.fastq.gz','s3://human-pangenomics/working/HPRC/HG00140/raw_data/hic/HG00140-2_S30_L002_R2_001.fastq.gz','s3://human-pangenomics/working/HPRC/HG00140/raw_data/hic/HG00140-1_S22_L003_R1_001.fastq.gz','s3://human-pangenomics/working/HPRC/HG00140/raw_data/hic/HG00140-1_S22_L003_R2_001.fastq.gz','s3://human-pangenomics/working/HPRC/HG00140/raw_data/hic/HG00140-1_S22_L001_R1_001.fastq.gz','s3://human-pangenomics/working/HPRC/HG00140/raw_data/hic/HG00140-1_S22_L001_R2_001.fastq.gz','s3://human-pangenomics/working/HPRC/HG00140/raw_data/hic/HG00140-1_S22_L004_R1_001.fastq.gz','s3://human-pangenomics/working/HPRC/HG00140/raw_data/hic/HG00140-1_S22_L004_R2_001.fastq.gz','s3://human-pangenomics/working/HPRC/HG00140/raw_data/hic/HG00140-1_S22_L002_R1_001.fastq.gz','s3://human-pangenomics/working/HPRC/HG00140/raw_data/hic/HG00140-1_S22_L002_R2_001.fastq.gz']	['s3://human-pangenomics/working/HPRC/HG00140/raw_data/PacBio_HiFi/deepconsensus/v1pt2/HG00140.m64043_220728_173215.dc.q20.fastq.gz','s3://human-pangenomics/working/HPRC/HG00140/raw_data/PacBio_HiFi/deepconsensus/v1pt2/HG00140.m64136_220715_182717.dc.q20.fastq.gz','s3://human-pangenomics/working/HPRC/HG00140/raw_data/PacBio_HiFi/deepconsensus/v1pt2/HG00140.m64136_220717_152248.dc.q20.fastq.gz','s3://human-pangenomics/working/HPRC/HG00140/raw_data/PacBio_HiFi/deepconsensus/v1pt2/HG00140.m64136_220719_122056.dc.q20.fastq.gz','s3://human-pangenomics/working/HPRC/HG00140/raw_data/PacBio_HiFi/m84081_230628_194051_s3.hifi_reads.bc1018.bam','s3://human-pangenomics/working/HPRC/HG00140/raw_data/PacBio_HiFi/m84081_230628_201157_s4.hifi_reads.bc1018.bam']	['s3://human-pangenomics/working/HPRC/HG00140/raw_data/Illumina/child/HG00140.final.cram']	['s3://human-pangenomics/working/HPRC/HG00140/raw_data/nanopore/sup5.0.0_5mCG_5hmCG/11_12_24_R1041_UL_HPRC_HG00140_1_dorado0.9.1_sup5.0.0_5mCG_5hmCG.bam','s3://human-pangenomics/working/HPRC/HG00140/raw_data/nanopore/sup5.0.0_5mCG_5hmCG/11_12_24_R1041_UL_HPRC_HG00140_2_dorado0.9.1_sup5.0.0_5mCG_5hmCG.bam','s3://human-pangenomics/working/HPRC/HG00140/raw_data/nanopore/guppy_6/06_28_22_R941_HG00140_1_Guppy_6.5.7_450bps_modbases_5mc_cg_sup_prom_pass.bam','s3://human-pangenomics/working/HPRC/HG00140/raw_data/nanopore/guppy_6/06_28_22_R941_HG00140_2_Guppy_6.5.7_450bps_modbases_5mc_cg_sup_prom_pass.bam','s3://human-pangenomics/working/HPRC/HG00140/raw_data/nanopore/guppy_6/06_28_22_R941_HG00140_3_Guppy_6.5.7_450bps_modbases_5mc_cg_sup_prom_pass.bam']	[--unitig-abundance 8]
HG00146	['s3://human-pangenomics/working/HPRC/HG00146/raw_data/hic/HG00146-2_FC1_S6_L003_R1_001.fastq.gz','s3://human-pangenomics/working/HPRC/HG00146/raw_data/hic/HG00146-2_FC1_S6_L003_R2_001.fastq.gz','s3://human-pangenomics/working/HPRC/HG00146/raw_data/hic/HG00146-2_FC2_S6_L003_R1_001.fastq.gz','s3://human-pangenomics/working/HPRC/HG00146/raw_data/hic/HG00146-2_FC2_S6_L003_R2_001.fastq.gz','s3://human-pangenomics/working/HPRC/HG00146/raw_data/hic/HG00146-1_FC1_S5_L003_R1_001.fastq.gz','s3://human-pangenomics/working/HPRC/HG00146/raw_data/hic/HG00146-1_FC1_S5_L003_R2_001.fastq.gz','s3://human-pangenomics/working/HPRC/HG00146/raw_data/hic/HG00146-1_FC2_S5_L003_R1_001.fastq.gz','s3://human-pangenomics/working/HPRC/HG00146/raw_data/hic/HG00146-1_FC2_S5_L003_R2_001.fastq.gz']	['s3://human-pangenomics/working/HPRC/HG00146/raw_data/PacBio_HiFi/m84081_230616_182824_s3.hifi_reads.bc2013.bam','s3://human-pangenomics/working/HPRC/HG00146/raw_data/PacBio_HiFi/m84081_230616_185930_s4.hifi_reads.bc2013.bam']	['s3://human-pangenomics/working/HPRC/HG00146/raw_data/Illumina/child/HG00146.final.cram']	['s3://human-pangenomics/working/HPRC/HG00146/raw_data/nanopore/sup5.0.0_5mCG_5hmCG/01_23_24_R1041_HPRC_HG00146_3_dorado1.1.1_sup5.0.0_5mCG_5hmCG.bam','s3://human-pangenomics/working/HPRC/HG00146/raw_data/nanopore/sup5.0.0_5mCG_5hmCG/11_14_23_R1041_HPRC_HG00146_1_dorado0.9.5_sup5.0.0_5mCG_5hmCG.bam','s3://human-pangenomics/working/HPRC/HG00146/raw_data/nanopore/sup5.0.0_5mCG_5hmCG/11_14_23_R1041_HPRC_HG00146_2_dorado0.9.5_sup5.0.0_5mCG_5hmCG.bam','s3://human-pangenomics/working/HPRC/HG00146/raw_data/nanopore/sup5.0.0_5mCG_5hmCG/11_14_23_R1041_HPRC_HG00146_3_dorado0.9.5_sup5.0.0_5mCG_5hmCG.bam','s3://human-pangenomics/working/HPRC/HG00146/raw_data/nanopore/sup5.0.0/01_23_24_R1041_HPRC_HG00146_1_dorado0.9.5_sup5.0.0.bam','s3://human-pangenomics/working/HPRC/HG00146/raw_data/nanopore/sup5.0.0/01_23_24_R1041_HPRC_HG00146_2_dorado0.9.5_sup5.0.0.bam']	[--unitig-abundance 8]
HG00150	['s3://human-pangenomics/working/HPRC/HG00150/raw_data/hic/HG00150-1_FC1_S29_L003_R1_001.fastq.gz','s3://human-pangenomics/working/HPRC/HG00150/raw_data/hic/HG00150-1_FC1_S29_L003_R2_001.fastq.gz','s3://human-pangenomics/working/HPRC/HG00150/raw_data/hic/HG00150-1_FC2_S29_L003_R1_001.fastq.gz','s3://human-pangenomics/working/HPRC/HG00150/raw_data/hic/HG00150-1_FC2_S29_L003_R2_001.fastq.gz','s3://human-pangenomics/working/HPRC/HG00150/raw_data/hic/HG00150-2_FC1_S30_L003_R1_001.fastq.gz','s3://human-pangenomics/working/HPRC/HG00150/raw_data/hic/HG00150-2_FC1_S30_L003_R2_001.fastq.gz','s3://human-pangenomics/working/HPRC/HG00150/raw_data/hic/HG00150-2_FC2_S30_L003_R1_001.fastq.gz','s3://human-pangenomics/working/HPRC/HG00150/raw_data/hic/HG00150-2_FC2_S30_L003_R2_001.fastq.gz']	['s3://human-pangenomics/working/HPRC/HG00150/raw_data/PacBio_HiFi/m84046_240314_024949_s3.hifi_reads.bc2006.bam','s3://human-pangenomics/working/HPRC/HG00150/raw_data/PacBio_HiFi/m84046_240206_022949_s2.hifi_reads.bc2006.bam','s3://human-pangenomics/working/HPRC/HG00150/raw_data/PacBio_HiFi/m84046_240203_081624_s4.hifi_reads.bc2006.bam','s3://human-pangenomics/working/HPRC/HG00150/raw_data/PacBio_HiFi/m84046_240204_053409_s1.hifi_reads.bc2006.bam']	['s3://human-pangenomics/working/HPRC/HG00150/raw_data/Illumina/child/HG00150.final.fq.gz']	['s3://human-pangenomics/working/HPRC/HG00150/raw_data/nanopore/sup5.0.0/04_30_24_R1041_UL_HPRC_HG00150_1_dorado0.9.1_sup5.0.0.bam','s3://human-pangenomics/working/HPRC/HG00150/raw_data/nanopore/sup5.0.0/04_30_24_R1041_UL_HPRC_HG00150_2_dorado0.9.1_sup5.0.0.bam','s3://human-pangenomics/working/HPRC/HG00150/raw_data/nanopore/sup5.0.0/04_30_24_R1041_UL_HPRC_HG00150_3_dorado0.9.1_sup5.0.0.bam']	[--unitig-abundance 8]
HG00232	['s3://human-pangenomics/working/HPRC/HG00232/raw_data/hic/HG00232-1_FC1_S7_L003_R1_001.fastq.gz','s3://human-pangenomics/working/HPRC/HG00232/raw_data/hic/HG00232-1_FC1_S7_L003_R2_001.fastq.gz','s3://human-pangenomics/working/HPRC/HG00232/raw_data/hic/HG00232-1_FC2_S7_L003_R1_001.fastq.gz','s3://human-pangenomics/working/HPRC/HG00232/raw_data/hic/HG00232-1_FC2_S7_L003_R2_001.fastq.gz','s3://human-pangenomics/working/HPRC/HG00232/raw_data/hic/HG00232-2_FC1_S8_L003_R1_001.fastq.gz','s3://human-pangenomics/working/HPRC/HG00232/raw_data/hic/HG00232-2_FC1_S8_L003_R2_001.fastq.gz','s3://human-pangenomics/working/HPRC/HG00232/raw_data/hic/HG00232-2_FC2_S8_L003_R1_001.fastq.gz','s3://human-pangenomics/working/HPRC/HG00232/raw_data/hic/HG00232-2_FC2_S8_L003_R2_001.fastq.gz']	['s3://human-pangenomics/working/HPRC/HG00232/raw_data/PacBio_HiFi/m84081_230714_205519_s2.hifi_reads.bc2014.bam','s3://human-pangenomics/working/HPRC/HG00232/raw_data/PacBio_HiFi/m84081_230714_212624_s3.hifi_reads.bc2014.bam','s3://human-pangenomics/working/HPRC/HG00232/raw_data/PacBio_HiFi/m84081_230714_201817_s1.hifi_reads.bc2014.bam','s3://human-pangenomics/working/HPRC/HG00232/raw_data/PacBio_HiFi/m84081_230714_215730_s4.hifi_reads.bc2014.bam','s3://human-pangenomics/working/HPRC/HG00232/raw_data/PacBio_HiFi/m84081_230623_202140_s1.hifi_reads.bc2014.bam','s3://human-pangenomics/working/HPRC/HG00232/raw_data/PacBio_HiFi/m84081_230623_205201_s2.hifi_reads.bc2014.bam']	['s3://human-pangenomics/working/HPRC/HG00232/raw_data/Illumina/child/HG00232.final.cram']	['s3://human-pangenomics/working/HPRC/HG00232/raw_data/nanopore/sup5.0.0_5mCG_5hmCG/01_23_24_R1041_HPRC_HG00232_1_dorado0.9.5_sup5.0.0_5mCG_5hmCG.bam','s3://human-pangenomics/working/HPRC/HG00232/raw_data/nanopore/sup5.0.0_5mCG_5hmCG/01_23_24_R1041_HPRC_HG00232_2_dorado0.9.5_sup5.0.0_5mCG_5hmCG.bam','s3://human-pangenomics/working/HPRC/HG00232/raw_data/nanopore/sup5.0.0_5mCG_5hmCG/01_23_24_R1041_HPRC_HG00232_3_dorado0.9.5_sup5.0.0_5mCG_5hmCG.bam','s3://human-pangenomics/working/HPRC/HG00232/raw_data/nanopore/sup5.0.0_5mCG_5hmCG/01_23_24_R1041_HPRC_HG00232_4_dorado0.9.5_sup5.0.0_5mCG_5hmCG.bam','s3://human-pangenomics/working/HPRC/HG00232/raw_data/nanopore/sup5.0.0_5mCG_5hmCG/11_14_23_R1041_HPRC_HG00232_1_dorado0.9.5_sup5.0.0_5mCG_5hmCG.bam','s3://human-pangenomics/working/HPRC/HG00232/raw_data/nanopore/sup5.0.0_5mCG_5hmCG/11_14_23_R1041_HPRC_HG00232_2_dorado0.9.5_sup5.0.0_5mCG_5hmCG.bam','s3://human-pangenomics/working/HPRC/HG00232/raw_data/nanopore/sup5.0.0_5mCG_5hmCG/11_14_23_R1041_HPRC_HG00232_3_dorado0.9.5_sup5.0.0_5mCG_5hmCG.bam','s3://human-pangenomics/working/HPRC/HG00232/raw_data/nanopore/sup5.0.0_5mCG_5hmCG/11_14_23_R1041_HPRC_HG00232_4_dorado0.9.5_sup5.0.0_5mCG_5hmCG.bam']	[--unitig-abundance 8]
HG00234	['s3://human-pangenomics/working/HPRC/HG00234/raw_data/hic/HG00234-1_FC1_S9_L001_R1_001.fastq.gz','s3://human-pangenomics/working/HPRC/HG00234/raw_data/hic/HG00234-1_FC1_S9_L001_R2_001.fastq.gz','s3://human-pangenomics/working/HPRC/HG00234/raw_data/hic/HG00234-1_FC2_S9_L001_R1_001.fastq.gz','s3://human-pangenomics/working/HPRC/HG00234/raw_data/hic/HG00234-1_FC2_S9_L001_R2_001.fastq.gz','s3://human-pangenomics/working/HPRC/HG00234/raw_data/hic/HG00234-2_FC1_S10_L001_R1_001.fastq.gz','s3://human-pangenomics/working/HPRC/HG00234/raw_data/hic/HG00234-2_FC1_S10_L001_R2_001.fastq.gz','s3://human-pangenomics/working/HPRC/HG00234/raw_data/hic/HG00234-2_FC2_S10_L001_R1_001.fastq.gz','s3://human-pangenomics/working/HPRC/HG00234/raw_data/hic/HG00234-2_FC2_S10_L001_R2_001.fastq.gz']	['s3://human-pangenomics/working/HPRC/HG00234/raw_data/PacBio_HiFi/m84081_240515_055714_s3.hifi_reads.bc2021.bam','s3://human-pangenomics/working/HPRC/HG00234/raw_data/PacBio_HiFi/m84081_240515_035745_s2.hifi_reads.bc2021.bam']	['s3://human-pangenomics/working/HPRC/HG00234/raw_data/Illumina/child/HG00234.final.fq.gz']	['s3://human-pangenomics/working/HPRC/HG00234/raw_data/nanopore/sup5.0.0/10_14_24_R1041_UL_HPRC_HG00234_1_dorado0.9.1_sup5.0.0.bam','s3://human-pangenomics/working/HPRC/HG00234/raw_data/nanopore/sup5.0.0/10_14_24_R1041_UL_HPRC_HG00234_2_dorado0.9.1_sup5.0.0.bam']	[--unitig-abundance 8]
HG00235	['s3://human-pangenomics/working/HPRC/HG00235/raw_data/hic/HG00235-2_FC1_S36_L002_R1_001.fastq.gz','s3://human-pangenomics/working/HPRC/HG00235/raw_data/hic/HG00235-2_FC1_S36_L002_R2_001.fastq.gz','s3://human-pangenomics/working/HPRC/HG00235/raw_data/hic/HG00235-2_FC3_S36_L002_R1_001.fastq.gz','s3://human-pangenomics/working/HPRC/HG00235/raw_data/hic/HG00235-2_FC3_S36_L002_R2_001.fastq.gz','s3://human-pangenomics/working/HPRC/HG00235/raw_data/hic/HG00235-2_FC4_S36_L002_R1_001.fastq.gz','s3://human-pangenomics/working/HPRC/HG00235/raw_data/hic/HG00235-2_FC4_S36_L002_R2_001.fastq.gz','s3://human-pangenomics/working/HPRC/HG00235/raw_data/hic/HG00235-2_FC2_S36_L002_R1_001.fastq.gz','s3://human-pangenomics/working/HPRC/HG00235/raw_data/hic/HG00235-2_FC2_S36_L002_R2_001.fastq.gz','s3://human-pangenomics/working/HPRC/HG00235/raw_data/hic/HG00235-1_FC1_S35_L002_R1_001.fastq.gz','s3://human-pangenomics/working/HPRC/HG00235/raw_data/hic/HG00235-1_FC1_S35_L002_R2_001.fastq.gz','s3://human-pangenomics/working/HPRC/HG00235/raw_data/hic/HG00235-1_FC3_S35_L002_R1_001.fastq.gz','s3://human-pangenomics/working/HPRC/HG00235/raw_data/hic/HG00235-1_FC3_S35_L002_R2_001.fastq.gz','s3://human-pangenomics/working/HPRC/HG00235/raw_data/hic/HG00235-1_FC4_S35_L002_R1_001.fastq.gz','s3://human-pangenomics/working/HPRC/HG00235/raw_data/hic/HG00235-1_FC4_S35_L002_R2_001.fastq.gz','s3://human-pangenomics/working/HPRC/HG00235/raw_data/hic/HG00235-1_FC2_S35_L002_R1_001.fastq.gz','s3://human-pangenomics/working/HPRC/HG00235/raw_data/hic/HG00235-1_FC2_S35_L002_R2_001.fastq.gz']	['s3://human-pangenomics/working/HPRC/HG00235/raw_data/PacBio_HiFi/m84091_230721_141900_s2.hifi_reads.bc1008.bam','s3://human-pangenomics/working/HPRC/HG00235/raw_data/PacBio_HiFi/m84091_230724_170222_s4.hifi_reads.bc1008.bam']	['s3://human-pangenomics/working/HPRC/HG00235/raw_data/Illumina/child/HG00235.final.cram']	['s3://human-pangenomics/working/HPRC/HG00235/raw_data/nanopore/sup5.0.0_5mCG_5hmCG/01_16_24_R1041_HPRC_HG00235_1_dorado0.9.5_sup5.0.0_5mCG_5hmCG.bam','s3://human-pangenomics/working/HPRC/HG00235/raw_data/nanopore/sup5.0.0_5mCG_5hmCG/01_16_24_R1041_HPRC_HG00235_2_dorado0.9.5_sup5.0.0_5mCG_5hmCG.bam','s3://human-pangenomics/working/HPRC/HG00235/raw_data/nanopore/sup5.0.0_5mCG_5hmCG/01_16_24_R1041_HPRC_HG00235_3_dorado0.9.5_sup5.0.0_5mCG_5hmCG.bam','s3://human-pangenomics/working/HPRC/HG00235/raw_data/nanopore/sup5.0.0_5mCG_5hmCG/01_16_24_R1041_HPRC_HG00235_4_dorado0.9.5_sup5.0.0_5mCG_5hmCG.bam','s3://human-pangenomics/working/HPRC/HG00235/raw_data/nanopore/sup5.0.0_5mCG_5hmCG/10_10_23_R1041_HPRC_HG00235_1_dorado0.9.5_sup5.0.0_5mCG_5hmCG.bam','s3://human-pangenomics/working/HPRC/HG00235/raw_data/nanopore/sup5.0.0_5mCG_5hmCG/10_10_23_R1041_HPRC_HG00235_2_dorado0.9.5_sup5.0.0_5mCG_5hmCG.bam','s3://human-pangenomics/working/HPRC/HG00235/raw_data/nanopore/sup5.0.0_5mCG_5hmCG/10_10_23_R1041_HPRC_HG00235_3_dorado0.9.5_sup5.0.0_5mCG_5hmCG.bam']	[--unitig-abundance 8]
HG00236	['s3://human-pangenomics/working/HPRC/HG00236/raw_data/hic/HG00236-1_FC1_S7_L001_R2_001.fastq.gz','s3://human-pangenomics/working/HPRC/HG00236/raw_data/hic/HG00236-2_FC1_S8_L001_R2_001.fastq.gz','s3://human-pangenomics/working/HPRC/HG00236/raw_data/hic/HG00236-2_FC1_S8_L001_R1_001.fastq.gz','s3://human-pangenomics/working/HPRC/HG00236/raw_data/hic/HG00236-1_FC1_S7_L001_R1_001.fastq.gz','s3://human-pangenomics/working/HPRC/HG00236/raw_data/hic/HG00236-2_FC2_S8_L001_R1_001.fastq.gz','s3://human-pangenomics/working/HPRC/HG00236/raw_data/hic/HG00236-1_FC2_S7_L001_R1_001.fastq.gz','s3://human-pangenomics/working/HPRC/HG00236/raw_data/hic/HG00236-1_FC2_S7_L001_R2_001.fastq.gz','s3://human-pangenomics/working/HPRC/HG00236/raw_data/hic/HG00236-2_FC2_S8_L001_R2_001.fastq.gz']	['s3://human-pangenomics/working/HPRC/HG00236/raw_data/PacBio_HiFi/m84081_240501_202516_s2.hifi_reads.bc2007.bam','s3://human-pangenomics/working/HPRC/HG00236/raw_data/PacBio_HiFi/m84081_240521_200850_s2.hifi_reads.bc2007.bam']	['s3://human-pangenomics/working/HPRC/HG00236/raw_data/Illumina/child/HG00236.final.fq.gz']	['s3://human-pangenomics/working/HPRC/HG00236/raw_data/nanopore/sup5.0.0/10_21_24_R1041_UL_HPRC_HG00236_1_dorado0.9.1_sup5.0.0.bam','s3://human-pangenomics/working/HPRC/HG00236/raw_data/nanopore/sup5.0.0/10_21_24_R1041_UL_HPRC_HG00236_2_dorado0.9.1_sup5.0.0.bam','s3://human-pangenomics/working/HPRC/HG00236/raw_data/nanopore/sup5.0.0/10_21_24_R1041_UL_HPRC_HG00236_3_dorado0.9.1_sup5.0.0.bam']	[--unitig-abundance 8]
HG00243	['s3://human-pangenomics/working/HPRC/HG00243/raw_data/hic/HG00243-1_FC1_S23_L002_R1_001.fastq.gz','s3://human-pangenomics/working/HPRC/HG00243/raw_data/hic/HG00243-1_FC1_S23_L002_R2_001.fastq.gz','s3://human-pangenomics/working/HPRC/HG00243/raw_data/hic/HG00243-1_FC2_S23_L002_R1_001.fastq.gz','s3://human-pangenomics/working/HPRC/HG00243/raw_data/hic/HG00243-1_FC2_S23_L002_R2_001.fastq.gz','s3://human-pangenomics/working/HPRC/HG00243/raw_data/hic/HG00243-2_FC1_S24_L002_R1_001.fastq.gz','s3://human-pangenomics/working/HPRC/HG00243/raw_data/hic/HG00243-2_FC1_S24_L002_R2_001.fastq.gz','s3://human-pangenomics/working/HPRC/HG00243/raw_data/hic/HG00243-2_FC2_S24_L002_R1_001.fastq.gz','s3://human-pangenomics/working/HPRC/HG00243/raw_data/hic/HG00243-2_FC2_S24_L002_R2_001.fastq.gz']	['s3://human-pangenomics/working/HPRC/HG00243/raw_data/PacBio_HiFi/m84091_230719_162122_s2.hifi_reads.bc1018.bam','s3://human-pangenomics/working/HPRC/HG00243/raw_data/PacBio_HiFi/m84091_230712_180444_s4.hifi_reads.bc1018.bam']	['s3://human-pangenomics/working/HPRC/HG00243/raw_data/Illumina/child/HG00243.final.fq.gz']	['s3://human-pangenomics/working/HPRC/HG00243/raw_data/nanopore/sup5.0.0_5mCG_5hmCG/10_31_23_R1041_HPRC_HG00243_1_dorado0.9.5_sup5.0.0_5mCG_5hmCG.bam','s3://human-pangenomics/working/HPRC/HG00243/raw_data/nanopore/sup5.0.0_5mCG_5hmCG/10_31_23_R1041_HPRC_HG00243_2_dorado0.9.5_sup5.0.0_5mCG_5hmCG.bam','s3://human-pangenomics/working/HPRC/HG00243/raw_data/nanopore/sup5.0.0_5mCG_5hmCG/10_31_23_R1041_HPRC_HG00243_3_dorado0.9.5_sup5.0.0_5mCG_5hmCG.bam']	[--unitig-abundance 8]
HG00245	['s3://human-pangenomics/working/HPRC/HG00245/raw_data/hic/HG00245-1_FC2_S47_L004_R1_001.fastq.gz','s3://human-pangenomics/working/HPRC/HG00245/raw_data/hic/HG00245-2_FC2_S48_L004_R1_001.fastq.gz','s3://human-pangenomics/working/HPRC/HG00245/raw_data/hic/HG00245-2_FC2_S48_L004_R2_001.fastq.gz','s3://human-pangenomics/working/HPRC/HG00245/raw_data/hic/HG00245-2_FC1_S48_L004_R1_001.fastq.gz','s3://human-pangenomics/working/HPRC/HG00245/raw_data/hic/HG00245-1_FC1_S47_L004_R1_001.fastq.gz','s3://human-pangenomics/working/HPRC/HG00245/raw_data/hic/HG00245-2_FC1_S48_L004_R2_001.fastq.gz','s3://human-pangenomics/working/HPRC/HG00245/raw_data/hic/HG00245-1_FC1_S47_L004_R2_001.fastq.gz','s3://human-pangenomics/working/HPRC/HG00245/raw_data/hic/HG00245-1_FC2_S47_L004_R2_001.fastq.gz']	['s3://human-pangenomics/working/HPRC/HG00245/raw_data/PacBio_HiFi/m84046_240313_225116_s1.hifi_reads.bc2030.bam','s3://human-pangenomics/working/HPRC/HG00245/raw_data/PacBio_HiFi/m84046_240305_031802_s4.hifi_reads.bc2030.bam','s3://human-pangenomics/working/HPRC/HG00245/raw_data/PacBio_HiFi/m84046_240302_164114_s4.hifi_reads.bc2030.bam','s3://human-pangenomics/working/HPRC/HG00245/raw_data/PacBio_HiFi/m84046_240327_225434_s3.hifi_reads.bc2030.bam']	['s3://human-pangenomics/working/HPRC/HG00245/raw_data/Illumina/child/HG00245.final.fq.gz']	['s3://human-pangenomics/working/HPRC/HG00245/raw_data/nanopore/sup5.0.0/10_21_24_R1041_UL_HPRC_HG00245_1_dorado0.9.1_sup5.0.0.bam','s3://human-pangenomics/working/HPRC/HG00245/raw_data/nanopore/sup5.0.0/10_21_24_R1041_UL_HPRC_HG00245_2_dorado0.9.1_sup5.0.0.bam','s3://human-pangenomics/working/HPRC/HG00245/raw_data/nanopore/sup5.0.0/10_21_24_R1041_UL_HPRC_HG00245_3_dorado0.9.1_sup5.0.0.bam']	[--unitig-abundance 8]
HG00253	['s3://human-pangenomics/working/HPRC/HG00253/raw_data/hic/HG00253-2_FC1_S34_L002_R1_001.fastq.gz','s3://human-pangenomics/working/HPRC/HG00253/raw_data/hic/HG00253-2_FC1_S34_L002_R2_001.fastq.gz','s3://human-pangenomics/working/HPRC/HG00253/raw_data/hic/HG00253-2_FC3_S34_L002_R1_001.fastq.gz','s3://human-pangenomics/working/HPRC/HG00253/raw_data/hic/HG00253-2_FC3_S34_L002_R2_001.fastq.gz','s3://human-pangenomics/working/HPRC/HG00253/raw_data/hic/HG00253-2_FC4_S34_L002_R1_001.fastq.gz','s3://human-pangenomics/working/HPRC/HG00253/raw_data/hic/HG00253-2_FC4_S34_L002_R2_001.fastq.gz','s3://human-pangenomics/working/HPRC/HG00253/raw_data/hic/HG00253-1_FC1_S33_L002_R1_001.fastq.gz','s3://human-pangenomics/working/HPRC/HG00253/raw_data/hic/HG00253-1_FC1_S33_L002_R2_001.fastq.gz','s3://human-pangenomics/working/HPRC/HG00253/raw_data/hic/HG00253-1_FC3_S33_L002_R1_001.fastq.gz','s3://human-pangenomics/working/HPRC/HG00253/raw_data/hic/HG00253-1_FC3_S33_L002_R2_001.fastq.gz','s3://human-pangenomics/working/HPRC/HG00253/raw_data/hic/HG00253-1_FC4_S33_L002_R1_001.fastq.gz','s3://human-pangenomics/working/HPRC/HG00253/raw_data/hic/HG00253-1_FC4_S33_L002_R2_001.fastq.gz','s3://human-pangenomics/working/HPRC/HG00253/raw_data/hic/HG00253-2_FC2_S34_L002_R1_001.fastq.gz','s3://human-pangenomics/working/HPRC/HG00253/raw_data/hic/HG00253-2_FC2_S34_L002_R2_001.fastq.gz','s3://human-pangenomics/working/HPRC/HG00253/raw_data/hic/HG00253-1_FC2_S33_L002_R1_001.fastq.gz','s3://human-pangenomics/working/HPRC/HG00253/raw_data/hic/HG00253-1_FC2_S33_L002_R2_001.fastq.gz']	['s3://human-pangenomics/working/HPRC/HG00253/raw_data/PacBio_HiFi/m84091_230721_134835_s1.hifi_reads.bc1003.bam','s3://human-pangenomics/working/HPRC/HG00253/raw_data/PacBio_HiFi/m84091_230727_143029_s4.hifi_reads.bc1003.bam']	['s3://human-pangenomics/working/HPRC/HG00253/raw_data/Illumina/child/HG00253.final.cram']	['s3://human-pangenomics/working/HPRC/HG00253/raw_data/nanopore/sup5.0.0_5mCG_5hmCG/01_16_24_R1041_HPRC_HG00253_1_dorado0.9.5_sup5.0.0_5mCG_5hmCG.bam','s3://human-pangenomics/working/HPRC/HG00253/raw_data/nanopore/sup5.0.0_5mCG_5hmCG/01_16_24_R1041_HPRC_HG00253_2_dorado0.9.5_sup5.0.0_5mCG_5hmCG.bam','s3://human-pangenomics/working/HPRC/HG00253/raw_data/nanopore/sup5.0.0_5mCG_5hmCG/01_16_24_R1041_HPRC_HG00253_3_dorado0.9.5_sup5.0.0_5mCG_5hmCG.bam','s3://human-pangenomics/working/HPRC/HG00253/raw_data/nanopore/sup5.0.0_5mCG_5hmCG/10_31_23_R1041_HPRC_HG00253_1_dorado0.9.5_sup5.0.0_5mCG_5hmCG.bam','s3://human-pangenomics/working/HPRC/HG00253/raw_data/nanopore/sup5.0.0_5mCG_5hmCG/10_31_23_R1041_HPRC_HG00253_2_dorado0.9.5_sup5.0.0_5mCG_5hmCG.bam','s3://human-pangenomics/working/HPRC/HG00253/raw_data/nanopore/sup5.0.0_5mCG_5hmCG/10_31_23_R1041_HPRC_HG00253_3_dorado0.9.5_sup5.0.0_5mCG_5hmCG.bam']	[--unitig-abundance 8]
HG00254	['s3://human-pangenomics/working/HPRC/HG00254/raw_data/hic/HG00254-2_FC1_S40_L004_R2_001.fastq.gz','s3://human-pangenomics/working/HPRC/HG00254/raw_data/hic/HG00254-2_FC2_S40_L004_R1_001.fastq.gz','s3://human-pangenomics/working/HPRC/HG00254/raw_data/hic/HG00254-1_FC1_S39_L004_R2_001.fastq.gz','s3://human-pangenomics/working/HPRC/HG00254/raw_data/hic/HG00254-2_FC1_S40_L004_R1_001.fastq.gz','s3://human-pangenomics/working/HPRC/HG00254/raw_data/hic/HG00254-1_FC2_S39_L004_R1_001.fastq.gz','s3://human-pangenomics/working/HPRC/HG00254/raw_data/hic/HG00254-1_FC1_S39_L004_R1_001.fastq.gz','s3://human-pangenomics/working/HPRC/HG00254/raw_data/hic/HG00254-2_FC2_S40_L004_R2_001.fastq.gz','s3://human-pangenomics/working/HPRC/HG00254/raw_data/hic/HG00254-1_FC2_S39_L004_R2_001.fastq.gz']	['s3://human-pangenomics/working/HPRC/HG00254/raw_data/PacBio_HiFi/m84203_240521_182323_s2.hifi_reads.bc1021.bam','s3://human-pangenomics/working/HPRC/HG00254/raw_data/PacBio_HiFi/m84203_240515_205634_s3.hifi_reads.bc1021.bam','s3://human-pangenomics/working/HPRC/HG00254/raw_data/PacBio_HiFi/m84203_240517_225815_s2.hifi_reads.bc1021.bam']	['s3://human-pangenomics/working/HPRC/HG00254/raw_data/Illumina/child/HG00254.final.fq.gz']	['s3://human-pangenomics/working/HPRC/HG00254/raw_data/nanopore/sup5.0.0/10_21_24_R1041_UL_HPRC_HG00254_1_dorado0.9.1_sup5.0.0.bam','s3://human-pangenomics/working/HPRC/HG00254/raw_data/nanopore/sup5.0.0/10_21_24_R1041_UL_HPRC_HG00254_2_dorado0.9.1_sup5.0.0.bam','s3://human-pangenomics/working/HPRC/HG00254/raw_data/nanopore/sup5.0.0/10_21_24_R1041_UL_HPRC_HG00254_3_dorado0.9.1_sup5.0.0.bam']	[--unitig-abundance 8]
HG00258	['s3://human-pangenomics/working/HPRC/HG00258/raw_data/hic/HG00258-1_FC1_S13_L002_R1_001.fastq.gz','s3://human-pangenomics/working/HPRC/HG00258/raw_data/hic/HG00258-1_FC1_S13_L002_R2_001.fastq.gz','s3://human-pangenomics/working/HPRC/HG00258/raw_data/hic/HG00258-1_FC2_S13_L002_R1_001.fastq.gz','s3://human-pangenomics/working/HPRC/HG00258/raw_data/hic/HG00258-1_FC2_S13_L002_R2_001.fastq.gz','s3://human-pangenomics/working/HPRC/HG00258/raw_data/hic/HG00258-2_FC1_S14_L002_R1_001.fastq.gz','s3://human-pangenomics/working/HPRC/HG00258/raw_data/hic/HG00258-2_FC1_S14_L002_R2_001.fastq.gz','s3://human-pangenomics/working/HPRC/HG00258/raw_data/hic/HG00258-2_FC2_S14_L002_R1_001.fastq.gz','s3://human-pangenomics/working/HPRC/HG00258/raw_data/hic/HG00258-2_FC2_S14_L002_R2_001.fastq.gz']	['s3://human-pangenomics/working/HPRC/HG00258/raw_data/PacBio_HiFi/m84046_230724_190043_s1.hifi_reads.bc2096.bam','s3://human-pangenomics/working/HPRC/HG00258/raw_data/PacBio_HiFi/m84046_230724_200213_s3.hifi_reads.bc2096.bam','s3://human-pangenomics/working/HPRC/HG00258/raw_data/PacBio_HiFi/m84046_230724_193107_s2.hifi_reads.bc2096.bam','s3://human-pangenomics/working/HPRC/HG00258/raw_data/PacBio_HiFi/m84046_230728_232723_s1.hifi_reads.bc2096.bam']	['s3://human-pangenomics/working/HPRC/HG00258/raw_data/Illumina/child/HG00258.final.fq.gz']	['s3://human-pangenomics/working/HPRC/HG00258/raw_data/nanopore/sup5.0.0_5mCG_5hmCG/10_17_23_R1041_HPRC_HG00258_1_dorado0.9.5_sup5.0.0_5mCG_5hmCG.bam','s3://human-pangenomics/working/HPRC/HG00258/raw_data/nanopore/sup5.0.0_5mCG_5hmCG/10_17_23_R1041_HPRC_HG00258_2_dorado0.9.5_sup5.0.0_5mCG_5hmCG.bam','s3://human-pangenomics/working/HPRC/HG00258/raw_data/nanopore/sup5.0.0_5mCG_5hmCG/10_17_23_R1041_HPRC_HG00258_3_dorado0.9.5_sup5.0.0_5mCG_5hmCG.bam']	[--unitig-abundance 8]
HG00272	['s3://human-pangenomics/working/HPRC/HG00272/raw_data/hic/HG00272-2_FC1_S4_L001_R1_001.fastq.gz','s3://human-pangenomics/working/HPRC/HG00272/raw_data/hic/HG00272-2_FC1_S4_L001_R2_001.fastq.gz','s3://human-pangenomics/working/HPRC/HG00272/raw_data/hic/HG00272-2_FC3_S4_L001_R1_001.fastq.gz','s3://human-pangenomics/working/HPRC/HG00272/raw_data/hic/HG00272-2_FC3_S4_L001_R2_001.fastq.gz','s3://human-pangenomics/working/HPRC/HG00272/raw_data/hic/HG00272-2_FC4_S4_L001_R1_001.fastq.gz','s3://human-pangenomics/working/HPRC/HG00272/raw_data/hic/HG00272-2_FC4_S4_L001_R2_001.fastq.gz','s3://human-pangenomics/working/HPRC/HG00272/raw_data/hic/HG00272-2_FC2_S4_L001_R1_001.fastq.gz','s3://human-pangenomics/working/HPRC/HG00272/raw_data/hic/HG00272-2_FC2_S4_L001_R2_001.fastq.gz','s3://human-pangenomics/working/HPRC/HG00272/raw_data/hic/HG00272-1_FC1_S3_L001_R1_001.fastq.gz','s3://human-pangenomics/working/HPRC/HG00272/raw_data/hic/HG00272-1_FC1_S3_L001_R2_001.fastq.gz','s3://human-pangenomics/working/HPRC/HG00272/raw_data/hic/HG00272-1_FC4_S3_L001_R1_001.fastq.gz','s3://human-pangenomics/working/HPRC/HG00272/raw_data/hic/HG00272-1_FC4_S3_L001_R2_001.fastq.gz','s3://human-pangenomics/working/HPRC/HG00272/raw_data/hic/HG00272-1_FC3_S3_L001_R1_001.fastq.gz','s3://human-pangenomics/working/HPRC/HG00272/raw_data/hic/HG00272-1_FC3_S3_L001_R2_001.fastq.gz','s3://human-pangenomics/working/HPRC/HG00272/raw_data/hic/HG00272-1_FC2_S3_L001_R1_001.fastq.gz','s3://human-pangenomics/working/HPRC/HG00272/raw_data/hic/HG00272-1_FC2_S3_L001_R2_001.fastq.gz']	['s3://human-pangenomics/working/HPRC/HG00272/raw_data/PacBio_HiFi/m84046_230718_223822_s1.hifi_reads.bc2087.bam','s3://human-pangenomics/working/HPRC/HG00272/raw_data/PacBio_HiFi/m84046_230716_054822_s4.hifi_reads.bc2087.bam','s3://human-pangenomics/working/HPRC/HG00272/raw_data/PacBio_HiFi/m84046_230719_001055_s4.hifi_reads.bc2087.bam','s3://human-pangenomics/working/HPRC/HG00272/raw_data/PacBio_HiFi/m84046_230716_051716_s3.hifi_reads.bc2087.bam']	['s3://human-pangenomics/working/HPRC/HG00272/raw_data/Illumina/child/HG00272.final.cram']	['s3://human-pangenomics/working/HPRC/HG00272/raw_data/nanopore/sup5.0.0_5mCG_5hmCG/08_08_23_R1041_HPRC_HG00272_1_dorado0.9.5_sup5.0.0_5mCG_5hmCG.bam','s3://human-pangenomics/working/HPRC/HG00272/raw_data/nanopore/sup5.0.0_5mCG_5hmCG/08_08_23_R1041_HPRC_HG00272_2_dorado0.9.5_sup5.0.0_5mCG_5hmCG.bam','s3://human-pangenomics/working/HPRC/HG00272/raw_data/nanopore/sup5.0.0_5mCG_5hmCG/08_08_23_R1041_HPRC_HG00272_3_dorado0.9.5_sup5.0.0_5mCG_5hmCG.bam']	[--unitig-abundance 8]
HG00280	['s3://human-pangenomics/working/HPRC/HG00280/raw_data/hic/HG00280-2_S29_L001_R1_001.fastq.gz','s3://human-pangenomics/working/HPRC/HG00280/raw_data/hic/HG00280-2_S29_L001_R2_001.fastq.gz','s3://human-pangenomics/working/HPRC/HG00280/raw_data/hic/HG00280-2_S29_L004_R1_001.fastq.gz','s3://human-pangenomics/working/HPRC/HG00280/raw_data/hic/HG00280-2_S29_L004_R2_001.fastq.gz','s3://human-pangenomics/working/HPRC/HG00280/raw_data/hic/HG00280-2_S29_L002_R1_001.fastq.gz','s3://human-pangenomics/working/HPRC/HG00280/raw_data/hic/HG00280-2_S29_L002_R2_001.fastq.gz','s3://human-pangenomics/working/HPRC/HG00280/raw_data/hic/HG00280-2_S29_L003_R1_001.fastq.gz','s3://human-pangenomics/working/HPRC/HG00280/raw_data/hic/HG00280-2_S29_L003_R2_001.fastq.gz','s3://human-pangenomics/working/HPRC/HG00280/raw_data/hic/HG00280-1_S21_L001_R1_001.fastq.gz','s3://human-pangenomics/working/HPRC/HG00280/raw_data/hic/HG00280-1_S21_L001_R2_001.fastq.gz','s3://human-pangenomics/working/HPRC/HG00280/raw_data/hic/HG00280-1_S21_L004_R1_001.fastq.gz','s3://human-pangenomics/working/HPRC/HG00280/raw_data/hic/HG00280-1_S21_L004_R2_001.fastq.gz','s3://human-pangenomics/working/HPRC/HG00280/raw_data/hic/HG00280-1_S21_L002_R1_001.fastq.gz','s3://human-pangenomics/working/HPRC/HG00280/raw_data/hic/HG00280-1_S21_L002_R2_001.fastq.gz','s3://human-pangenomics/working/HPRC/HG00280/raw_data/hic/HG00280-1_S21_L003_R1_001.fastq.gz','s3://human-pangenomics/working/HPRC/HG00280/raw_data/hic/HG00280-1_S21_L003_R2_001.fastq.gz']	['s3://human-pangenomics/working/HPRC/HG00280/raw_data/PacBio_HiFi/deepconsensus/v1pt2/HG00280.m54329U_220901_221341.dc.q20.fastq.gz','s3://human-pangenomics/working/HPRC/HG00280/raw_data/PacBio_HiFi/deepconsensus/v1pt2/HG00280.m64076_220831_191646.dc.q20.fastq.gz','s3://human-pangenomics/working/HPRC/HG00280/raw_data/PacBio_HiFi/deepconsensus/v1pt2/HG00280.m64457e_220825_195635.dc.q20.fastq.gz','s3://human-pangenomics/working/HPRC/HG00280/raw_data/PacBio_HiFi/m84046_230628_213236_s2.hifi_reads.bc2051.bam']	['s3://human-pangenomics/working/HPRC/HG00280/raw_data/Illumina/child/HG00280.final.cram']	['s3://human-pangenomics/working/HPRC/HG00280/raw_data/nanopore/sup5.0.0_5mCG_5hmCG/11_18_24_R1041_UL_HPRC_HG00280_1_dorado0.9.1_sup5.0.0_5mCG_5hmCG.bam','s3://human-pangenomics/working/HPRC/HG00280/raw_data/nanopore/sup5.0.0_5mCG_5hmCG/11_18_24_R1041_UL_HPRC_HG00280_2_dorado0.9.1_sup5.0.0_5mCG_5hmCG.bam','s3://human-pangenomics/working/HPRC/HG00280/raw_data/nanopore/guppy_6/09_14_22_R941_HG00280_1_Guppy_6.5.7_450bps_modbases_5mc_cg_sup_prom_pass.bam','s3://human-pangenomics/working/HPRC/HG00280/raw_data/nanopore/guppy_6/09_14_22_R941_HG00280_2_Guppy_6.5.7_450bps_modbases_5mc_cg_sup_prom_pass.bam','s3://human-pangenomics/working/HPRC/HG00280/raw_data/nanopore/guppy_6/09_14_22_R941_HG00280_3_Guppy_6.5.7_450bps_modbases_5mc_cg_sup_prom_pass.bam']	[--unitig-abundance 8]
HG00290	['s3://human-pangenomics/working/HPRC/HG00290/raw_data/hic/HG00290-1_FC2_S7_L004_R1_001.fastq.gz','s3://human-pangenomics/working/HPRC/HG00290/raw_data/hic/HG00290-1_FC2_S7_L004_R2_001.fastq.gz','s3://human-pangenomics/working/HPRC/HG00290/raw_data/hic/HG00290-1_FC1_S7_L004_R1_001.fastq.gz','s3://human-pangenomics/working/HPRC/HG00290/raw_data/hic/HG00290-1_FC1_S7_L004_R2_001.fastq.gz','s3://human-pangenomics/working/HPRC/HG00290/raw_data/hic/HG00290-2_FC2_S8_L004_R1_001.fastq.gz','s3://human-pangenomics/working/HPRC/HG00290/raw_data/hic/HG00290-2_FC2_S8_L004_R2_001.fastq.gz','s3://human-pangenomics/working/HPRC/HG00290/raw_data/hic/HG00290-2_FC1_S8_L004_R1_001.fastq.gz','s3://human-pangenomics/working/HPRC/HG00290/raw_data/hic/HG00290-2_FC1_S8_L004_R2_001.fastq.gz']	['s3://human-pangenomics/working/HPRC/HG00290/raw_data/PacBio_HiFi/m84046_230712_224626_s1.hifi_reads.bc2052.bam','s3://human-pangenomics/working/HPRC/HG00290/raw_data/PacBio_HiFi/m84046_230630_233157_s3.bc2052--bc2052.bam','s3://human-pangenomics/working/HPRC/HG00290/raw_data/PacBio_HiFi/m84046_230627_201017_s1.hifi_reads.bc2052.bam','s3://human-pangenomics/working/HPRC/HG00290/raw_data/PacBio_HiFi/m84046_230627_204123_s2.hifi_reads.bc2052.bam','s3://human-pangenomics/working/HPRC/HG00290/raw_data/PacBio_HiFi/m84046_230623_203534_s4.hifi_reads.bc2052.bam']	['s3://human-pangenomics/working/HPRC/HG00290/raw_data/Illumina/child/HG00290.final.cram']	['s3://human-pangenomics/working/HPRC/HG00290/raw_data/nanopore/sup5.0.0_5mCG_5hmCG/01_23_24_R1041_HPRC_HG00290_1_dorado0.9.5_sup5.0.0_5mCG_5hmCG.bam','s3://human-pangenomics/working/HPRC/HG00290/raw_data/nanopore/sup5.0.0_5mCG_5hmCG/01_23_24_R1041_HPRC_HG00290_2_dorado0.9.5_sup5.0.0_5mCG_5hmCG.bam','s3://human-pangenomics/working/HPRC/HG00290/raw_data/nanopore/sup5.0.0_5mCG_5hmCG/11_7_23_R1041_HPRC_HG00290_1_dorado0.9.5_sup5.0.0_5mCG_5hmCG.bam','s3://human-pangenomics/working/HPRC/HG00290/raw_data/nanopore/sup5.0.0_5mCG_5hmCG/11_7_23_R1041_HPRC_HG00290_2_dorado0.9.5_sup5.0.0_5mCG_5hmCG.bam','s3://human-pangenomics/working/HPRC/HG00290/raw_data/nanopore/sup5.0.0_5mCG_5hmCG/11_7_23_R1041_HPRC_HG00290_3_dorado0.9.5_sup5.0.0_5mCG_5hmCG.bam']	[--unitig-abundance 8]
HG00320	['s3://human-pangenomics/working/HPRC/HG00320/raw_data/hic/HG00320-1_FC1_S9_L003_R1_001.fastq.gz','s3://human-pangenomics/working/HPRC/HG00320/raw_data/hic/HG00320-1_FC1_S9_L003_R2_001.fastq.gz','s3://human-pangenomics/working/HPRC/HG00320/raw_data/hic/HG00320-1_FC2_S9_L003_R1_001.fastq.gz','s3://human-pangenomics/working/HPRC/HG00320/raw_data/hic/HG00320-1_FC2_S9_L003_R2_001.fastq.gz','s3://human-pangenomics/working/HPRC/HG00320/raw_data/hic/HG00320-2_FC1_S10_L003_R1_001.fastq.gz','s3://human-pangenomics/working/HPRC/HG00320/raw_data/hic/HG00320-2_FC1_S10_L003_R2_001.fastq.gz','s3://human-pangenomics/working/HPRC/HG00320/raw_data/hic/HG00320-2_FC2_S10_L003_R1_001.fastq.gz','s3://human-pangenomics/working/HPRC/HG00320/raw_data/hic/HG00320-2_FC2_S10_L003_R2_001.fastq.gz']	['s3://human-pangenomics/working/HPRC/HG00320/raw_data/PacBio_HiFi/m84081_230610_202430_s3.hifi_reads.bc2011.bam','s3://human-pangenomics/working/HPRC/HG00320/raw_data/PacBio_HiFi/m84081_230610_205536_s4.hifi_reads.bc2011.bam']	['s3://human-pangenomics/working/HPRC/HG00320/raw_data/Illumina/child/HG00320.final.cram']	['s3://human-pangenomics/working/HPRC/HG00320/raw_data/nanopore/sup5.0.0_5mCG_5hmCG/12_12_23_R1041_HPRC_HG00320_1_dorado0.9.5_sup5.0.0_5mCG_5hmCG.bam','s3://human-pangenomics/working/HPRC/HG00320/raw_data/nanopore/sup5.0.0_5mCG_5hmCG/12_12_23_R1041_HPRC_HG00320_2_dorado0.9.5_sup5.0.0_5mCG_5hmCG.bam','s3://human-pangenomics/working/HPRC/HG00320/raw_data/nanopore/sup5.0.0_5mCG_5hmCG/12_12_23_R1041_HPRC_HG00320_3_dorado0.9.5_sup5.0.0_5mCG_5hmCG.bam']	[--unitig-abundance 8]
HG00321	['s3://human-pangenomics/working/HPRC/HG00321/raw_data/hic/HG00321-2_FC1_S12_L003_R1_001.fastq.gz','s3://human-pangenomics/working/HPRC/HG00321/raw_data/hic/HG00321-2_FC1_S12_L003_R2_001.fastq.gz','s3://human-pangenomics/working/HPRC/HG00321/raw_data/hic/HG00321-2_FC2_S12_L003_R1_001.fastq.gz','s3://human-pangenomics/working/HPRC/HG00321/raw_data/hic/HG00321-2_FC2_S12_L003_R2_001.fastq.gz','s3://human-pangenomics/working/HPRC/HG00321/raw_data/hic/HG00321-1_FC1_S11_L003_R1_001.fastq.gz','s3://human-pangenomics/working/HPRC/HG00321/raw_data/hic/HG00321-1_FC1_S11_L003_R2_001.fastq.gz','s3://human-pangenomics/working/HPRC/HG00321/raw_data/hic/HG00321-1_FC2_S11_L003_R1_001.fastq.gz','s3://human-pangenomics/working/HPRC/HG00321/raw_data/hic/HG00321-1_FC2_S11_L003_R2_001.fastq.gz']	['s3://human-pangenomics/working/HPRC/HG00321/raw_data/PacBio_HiFi/m84081_230630_190803_s1.hifi_reads.bc2015.bam','s3://human-pangenomics/working/HPRC/HG00321/raw_data/PacBio_HiFi/m84081_230630_193909_s2.hifi_reads.bc2015.bam','s3://human-pangenomics/working/HPRC/HG00321/raw_data/PacBio_HiFi/m84081_230623_215414_s4.hifi_reads.bc2015.bam','s3://human-pangenomics/working/HPRC/HG00321/raw_data/PacBio_HiFi/m84081_230623_212309_s3.hifi_reads.bc2015.bam']	['s3://human-pangenomics/working/HPRC/HG00321/raw_data/Illumina/child/HG00321.final.cram']	['s3://human-pangenomics/working/HPRC/HG00321/raw_data/nanopore/sup5.0.0_5mCG_5hmCG/01_16_24_R1041_HPRC_HG00321_1_dorado0.9.5_sup5.0.0_5mCG_5hmCG.bam','s3://human-pangenomics/working/HPRC/HG00321/raw_data/nanopore/sup5.0.0_5mCG_5hmCG/01_16_24_R1041_HPRC_HG00321_2_dorado0.9.5_sup5.0.0_5mCG_5hmCG.bam','s3://human-pangenomics/working/HPRC/HG00321/raw_data/nanopore/sup5.0.0_5mCG_5hmCG/01_16_24_R1041_HPRC_HG00321_3_dorado0.9.5_sup5.0.0_5mCG_5hmCG.bam','s3://human-pangenomics/working/HPRC/HG00321/raw_data/nanopore/sup5.0.0_5mCG_5hmCG/11_7_23_R1041_HPRC_HG00321_1_dorado0.9.5_sup5.0.0_5mCG_5hmCG.bam','s3://human-pangenomics/working/HPRC/HG00321/raw_data/nanopore/sup5.0.0_5mCG_5hmCG/11_7_23_R1041_HPRC_HG00321_2_dorado0.9.5_sup5.0.0_5mCG_5hmCG.bam','s3://human-pangenomics/working/HPRC/HG00321/raw_data/nanopore/sup5.0.0_5mCG_5hmCG/11_7_23_R1041_HPRC_HG00321_3_dorado0.9.5_sup5.0.0_5mCG_5hmCG.bam']	[--unitig-abundance 8]
HG00323	['s3://human-pangenomics/working/HPRC/HG00323/raw_data/hic/HG00323-1_S23_L003_R1_001.fastq.gz','s3://human-pangenomics/working/HPRC/HG00323/raw_data/hic/HG00323-1_S23_L003_R2_001.fastq.gz','s3://human-pangenomics/working/HPRC/HG00323/raw_data/hic/HG00323-1_S23_L004_R1_001.fastq.gz','s3://human-pangenomics/working/HPRC/HG00323/raw_data/hic/HG00323-1_S23_L004_R2_001.fastq.gz','s3://human-pangenomics/working/HPRC/HG00323/raw_data/hic/HG00323-1_S23_L001_R1_001.fastq.gz','s3://human-pangenomics/working/HPRC/HG00323/raw_data/hic/HG00323-1_S23_L001_R2_001.fastq.gz','s3://human-pangenomics/working/HPRC/HG00323/raw_data/hic/HG00323-1_S23_L002_R1_001.fastq.gz','s3://human-pangenomics/working/HPRC/HG00323/raw_data/hic/HG00323-1_S23_L002_R2_001.fastq.gz','s3://human-pangenomics/working/HPRC/HG00323/raw_data/hic/HG00323-2_S31_L003_R1_001.fastq.gz','s3://human-pangenomics/working/HPRC/HG00323/raw_data/hic/HG00323-2_S31_L003_R2_001.fastq.gz','s3://human-pangenomics/working/HPRC/HG00323/raw_data/hic/HG00323-2_S31_L004_R1_001.fastq.gz','s3://human-pangenomics/working/HPRC/HG00323/raw_data/hic/HG00323-2_S31_L004_R2_001.fastq.gz','s3://human-pangenomics/working/HPRC/HG00323/raw_data/hic/HG00323-2_S31_L001_R1_001.fastq.gz','s3://human-pangenomics/working/HPRC/HG00323/raw_data/hic/HG00323-2_S31_L001_R2_001.fastq.gz','s3://human-pangenomics/working/HPRC/HG00323/raw_data/hic/HG00323-2_S31_L002_R1_001.fastq.gz','s3://human-pangenomics/working/HPRC/HG00323/raw_data/hic/HG00323-2_S31_L002_R2_001.fastq.gz']	['s3://human-pangenomics/working/HPRC/HG00323/raw_data/PacBio_HiFi/deepconsensus/v1pt2/HG00323.m64043_220728_173215.dc.q20.fastq.gz','s3://human-pangenomics/working/HPRC/HG00323/raw_data/PacBio_HiFi/deepconsensus/v1pt2/HG00323.m64136_220708_205611.dc.q20.fastq.gz','s3://human-pangenomics/working/HPRC/HG00323/raw_data/PacBio_HiFi/deepconsensus/v1pt2/HG00323.m64136_220710_175208.dc.q20.fastq.gz','s3://human-pangenomics/working/HPRC/HG00323/raw_data/PacBio_HiFi/deepconsensus/v1pt2/HG00323.m64136_220712_144943.dc.q20.fastq.gz','s3://human-pangenomics/working/HPRC/HG00323/raw_data/PacBio_HiFi/m84081_230624_210225_s2.hifi_reads.bc1016.bam','s3://human-pangenomics/working/HPRC/HG00323/raw_data/PacBio_HiFi/m84081_230623_215414_s4.hifi_reads.bc1016.bam','s3://human-pangenomics/working/HPRC/HG00323/raw_data/PacBio_HiFi/m84081_230624_220437_s4.hifi_reads.bc1016.bam','s3://human-pangenomics/working/HPRC/HG00323/raw_data/PacBio_HiFi/m84081_230623_212309_s3.hifi_reads.bc1016.bam','s3://human-pangenomics/working/HPRC/HG00323/raw_data/PacBio_HiFi/m84081_230624_203119_s1.hifi_reads.bc1016.bam','s3://human-pangenomics/working/HPRC/HG00323/raw_data/PacBio_HiFi/m84081_230624_213331_s3.hifi_reads.bc1016.bam']	['s3://human-pangenomics/working/HPRC/HG00323/raw_data/Illumina/child/HG00323.final.cram']	['s3://human-pangenomics/working/HPRC/HG00323/raw_data/nanopore/sup5.0.0_5mCG_5hmCG/11_04_24_R1041_UL_HPRC_HG00323_1_dorado0.9.1_sup5.0.0_5mCG_5hmCG.bam','s3://human-pangenomics/working/HPRC/HG00323/raw_data/nanopore/sup5.0.0_5mCG_5hmCG/11_04_24_R1041_UL_HPRC_HG00323_2_dorado0.9.1_sup5.0.0_5mCG_5hmCG.bam','s3://human-pangenomics/working/HPRC/HG00323/raw_data/nanopore/sup5.0.0_5mCG_5hmCG/11_18_24_R1041_UL_HPRC_HG00323_1_dorado0.9.1_sup5.0.0_5mCG_5hmCG.bam','s3://human-pangenomics/working/HPRC/HG00323/raw_data/nanopore/guppy_6/06_28_22_R941_HG00323_1_Guppy_6.5.7_450bps_modbases_5mc_cg_sup_prom_pass.bam','s3://human-pangenomics/working/HPRC/HG00323/raw_data/nanopore/guppy_6/06_28_22_R941_HG00323_2_Guppy_6.5.7_450bps_modbases_5mc_cg_sup_prom_pass.bam','s3://human-pangenomics/working/HPRC/HG00323/raw_data/nanopore/guppy_6/06_28_22_R941_HG00323_3_Guppy_6.5.7_450bps_modbases_5mc_cg_sup_prom_pass.bam']	[--unitig-abundance 8]
HG00329	['s3://human-pangenomics/working/HPRC/HG00329/raw_data/hic/HG00329-2_FC1_S40_L002_R1_001.fastq.gz','s3://human-pangenomics/working/HPRC/HG00329/raw_data/hic/HG00329-2_FC1_S40_L002_R2_001.fastq.gz','s3://human-pangenomics/working/HPRC/HG00329/raw_data/hic/HG00329-1_FC1_S39_L002_R1_001.fastq.gz','s3://human-pangenomics/working/HPRC/HG00329/raw_data/hic/HG00329-1_FC1_S39_L002_R2_001.fastq.gz','s3://human-pangenomics/working/HPRC/HG00329/raw_data/hic/HG00329-2_FC3_S40_L002_R1_001.fastq.gz','s3://human-pangenomics/working/HPRC/HG00329/raw_data/hic/HG00329-2_FC3_S40_L002_R2_001.fastq.gz','s3://human-pangenomics/working/HPRC/HG00329/raw_data/hic/HG00329-1_FC3_S39_L002_R1_001.fastq.gz','s3://human-pangenomics/working/HPRC/HG00329/raw_data/hic/HG00329-1_FC3_S39_L002_R2_001.fastq.gz','s3://human-pangenomics/working/HPRC/HG00329/raw_data/hic/HG00329-1_FC4_S39_L002_R1_001.fastq.gz','s3://human-pangenomics/working/HPRC/HG00329/raw_data/hic/HG00329-1_FC4_S39_L002_R2_001.fastq.gz','s3://human-pangenomics/working/HPRC/HG00329/raw_data/hic/HG00329-2_FC4_S40_L002_R1_001.fastq.gz','s3://human-pangenomics/working/HPRC/HG00329/raw_data/hic/HG00329-2_FC4_S40_L002_R2_001.fastq.gz','s3://human-pangenomics/working/HPRC/HG00329/raw_data/hic/HG00329-1_FC2_S39_L002_R1_001.fastq.gz','s3://human-pangenomics/working/HPRC/HG00329/raw_data/hic/HG00329-1_FC2_S39_L002_R2_001.fastq.gz','s3://human-pangenomics/working/HPRC/HG00329/raw_data/hic/HG00329-2_FC2_S40_L002_R1_001.fastq.gz','s3://human-pangenomics/working/HPRC/HG00329/raw_data/hic/HG00329-2_FC2_S40_L002_R2_001.fastq.gz']	['s3://human-pangenomics/working/HPRC/HG00329/raw_data/PacBio_HiFi/m84091_230719_165228_s3.hifi_reads.bc1019.bam','s3://human-pangenomics/working/HPRC/HG00329/raw_data/PacBio_HiFi/m84091_230712_173338_s3.hifi_reads.bc1019.bam']	['s3://human-pangenomics/working/HPRC/HG00329/raw_data/Illumina/child/HG00329.final.cram']	['s3://human-pangenomics/working/HPRC/HG00329/raw_data/nanopore/sup5.0.0_5mCG_5hmCG/10_24_23_R1041_HPRC_HG00329_1_dorado0.9.5_sup5.0.0_5mCG_5hmCG.bam','s3://human-pangenomics/working/HPRC/HG00329/raw_data/nanopore/sup5.0.0_5mCG_5hmCG/10_24_23_R1041_HPRC_HG00329_2_dorado0.9.5_sup5.0.0_5mCG_5hmCG.bam','s3://human-pangenomics/working/HPRC/HG00329/raw_data/nanopore/sup5.0.0_5mCG_5hmCG/10_24_23_R1041_HPRC_HG00329_3_dorado0.9.5_sup5.0.0_5mCG_5hmCG.bam']	[--unitig-abundance 8]
HG00344	['s3://human-pangenomics/working/HPRC/HG00344/raw_data/hic/HG00344-2_FC1_S30_L002_R1_001.fastq.gz','s3://human-pangenomics/working/HPRC/HG00344/raw_data/hic/HG00344-2_FC1_S30_L002_R2_001.fastq.gz','s3://human-pangenomics/working/HPRC/HG00344/raw_data/hic/HG00344-2_FC3_S30_L002_R1_001.fastq.gz','s3://human-pangenomics/working/HPRC/HG00344/raw_data/hic/HG00344-2_FC3_S30_L002_R2_001.fastq.gz','s3://human-pangenomics/working/HPRC/HG00344/raw_data/hic/HG00344-2_FC4_S30_L002_R1_001.fastq.gz','s3://human-pangenomics/working/HPRC/HG00344/raw_data/hic/HG00344-2_FC4_S30_L002_R2_001.fastq.gz','s3://human-pangenomics/working/HPRC/HG00344/raw_data/hic/HG00344-2_FC2_S30_L002_R1_001.fastq.gz','s3://human-pangenomics/working/HPRC/HG00344/raw_data/hic/HG00344-2_FC2_S30_L002_R2_001.fastq.gz','s3://human-pangenomics/working/HPRC/HG00344/raw_data/hic/HG00344-1_FC1_S29_L002_R1_001.fastq.gz','s3://human-pangenomics/working/HPRC/HG00344/raw_data/hic/HG00344-1_FC1_S29_L002_R2_001.fastq.gz','s3://human-pangenomics/working/HPRC/HG00344/raw_data/hic/HG00344-1_FC3_S29_L002_R1_001.fastq.gz','s3://human-pangenomics/working/HPRC/HG00344/raw_data/hic/HG00344-1_FC3_S29_L002_R2_001.fastq.gz','s3://human-pangenomics/working/HPRC/HG00344/raw_data/hic/HG00344-1_FC4_S29_L002_R1_001.fastq.gz','s3://human-pangenomics/working/HPRC/HG00344/raw_data/hic/HG00344-1_FC4_S29_L002_R2_001.fastq.gz','s3://human-pangenomics/working/HPRC/HG00344/raw_data/hic/HG00344-1_FC2_S29_L002_R1_001.fastq.gz','s3://human-pangenomics/working/HPRC/HG00344/raw_data/hic/HG00344-1_FC2_S29_L002_R2_001.fastq.gz']	['s3://human-pangenomics/working/HPRC/HG00344/raw_data/PacBio_HiFi/m84046_230715_060901_s1.hifi_reads.bc2083.bam','s3://human-pangenomics/working/HPRC/HG00344/raw_data/PacBio_HiFi/m84046_230715_064007_s2.hifi_reads.bc2083.bam','s3://human-pangenomics/working/HPRC/HG00344/raw_data/PacBio_HiFi/m84046_230718_233949_s3.hifi_reads.bc2083.bam']	['s3://human-pangenomics/working/HPRC/HG00344/raw_data/Illumina/child/HG00344.final.cram']	['s3://human-pangenomics/working/HPRC/HG00344/raw_data/nanopore/sup5.0.0_5mCG_5hmCG/10_31_23_R1041_HPRC_HG00344_1_dorado0.9.5_sup5.0.0_5mCG_5hmCG.bam','s3://human-pangenomics/working/HPRC/HG00344/raw_data/nanopore/sup5.0.0_5mCG_5hmCG/10_31_23_R1041_HPRC_HG00344_2_dorado0.9.5_sup5.0.0_5mCG_5hmCG.bam','s3://human-pangenomics/working/HPRC/HG00344/raw_data/nanopore/sup5.0.0_5mCG_5hmCG/10_31_23_R1041_HPRC_HG00344_3_dorado0.9.5_sup5.0.0_5mCG_5hmCG.bam']	[--unitig-abundance 8]
HG00350	['s3://human-pangenomics/working/HPRC/HG00350/raw_data/hic/HG00350-1_FC1_S31_L002_R1_001.fastq.gz','s3://human-pangenomics/working/HPRC/HG00350/raw_data/hic/HG00350-1_FC1_S31_L002_R2_001.fastq.gz','s3://human-pangenomics/working/HPRC/HG00350/raw_data/hic/HG00350-1_FC3_S31_L002_R1_001.fastq.gz','s3://human-pangenomics/working/HPRC/HG00350/raw_data/hic/HG00350-1_FC3_S31_L002_R2_001.fastq.gz','s3://human-pangenomics/working/HPRC/HG00350/raw_data/hic/HG00350-2_FC1_S32_L002_R1_001.fastq.gz','s3://human-pangenomics/working/HPRC/HG00350/raw_data/hic/HG00350-2_FC1_S32_L002_R2_001.fastq.gz','s3://human-pangenomics/working/HPRC/HG00350/raw_data/hic/HG00350-1_FC4_S31_L002_R1_001.fastq.gz','s3://human-pangenomics/working/HPRC/HG00350/raw_data/hic/HG00350-1_FC4_S31_L002_R2_001.fastq.gz','s3://human-pangenomics/working/HPRC/HG00350/raw_data/hic/HG00350-2_FC3_S32_L002_R1_001.fastq.gz','s3://human-pangenomics/working/HPRC/HG00350/raw_data/hic/HG00350-2_FC3_S32_L002_R2_001.fastq.gz','s3://human-pangenomics/working/HPRC/HG00350/raw_data/hic/HG00350-2_FC4_S32_L002_R1_001.fastq.gz','s3://human-pangenomics/working/HPRC/HG00350/raw_data/hic/HG00350-2_FC4_S32_L002_R2_001.fastq.gz','s3://human-pangenomics/working/HPRC/HG00350/raw_data/hic/HG00350-1_FC2_S31_L002_R1_001.fastq.gz','s3://human-pangenomics/working/HPRC/HG00350/raw_data/hic/HG00350-1_FC2_S31_L002_R2_001.fastq.gz','s3://human-pangenomics/working/HPRC/HG00350/raw_data/hic/HG00350-2_FC2_S32_L002_R1_001.fastq.gz','s3://human-pangenomics/working/HPRC/HG00350/raw_data/hic/HG00350-2_FC2_S32_L002_R2_001.fastq.gz']	['s3://human-pangenomics/working/HPRC/HG00350/raw_data/PacBio_HiFi/m84046_230712_231732_s2.hifi_reads.bc2048.bam','s3://human-pangenomics/working/HPRC/HG00350/raw_data/PacBio_HiFi/m84046_230701_000218_s4.hifi_reads.bc2048.bam','s3://human-pangenomics/working/HPRC/HG00350/raw_data/PacBio_HiFi/m84046_230703_222200_s3.hifi_reads.bc2048.bam']	['s3://human-pangenomics/working/HPRC/HG00350/raw_data/Illumina/child/HG00350.final.cram']	['s3://human-pangenomics/working/HPRC/HG00350/raw_data/nanopore/sup5.0.0_5mCG_5hmCG/10_24_23_R1041_HPRC_HG00350_1_dorado0.9.5_sup5.0.0_5mCG_5hmCG.bam','s3://human-pangenomics/working/HPRC/HG00350/raw_data/nanopore/sup5.0.0_5mCG_5hmCG/10_24_23_R1041_HPRC_HG00350_2_dorado0.9.5_sup5.0.0_5mCG_5hmCG.bam','s3://human-pangenomics/working/HPRC/HG00350/raw_data/nanopore/sup5.0.0_5mCG_5hmCG/10_24_23_R1041_HPRC_HG00350_3_dorado0.9.5_sup5.0.0_5mCG_5hmCG.bam']	[--unitig-abundance 8]
HG00355	['s3://human-pangenomics/working/HPRC/HG00355/raw_data/hic/HG00355-1_FC1_S25_L003_R1_001.fastq.gz','s3://human-pangenomics/working/HPRC/HG00355/raw_data/hic/HG00355-1_FC1_S25_L003_R2_001.fastq.gz','s3://human-pangenomics/working/HPRC/HG00355/raw_data/hic/HG00355-1_FC2_S25_L003_R1_001.fastq.gz','s3://human-pangenomics/working/HPRC/HG00355/raw_data/hic/HG00355-1_FC2_S25_L003_R2_001.fastq.gz','s3://human-pangenomics/working/HPRC/HG00355/raw_data/hic/HG00355-2_FC1_S26_L003_R1_001.fastq.gz','s3://human-pangenomics/working/HPRC/HG00355/raw_data/hic/HG00355-2_FC1_S26_L003_R2_001.fastq.gz','s3://human-pangenomics/working/HPRC/HG00355/raw_data/hic/HG00355-2_FC2_S26_L003_R1_001.fastq.gz','s3://human-pangenomics/working/HPRC/HG00355/raw_data/hic/HG00355-2_FC2_S26_L003_R2_001.fastq.gz']	['s3://human-pangenomics/working/HPRC/HG00355/raw_data/PacBio_HiFi/m84081_240523_060048_s2.hifi_reads.bc2030.bam','s3://human-pangenomics/working/HPRC/HG00355/raw_data/PacBio_HiFi/m84081_240523_080029_s3.hifi_reads.bc2030.bam']	['s3://human-pangenomics/working/HPRC/HG00355/raw_data/Illumina/child/HG00355.final.fq.gz']	['s3://human-pangenomics/working/HPRC/HG00355/raw_data/nanopore/sup5.0.0/10_21_24_R1041_UL_HPRC_HG00355_1_dorado0.9.1_sup5.0.0.bam','s3://human-pangenomics/working/HPRC/HG00355/raw_data/nanopore/sup5.0.0/10_21_24_R1041_UL_HPRC_HG00355_2_dorado0.9.1_sup5.0.0.bam']	[--unitig-abundance 8]
HG00375	['s3://human-pangenomics/working/HPRC/HG00375/raw_data/hic/HG00375-1_FC1_S37_L004_R2_001.fastq.gz','s3://human-pangenomics/working/HPRC/HG00375/raw_data/hic/HG00375-1_FC2_S37_L004_R2_001.fastq.gz','s3://human-pangenomics/working/HPRC/HG00375/raw_data/hic/HG00375-2_FC1_S38_L004_R2_001.fastq.gz','s3://human-pangenomics/working/HPRC/HG00375/raw_data/hic/HG00375-2_FC2_S38_L004_R2_001.fastq.gz','s3://human-pangenomics/working/HPRC/HG00375/raw_data/hic/HG00375-2_FC1_S38_L004_R1_001.fastq.gz','s3://human-pangenomics/working/HPRC/HG00375/raw_data/hic/HG00375-1_FC2_S37_L004_R1_001.fastq.gz','s3://human-pangenomics/working/HPRC/HG00375/raw_data/hic/HG00375-1_FC1_S37_L004_R1_001.fastq.gz','s3://human-pangenomics/working/HPRC/HG00375/raw_data/hic/HG00375-2_FC2_S38_L004_R1_001.fastq.gz']	['s3://human-pangenomics/working/HPRC/HG00375/raw_data/PacBio_HiFi/m84203_240515_212700_s4.hifi_reads.bc1003.bam','s3://human-pangenomics/working/HPRC/HG00375/raw_data/PacBio_HiFi/m84203_240517_222709_s1.hifi_reads.bc1003.bam']	['s3://human-pangenomics/working/HPRC/HG00375/raw_data/Illumina/child/HG00375.final.fq.gz']	['s3://human-pangenomics/working/HPRC/HG00375/raw_data/nanopore/sup5.0.0_5mCG_5hmCG/10_21_24_R1041_UL_HPRC_HG00375_1_dorado0.9.1_sup5.0.0_5mCG_5hmCG.bam','s3://human-pangenomics/working/HPRC/HG00375/raw_data/nanopore/sup5.0.0_5mCG_5hmCG/10_21_24_R1041_UL_HPRC_HG00375_2_dorado0.9.1_sup5.0.0_5mCG_5hmCG.bam']	[--unitig-abundance 8]
HG00408	['s3://human-pangenomics/working/HPRC/HG00408/raw_data/hic/HG00408-2_S4_L003_R1_001.fastq.gz','s3://human-pangenomics/working/HPRC/HG00408/raw_data/hic/HG00408-2_S4_L003_R2_001.fastq.gz','s3://human-pangenomics/working/HPRC/HG00408/raw_data/hic/HG00408-1_S4_L002_R1_001.fastq.gz','s3://human-pangenomics/working/HPRC/HG00408/raw_data/hic/HG00408-1_S4_L002_R2_001.fastq.gz']	['s3://human-pangenomics/working/HPRC/HG00408/raw_data/PacBio_HiFi/deepconsensus/v1pt2/HG00408.m64136_211111_194404.dc.q20.fastq.gz','s3://human-pangenomics/working/HPRC/HG00408/raw_data/PacBio_HiFi/deepconsensus/v1pt2/HG00408.m64136_211113_063830.dc.q20.fastq.gz','s3://human-pangenomics/working/HPRC/HG00408/raw_data/PacBio_HiFi/deepconsensus/v1pt2/HG00408.m64136_211114_164241.dc.q20.fastq.gz','s3://human-pangenomics/working/HPRC/HG00408/raw_data/PacBio_HiFi/m84081_230721_182654_s2.hifi_reads.bc1002.bam','s3://human-pangenomics/working/HPRC/HG00408/raw_data/PacBio_HiFi/m84081_230721_175633_s1.hifi_reads.bc1002.bam']	['s3://human-pangenomics/working/HPRC/HG00408/raw_data/Illumina/child/HG00408.final.cram']	['s3://human-pangenomics/working/HPRC/HG00408/raw_data/nanopore/sup5.0.0_5mCG_5hmCG/11_04_24_R1041_UL_HPRC_HG00408_1_dorado0.9.1_sup5.0.0_5mCG_5hmCG.bam','s3://human-pangenomics/working/HPRC/HG00408/raw_data/nanopore/sup5.0.0_5mCG_5hmCG/11_04_24_R1041_UL_HPRC_HG00408_2_dorado0.9.1_sup5.0.0_5mCG_5hmCG.bam','s3://human-pangenomics/working/HPRC/HG00408/raw_data/nanopore/guppy_6/07_27_21_R941_HG00408_1_Guppy_6.5.7_450bps_modbases_5mc_cg_sup_prom_pass.bam','s3://human-pangenomics/working/HPRC/HG00408/raw_data/nanopore/guppy_6/07_27_21_R941_HG00408_2_Guppy_6.5.7_450bps_modbases_5mc_cg_sup_prom_pass.bam','s3://human-pangenomics/working/HPRC/HG00408/raw_data/nanopore/guppy_6/07_27_21_R941_HG00408_3_Guppy_6.5.7_450bps_modbases_5mc_cg_sup_prom_pass.bam']	[--unitig-abundance 8]
HG00423	['s3://human-pangenomics/working/HPRC/HG00423/raw_data/hic/HG00423-81d-1_S15_L001_R1_001.fastq.gz','s3://human-pangenomics/working/HPRC/HG00423/raw_data/hic/HG00423-81d-1_S15_L001_R2_001.fastq.gz','s3://human-pangenomics/working/HPRC/HG00423/raw_data/hic/HG00423-81d-1_S15_L002_R1_001.fastq.gz','s3://human-pangenomics/working/HPRC/HG00423/raw_data/hic/HG00423-81d-1_S15_L002_R2_001.fastq.gz','s3://human-pangenomics/working/HPRC/HG00423/raw_data/hic/HG00423-81d-1_S15_L003_R1_001.fastq.gz','s3://human-pangenomics/working/HPRC/HG00423/raw_data/hic/HG00423-81d-1_S15_L003_R2_001.fastq.gz','s3://human-pangenomics/working/HPRC/HG00423/raw_data/hic/HG00423-81d-1_S15_L004_R1_001.fastq.gz','s3://human-pangenomics/working/HPRC/HG00423/raw_data/hic/HG00423-81d-1_S15_L004_R2_001.fastq.gz','s3://human-pangenomics/working/HPRC/HG00423/raw_data/hic/HG00423-81d-2_S16_L001_R1_001.fastq.gz','s3://human-pangenomics/working/HPRC/HG00423/raw_data/hic/HG00423-81d-2_S16_L001_R2_001.fastq.gz','s3://human-pangenomics/working/HPRC/HG00423/raw_data/hic/HG00423-81d-2_S16_L002_R1_001.fastq.gz','s3://human-pangenomics/working/HPRC/HG00423/raw_data/hic/HG00423-81d-2_S16_L002_R2_001.fastq.gz','s3://human-pangenomics/working/HPRC/HG00423/raw_data/hic/HG00423-81d-2_S16_L003_R1_001.fastq.gz','s3://human-pangenomics/working/HPRC/HG00423/raw_data/hic/HG00423-81d-2_S16_L003_R2_001.fastq.gz','s3://human-pangenomics/working/HPRC/HG00423/raw_data/hic/HG00423-81d-2_S16_L004_R1_001.fastq.gz','s3://human-pangenomics/working/HPRC/HG00423/raw_data/hic/HG00423-81d-2_S16_L004_R2_001.fastq.gz']	['s3://human-pangenomics/working/HPRC/HG00423/raw_data/PacBio_HiFi/deepconsensus/v1pt2/HG00423.m64043_210205_190424.dc.q20.fastq.gz','s3://human-pangenomics/working/HPRC/HG00423/raw_data/PacBio_HiFi/deepconsensus/v1pt2/HG00423.m64043_210207_011920.dc.q20.fastq.gz','s3://human-pangenomics/working/HPRC/HG00423/raw_data/PacBio_HiFi/deepconsensus/v1pt2/HG00423.m64043_210209_184051.dc.q20.fastq.gz','s3://human-pangenomics/working/HPRC/HG00423/raw_data/PacBio_HiFi/deepconsensus/v1pt2/HG00423.m64043_210211_005516.dc.q20.fastq.gz','s3://human-pangenomics/working/HPRC/HG00423/raw_data/PacBio_HiFi/m84081_231112_030942_s3.hifi_reads.bc2078.bam']	['s3://human-pangenomics/working/HPRC/HG00423/raw_data/Illumina/child/HG00423.final.cram']	['s3://human-pangenomics/working/HPRC/HG00423/raw_data/nanopore/sup5.0.0_5mCG_5hmCG/05_12_25_R1041_UL_HPRC_HG00423_1_dorado1.0.0_supv5.2.0.bam','s3://human-pangenomics/working/HPRC/HG00423/raw_data/nanopore/sup5.0.0_5mCG_5hmCG/05_12_25_R1041_UL_HPRC_HG00423_2_dorado1.0.0_supv5.2.0.bam','s3://human-pangenomics/working/HPRC/HG00423/raw_data/nanopore/sup5.0.0_5mCG_5hmCG/05_19_25_R1041_UL_HPRC_HG00423_1_dorado1.0.0_supv5.0.0_5mCG_5hmCG.bam','s3://human-pangenomics/working/HPRC/HG00423/raw_data/nanopore/guppy_6/12_08_21_R941_HG00423_1_Guppy_6.4.6_450bps_modbases_5mc_cg_sup_prom_pass.bam','s3://human-pangenomics/working/HPRC/HG00423/raw_data/nanopore/guppy_6/12_08_21_R941_HG00423_2_Guppy_6.4.6_450bps_modbases_5mc_cg_sup_prom_pass.bam','s3://human-pangenomics/working/HPRC/HG00423/raw_data/nanopore/guppy_6/12_08_21_R941_HG00423_3_Guppy_6.4.6_450bps_modbases_5mc_cg_sup_prom_pass.bam']	[--unitig-abundance 8]
HG00438	['s3://human-pangenomics/working/HPRC/HG00438/raw_data/hic/NWM236b-2_S20_L001_R1_001.fastq.gz','s3://human-pangenomics/working/HPRC/HG00438/raw_data/hic/NWM236b-2_S20_L001_R2_001.fastq.gz','s3://human-pangenomics/working/HPRC/HG00438/raw_data/hic/NWM236b-2_S20_L002_R1_001.fastq.gz','s3://human-pangenomics/working/HPRC/HG00438/raw_data/hic/NWM236b-2_S20_L002_R2_001.fastq.gz','s3://human-pangenomics/working/HPRC/HG00438/raw_data/hic/NWM236b-2_S20_L003_R1_001.fastq.gz','s3://human-pangenomics/working/HPRC/HG00438/raw_data/hic/NWM236b-2_S20_L003_R2_001.fastq.gz','s3://human-pangenomics/working/HPRC/HG00438/raw_data/hic/NWM236b-1_S16_L001_R1_001.fastq.gz','s3://human-pangenomics/working/HPRC/HG00438/raw_data/hic/NWM236b-1_S16_L001_R2_001.fastq.gz','s3://human-pangenomics/working/HPRC/HG00438/raw_data/hic/NWM236b-1_S16_L003_R1_001.fastq.gz','s3://human-pangenomics/working/HPRC/HG00438/raw_data/hic/NWM236b-1_S16_L003_R2_001.fastq.gz','s3://human-pangenomics/working/HPRC/HG00438/raw_data/hic/NWM236b-1_S16_L002_R1_001.fastq.gz','s3://human-pangenomics/working/HPRC/HG00438/raw_data/hic/NWM236b-1_S16_L002_R2_001.fastq.gz','s3://human-pangenomics/working/HPRC/HG00438/raw_data/hic/NWM236b-2_S20_L004_R1_001.fastq.gz','s3://human-pangenomics/working/HPRC/HG00438/raw_data/hic/NWM236b-2_S20_L004_R2_001.fastq.gz','s3://human-pangenomics/working/HPRC/HG00438/raw_data/hic/NWM236b-1_S16_L004_R1_001.fastq.gz','s3://human-pangenomics/working/HPRC/HG00438/raw_data/hic/NWM236b-1_S16_L004_R2_001.fastq.gz']	['s3://human-pangenomics/working/HPRC/HG00438/raw_data/PacBio_HiFi/deepconsensus/v1pt2/HG00438.m64043_200710_174426.dc.q20.fastq.gz','s3://human-pangenomics/working/HPRC/HG00438/raw_data/PacBio_HiFi/deepconsensus/v1pt2/HG00438.m64043_200711_235708.dc.q20.fastq.gz','s3://human-pangenomics/working/HPRC/HG00438/raw_data/PacBio_HiFi/deepconsensus/v1pt2/HG00438.m64043_200713_062240.dc.q20.fastq.gz','s3://human-pangenomics/working/HPRC/HG00438/raw_data/PacBio_HiFi/deepconsensus/v1pt2/HG00438.m64043_200714_124814.dc.q20.fastq.gz','s3://human-pangenomics/working/HPRC/HG00438/raw_data/PacBio_HiFi/deepconsensus/v1pt2/HG00438.m64136_220613_120618.dc.q20.fastq.gz','s3://human-pangenomics/working/HPRC/HG00438/raw_data/PacBio_HiFi/deepconsensus/v1pt2/HG00438.m64136_220615_072400.dc.q20.fastq.gz']	['s3://human-pangenomics/working/HPRC/HG00438/raw_data/Illumina/child/HG00438.final.cram']	['s3://human-pangenomics/working/HPRC/HG00438/raw_data/nanopore/sup5.0.0_5mCG_5hmCG/09_16_24_R1041_UL_HPRC_HG00438_1_dorado1.0.0_sup5.0.0_5mCG_5hmCG.bam','s3://human-pangenomics/working/HPRC/HG00438/raw_data/nanopore/sup5.0.0_5mCG_5hmCG/09_16_24_R1041_UL_HPRC_HG00438_2_dorado1.0.0_sup5.0.0_5mCG_5hmCG.bam','s3://human-pangenomics/working/HPRC/HG00438/raw_data/nanopore/guppy_6/HG00438_1_Guppy_6.5.7_450bps_modbases_5mc_cg_sup_prom_pass.bam','s3://human-pangenomics/working/HPRC/HG00438/raw_data/nanopore/guppy_6/HG00438_3_Guppy_6.5.7_450bps_modbases_5mc_cg_sup_prom_pass.bam','s3://human-pangenomics/working/HPRC/HG00438/raw_data/nanopore/guppy_6/HG00438_5_Guppy_6.5.7_450bps_modbases_5mc_cg_sup_prom_pass.bam','s3://human-pangenomics/working/HPRC/HG00438/raw_data/nanopore/guppy_6/HG00438_PAK20493_Guppy_6.5.7_450bps_modbases_5mc_cg_sup_prom_pass.bam','s3://human-pangenomics/working/HPRC/HG00438/raw_data/nanopore/guppy_6/HG00438_PAM33067_Guppy_6.5.7_450bps_modbases_5mc_cg_sup_prom_pass.bam','s3://human-pangenomics/working/HPRC/HG00438/raw_data/nanopore/guppy_6/HG00438_PAM53001_Guppy_6.5.7_450bps_modbases_5mc_cg_sup_prom_pass.bam','s3://human-pangenomics/working/HPRC/HG00438/raw_data/nanopore/guppy_6/HG00438_PAM54620_Guppy_6.5.7_450bps_modbases_5mc_cg_sup_prom_pass.bam','s3://human-pangenomics/working/HPRC/HG00438/raw_data/nanopore/guppy_6/HG00438_PAM54727_Guppy_6.5.7_450bps_modbases_5mc_cg_sup_prom_pass.bam','s3://human-pangenomics/working/HPRC/HG00438/raw_data/nanopore/guppy_6/HG00438_PAM57552_Guppy_6.5.7_450bps_modbases_5mc_cg_sup_prom_pass.bam','s3://human-pangenomics/working/HPRC/HG00438/raw_data/nanopore/guppy_6/HG00438_PAM61591_Guppy_6.5.7_450bps_modbases_5mc_cg_sup_prom_pass.bam']	[--unitig-abundance 8]
HG00544	['s3://human-pangenomics/working/HPRC/HG00544/raw_data/hic/HG00544-24ab-1_S1_L004_R1_001.fastq.gz','s3://human-pangenomics/working/HPRC/HG00544/raw_data/hic/HG00544-24ab-1_S1_L004_R2_001.fastq.gz','s3://human-pangenomics/working/HPRC/HG00544/raw_data/hic/HG00544-24ab-1_S1_L002_R1_001.fastq.gz','s3://human-pangenomics/working/HPRC/HG00544/raw_data/hic/HG00544-24ab-1_S1_L002_R2_001.fastq.gz','s3://human-pangenomics/working/HPRC/HG00544/raw_data/hic/HG00544-24ab-2_S2_L004_R1_001.fastq.gz','s3://human-pangenomics/working/HPRC/HG00544/raw_data/hic/HG00544-24ab-2_S2_L004_R2_001.fastq.gz','s3://human-pangenomics/working/HPRC/HG00544/raw_data/hic/HG00544-24ab-1_S1_L003_R1_001.fastq.gz','s3://human-pangenomics/working/HPRC/HG00544/raw_data/hic/HG00544-24ab-1_S1_L003_R2_001.fastq.gz','s3://human-pangenomics/working/HPRC/HG00544/raw_data/hic/HG00544-24ab-1_S1_L001_R1_001.fastq.gz','s3://human-pangenomics/working/HPRC/HG00544/raw_data/hic/HG00544-24ab-1_S1_L001_R2_001.fastq.gz','s3://human-pangenomics/working/HPRC/HG00544/raw_data/hic/HG00544-24ab-2_S2_L002_R1_001.fastq.gz','s3://human-pangenomics/working/HPRC/HG00544/raw_data/hic/HG00544-24ab-2_S2_L002_R2_001.fastq.gz','s3://human-pangenomics/working/HPRC/HG00544/raw_data/hic/HG00544-24ab-2_S2_L001_R1_001.fastq.gz','s3://human-pangenomics/working/HPRC/HG00544/raw_data/hic/HG00544-24ab-2_S2_L001_R2_001.fastq.gz','s3://human-pangenomics/working/HPRC/HG00544/raw_data/hic/HG00544-24ab-2_S2_L003_R1_001.fastq.gz','s3://human-pangenomics/working/HPRC/HG00544/raw_data/hic/HG00544-24ab-2_S2_L003_R2_001.fastq.gz']	['s3://human-pangenomics/working/HPRC/HG00544/raw_data/PacBio_HiFi/deepconsensus/v1pt2/HG00544.m64136_210520_180433.dc.q20.fastq.gz','s3://human-pangenomics/working/HPRC/HG00544/raw_data/PacBio_HiFi/deepconsensus/v1pt2/HG00544.m64043_210702_183246.dc.q20.fastq.gz','s3://human-pangenomics/working/HPRC/HG00544/raw_data/PacBio_HiFi/deepconsensus/v1pt2/HG00544.m64136_210522_014758.dc.q20.fastq.gz','s3://human-pangenomics/working/HPRC/HG00544/raw_data/PacBio_HiFi/deepconsensus/v1pt2/HG00544.m64136_210523_100337.dc.q20.fastq.gz','s3://human-pangenomics/working/HPRC/HG00544/raw_data/PacBio_HiFi/deepconsensus/v1pt2/HG00544.m64136_210525_165246.dc.q20.fastq.gz','s3://human-pangenomics/working/HPRC/HG00544/raw_data/PacBio_HiFi/m84081_231117_211338_s4.hifi_reads.bc2086.bam','s3://human-pangenomics/working/HPRC/HG00544/raw_data/PacBio_HiFi/m84081_231119_032407_s4.hifi_reads.bc2086.bam']	['s3://human-pangenomics/working/HPRC/HG00544/raw_data/Illumina/child/HG00544.final.cram']	['s3://human-pangenomics/working/HPRC/HG00544/raw_data/nanopore/sup5.0.0_5mCG_5hmCG/11_04_24_R1041_UL_HPRC_HG00544_1_dorado0.9.0_sup5.0.0_5mCG_5hmCG.bam','s3://human-pangenomics/working/HPRC/HG00544/raw_data/nanopore/sup5.0.0_5mCG_5hmCG/11_04_24_R1041_UL_HPRC_HG00544_2_dorado0.9.0_sup5.0.0_5mCG_5hmCG.bam','s3://human-pangenomics/working/HPRC/HG00544/raw_data/nanopore/guppy_6/07_13_21_R941_HG00544_1_Guppy_6.4.6_450bps_modbases_5mc_cg_sup_prom_pass.bam','s3://human-pangenomics/working/HPRC/HG00544/raw_data/nanopore/guppy_6/07_13_21_R941_HG00544_2_Guppy_6.4.6_450bps_modbases_5mc_cg_sup_prom_pass.bam','s3://human-pangenomics/working/HPRC/HG00544/raw_data/nanopore/guppy_6/07_13_21_R941_HG00544_3_Guppy_6.4.6_450bps_modbases_5mc_cg_sup_prom_pass.bam']	[--unitig-abundance 8]
HG00558	['s3://human-pangenomics/working/HPRC/HG00558/raw_data/hic/HG00558-1_S4_L001_R1_001.fastq.gz','s3://human-pangenomics/working/HPRC/HG00558/raw_data/hic/HG00558-1_S4_L001_R2_001.fastq.gz','s3://human-pangenomics/working/HPRC/HG00558/raw_data/hic/HG00558-2_S8_L001_R1_001.fastq.gz','s3://human-pangenomics/working/HPRC/HG00558/raw_data/hic/HG00558-2_S8_L001_R2_001.fastq.gz']	['s3://human-pangenomics/working/HPRC/HG00558/raw_data/PacBio_HiFi/deepconsensus/v1pt2/HG00558.m54329U_220107_233847.dc.q20.fastq.gz','s3://human-pangenomics/working/HPRC/HG00558/raw_data/PacBio_HiFi/deepconsensus/v1pt2/HG00558.m54329U_220114_143904.dc.q20.fastq.gz','s3://human-pangenomics/working/HPRC/HG00558/raw_data/PacBio_HiFi/deepconsensus/v1pt2/HG00558.m54329U_220116_013607.dc.q20.fastq.gz','s3://human-pangenomics/working/HPRC/HG00558/raw_data/PacBio_HiFi/deepconsensus/v1pt2/HG00558.m64076_220216_013707.dc.q20.fastq.gz','s3://human-pangenomics/working/HPRC/HG00558/raw_data/PacBio_HiFi/m84046_230623_210640_s1.hifi_reads.bc1016.bam','s3://human-pangenomics/working/HPRC/HG00558/raw_data/PacBio_HiFi/m84046_230602_213334_s2.hifi_reads.bc1016.bam','s3://human-pangenomics/working/HPRC/HG00558/raw_data/PacBio_HiFi/m84046_230720_182350_s1.hifi_reads.bc2004.bam','s3://human-pangenomics/working/HPRC/HG00558/raw_data/PacBio_HiFi/m84046_230519_231055_s2.hifi_reads.bc1016.bam']	['s3://human-pangenomics/working/HPRC/HG00558/raw_data/Illumina/child/HG00558.final.cram']	['s3://human-pangenomics/working/HPRC/HG00558/raw_data/nanopore/sup5.0.0_5mCG_5hmCG/11_04_24_R1041_UL_HPRC_HG00558_1_dorado0.9.1_sup5.0.0_5mCG_5hmCG.bam','s3://human-pangenomics/working/HPRC/HG00558/raw_data/nanopore/sup5.0.0_5mCG_5hmCG/11_04_24_R1041_UL_HPRC_HG00558_2_dorado0.9.1_sup5.0.0_5mCG_5hmCG.bam','s3://human-pangenomics/working/HPRC/HG00558/raw_data/nanopore/guppy_6/02_08_22_R941_HG00558_1_Guppy_6.5.7_450bps_modbases_5mc_cg_sup_prom_pass.bam','s3://human-pangenomics/working/HPRC/HG00558/raw_data/nanopore/guppy_6/02_08_22_R941_HG00558_2_Guppy_6.5.7_450bps_modbases_5mc_cg_sup_prom_pass.bam','s3://human-pangenomics/working/HPRC/HG00558/raw_data/nanopore/guppy_6/02_08_22_R941_HG00558_3_Guppy_6.5.7_450bps_modbases_5mc_cg_sup_prom_pass.bam']	[--unitig-abundance 8]
HG00580	['s3://human-pangenomics/working/HPRC/HG00580/raw_data/hic/HG00580-1_FC1_S11_L001_R2_001.fastq.gz','s3://human-pangenomics/working/HPRC/HG00580/raw_data/hic/HG00580-2_FC1_S12_L001_R2_001.fastq.gz','s3://human-pangenomics/working/HPRC/HG00580/raw_data/hic/HG00580-1_FC2_S11_L001_R1_001.fastq.gz','s3://human-pangenomics/working/HPRC/HG00580/raw_data/hic/HG00580-2_FC1_S12_L001_R1_001.fastq.gz','s3://human-pangenomics/working/HPRC/HG00580/raw_data/hic/HG00580-1_FC2_S11_L001_R2_001.fastq.gz','s3://human-pangenomics/working/HPRC/HG00580/raw_data/hic/HG00580-2_FC2_S12_L001_R1_001.fastq.gz','s3://human-pangenomics/working/HPRC/HG00580/raw_data/hic/HG00580-2_FC2_S12_L001_R2_001.fastq.gz','s3://human-pangenomics/working/HPRC/HG00580/raw_data/hic/HG00580-1_FC1_S11_L001_R1_001.fastq.gz']	['s3://human-pangenomics/working/HPRC/HG00580/raw_data/PacBio_HiFi/m84046_240504_052403_s4.hifi_reads.bc2082.bam','s3://human-pangenomics/working/HPRC/HG00580/raw_data/PacBio_HiFi/m84046_240420_025254_s1.hifi_reads.bc2082.bam','s3://human-pangenomics/working/HPRC/HG00580/raw_data/PacBio_HiFi/m84046_240425_222727_s2.hifi_reads.bc2082.bam','s3://human-pangenomics/working/HPRC/HG00580/raw_data/PacBio_HiFi/m84046_240426_022612_s4.hifi_reads.bc2082.bam']	['s3://human-pangenomics/working/HPRC/HG00580/raw_data/Illumina/child/HG00580.final.fq.gz']	['s3://human-pangenomics/working/HPRC/HG00580/raw_data/nanopore/sup5.0.0_5mCG_5hmCG/10_21_24_R1041_UL_HPRC_HG00580_1_dorado0.9.1_sup5.0.0_5mCG_5hmCG.bam','s3://human-pangenomics/working/HPRC/HG00580/raw_data/nanopore/sup5.0.0_5mCG_5hmCG/10_21_24_R1041_UL_HPRC_HG00580_2_dorado0.9.1_sup5.0.0_5mCG_5hmCG.bam','s3://human-pangenomics/working/HPRC/HG00580/raw_data/nanopore/sup5.0.0_5mCG_5hmCG/10_21_24_R1041_UL_HPRC_HG00580_3_dorado0.9.1_sup5.0.0_5mCG_5hmCG.bam']	[--unitig-abundance 8]
HG00584	['s3://human-pangenomics/working/HPRC/HG00584/raw_data/hic/HG00584-1_FC1_S41_L004_R2_001.fastq.gz','s3://human-pangenomics/working/HPRC/HG00584/raw_data/hic/HG00584-1_FC1_S41_L004_R1_001.fastq.gz','s3://human-pangenomics/working/HPRC/HG00584/raw_data/hic/HG00584-2_FC1_S42_L004_R1_001.fastq.gz','s3://human-pangenomics/working/HPRC/HG00584/raw_data/hic/HG00584-2_FC1_S42_L004_R2_001.fastq.gz','s3://human-pangenomics/working/HPRC/HG00584/raw_data/hic/HG00584-1_FC2_S41_L004_R1_001.fastq.gz','s3://human-pangenomics/working/HPRC/HG00584/raw_data/hic/HG00584-2_FC2_S42_L004_R1_001.fastq.gz','s3://human-pangenomics/working/HPRC/HG00584/raw_data/hic/HG00584-2_FC2_S42_L004_R2_001.fastq.gz','s3://human-pangenomics/working/HPRC/HG00584/raw_data/hic/HG00584-1_FC2_S41_L004_R2_001.fastq.gz']	['s3://human-pangenomics/working/HPRC/HG00584/raw_data/PacBio_HiFi/m84091_240515_212328_s3.hifi_reads.bc1001.bam','s3://human-pangenomics/working/HPRC/HG00584/raw_data/PacBio_HiFi/m84203_240517_215603_s4.hifi_reads.bc1001.bam']	['s3://human-pangenomics/working/HPRC/HG00584/raw_data/Illumina/child/HG00584.final.fq.gz']	['s3://human-pangenomics/working/HPRC/HG00584/raw_data/nanopore/sup5.0.0_5mCG_5hmCG/10_21_24_R1041_UL_HPRC_HG00584_1_dorado0.9.1_sup5.0.0_5mCG_5hmCG.bam','s3://human-pangenomics/working/HPRC/HG00584/raw_data/nanopore/sup5.0.0_5mCG_5hmCG/10_21_24_R1041_UL_HPRC_HG00584_2_dorado0.9.1_sup5.0.0_5mCG_5hmCG.bam']	[--unitig-abundance 8]
HG00597	['s3://human-pangenomics/working/HPRC/HG00597/raw_data/hic/HG00597-2_S1_L003_R1_001.fastq.gz','s3://human-pangenomics/working/HPRC/HG00597/raw_data/hic/HG00597-2_S1_L003_R2_001.fastq.gz','s3://human-pangenomics/working/HPRC/HG00597/raw_data/hic/HG00597-1_S1_L002_R1_001.fastq.gz','s3://human-pangenomics/working/HPRC/HG00597/raw_data/hic/HG00597-1_S1_L002_R2_001.fastq.gz']	['s3://human-pangenomics/working/HPRC/HG00597/raw_data/PacBio_HiFi/deepconsensus/v1pt2/HG00597.m64043_211210_180342.dc.q20.fastq.gz','s3://human-pangenomics/working/HPRC/HG00597/raw_data/PacBio_HiFi/deepconsensus/v1pt2/HG00597.m64043_211212_045901.dc.q20.fastq.gz','s3://human-pangenomics/working/HPRC/HG00597/raw_data/PacBio_HiFi/deepconsensus/v1pt2/HG00597.m64043_211213_155654.dc.q20.fastq.gz','s3://human-pangenomics/working/HPRC/HG00597/raw_data/PacBio_HiFi/deepconsensus/v1pt2/HG00597.m64043_211222_184851.dc.q20.fastq.gz','s3://human-pangenomics/working/HPRC/HG00597/raw_data/PacBio_HiFi/m84081_230721_175633_s1.hifi_reads.bc1021.bam','s3://human-pangenomics/working/HPRC/HG00597/raw_data/PacBio_HiFi/m84081_230721_182654_s2.hifi_reads.bc1021.bam']	['s3://human-pangenomics/working/HPRC/HG00597/raw_data/Illumina/child/HG00597.final.cram']	['s3://human-pangenomics/working/HPRC/HG00597/raw_data/nanopore/sup5.0.0_5mCG_5hmCG/12_02_24_R1041_UL_HPRC_HG00597_1_dorado0.9.1_sup5.0.0_5mCG_5hmCG.bam','s3://human-pangenomics/working/HPRC/HG00597/raw_data/nanopore/sup5.0.0_5mCG_5hmCG/12_02_24_R1041_UL_HPRC_HG00597_2_dorado0.9.1_sup5.0.0_5mCG_5hmCG.bam','s3://human-pangenomics/working/HPRC/HG00597/raw_data/nanopore/guppy_6/07_27_21_R941_HG00597_1_Guppy_6.5.7_450bps_modbases_5mc_cg_sup_prom_pass.bam','s3://human-pangenomics/working/HPRC/HG00597/raw_data/nanopore/guppy_6/07_27_21_R941_HG00597_2_Guppy_6.5.7_450bps_modbases_5mc_cg_sup_prom_pass.bam','s3://human-pangenomics/working/HPRC/HG00597/raw_data/nanopore/guppy_6/07_27_21_R941_HG00597_3_Guppy_6.5.7_450bps_modbases_5mc_cg_sup_prom_pass.bam','s3://human-pangenomics/working/HPRC/HG00597/raw_data/nanopore/guppy_6/07_27_21_R941_HG00597_4_Guppy_6.5.7_450bps_modbases_5mc_cg_sup_prom_pass.bam']	[--unitig-abundance 8]
HG00609	['s3://human-pangenomics/working/HPRC/HG00609/raw_data/hic/HG00609-38a-2_S10_L002_R1_001.fastq.gz','s3://human-pangenomics/working/HPRC/HG00609/raw_data/hic/HG00609-38a-2_S10_L002_R2_001.fastq.gz','s3://human-pangenomics/working/HPRC/HG00609/raw_data/hic/HG00609-38a-2_S10_L003_R1_001.fastq.gz','s3://human-pangenomics/working/HPRC/HG00609/raw_data/hic/HG00609-38a-2_S10_L003_R2_001.fastq.gz','s3://human-pangenomics/working/HPRC/HG00609/raw_data/hic/HG00609-38a-1_S9_L002_R1_001.fastq.gz','s3://human-pangenomics/working/HPRC/HG00609/raw_data/hic/HG00609-38a-1_S9_L002_R2_001.fastq.gz','s3://human-pangenomics/working/HPRC/HG00609/raw_data/hic/HG00609-38a-1_S9_L003_R1_001.fastq.gz','s3://human-pangenomics/working/HPRC/HG00609/raw_data/hic/HG00609-38a-1_S9_L003_R2_001.fastq.gz','s3://human-pangenomics/working/HPRC/HG00609/raw_data/hic/HG00609-38a-2_S10_L004_R1_001.fastq.gz','s3://human-pangenomics/working/HPRC/HG00609/raw_data/hic/HG00609-38a-2_S10_L004_R2_001.fastq.gz','s3://human-pangenomics/working/HPRC/HG00609/raw_data/hic/HG00609-38a-2_S10_L001_R1_001.fastq.gz','s3://human-pangenomics/working/HPRC/HG00609/raw_data/hic/HG00609-38a-2_S10_L001_R2_001.fastq.gz','s3://human-pangenomics/working/HPRC/HG00609/raw_data/hic/HG00609-38a-1_S9_L004_R1_001.fastq.gz','s3://human-pangenomics/working/HPRC/HG00609/raw_data/hic/HG00609-38a-1_S9_L004_R2_001.fastq.gz','s3://human-pangenomics/working/HPRC/HG00609/raw_data/hic/HG00609-38a-1_S9_L001_R1_001.fastq.gz','s3://human-pangenomics/working/HPRC/HG00609/raw_data/hic/HG00609-38a-1_S9_L001_R2_001.fastq.gz']	['s3://human-pangenomics/working/HPRC/HG00609/raw_data/PacBio_HiFi/deepconsensus/v1pt2/HG00609.m64136_210622_163607.dc.q20.fastq.gz','s3://human-pangenomics/working/HPRC/HG00609/raw_data/PacBio_HiFi/deepconsensus/v1pt2/HG00609.m64136_210624_033152.dc.q20.fastq.gz','s3://human-pangenomics/working/HPRC/HG00609/raw_data/PacBio_HiFi/deepconsensus/v1pt2/HG00609.m64136_210620_054327.dc.q20.fastq.gz','s3://human-pangenomics/working/HPRC/HG00609/raw_data/PacBio_HiFi/m84081_231124_024327_s3.hifi_reads.bc2090.bam','s3://human-pangenomics/working/HPRC/HG00609/raw_data/PacBio_HiFi/m84081_231124_021221_s2.hifi_reads.bc2090.bam','s3://human-pangenomics/working/HPRC/HG00609/raw_data/PacBio_HiFi/m84081_231124_014115_s1.hifi_reads.bc2090.bam']	['s3://human-pangenomics/working/HPRC/HG00609/raw_data/Illumina/child/HG00609.final.cram']	['s3://human-pangenomics/working/HPRC/HG00609/raw_data/nanopore/sup5.0.0_5mCG_5hmCG/12_09_24_R1041_UL_HPRC_HG00609_1_dorado0.9.5_sup5.0.0_5mCG_5hmCG.bam','s3://human-pangenomics/working/HPRC/HG00609/raw_data/nanopore/sup5.0.0_5mCG_5hmCG/12_16_24_R1041_UL_HPRC_HG00609_1_dorado0.9.5_sup5.0.0_5mCG_5hmCG.bam','s3://human-pangenomics/working/HPRC/HG00609/raw_data/nanopore/guppy_6/08_10_21_R941_HG00609_1_Guppy_6.4.6_450bps_modbases_5mc_cg_sup_prom_pass.bam','s3://human-pangenomics/working/HPRC/HG00609/raw_data/nanopore/guppy_6/08_10_21_R941_HG00609_2_Guppy_6.4.6_450bps_modbases_5mc_cg_sup_prom_pass.bam','s3://human-pangenomics/working/HPRC/HG00609/raw_data/nanopore/guppy_6/08_10_21_R941_HG00609_3_Guppy_6.4.6_450bps_modbases_5mc_cg_sup_prom_pass.bam']	[--unitig-abundance 8]
HG00621	['s3://human-pangenomics/working/HPRC/HG00621/raw_data/hic/NWM235b-2_S19_L001_R1_001.fastq.gz','s3://human-pangenomics/working/HPRC/HG00621/raw_data/hic/NWM235b-2_S19_L001_R2_001.fastq.gz','s3://human-pangenomics/working/HPRC/HG00621/raw_data/hic/NWM235b-2_S19_L002_R1_001.fastq.gz','s3://human-pangenomics/working/HPRC/HG00621/raw_data/hic/NWM235b-2_S19_L002_R2_001.fastq.gz','s3://human-pangenomics/working/HPRC/HG00621/raw_data/hic/NWM235b-2_S19_L003_R1_001.fastq.gz','s3://human-pangenomics/working/HPRC/HG00621/raw_data/hic/NWM235b-2_S19_L003_R2_001.fastq.gz','s3://human-pangenomics/working/HPRC/HG00621/raw_data/hic/NWM235b-2_S19_L004_R1_001.fastq.gz','s3://human-pangenomics/working/HPRC/HG00621/raw_data/hic/NWM235b-2_S19_L004_R2_001.fastq.gz','s3://human-pangenomics/working/HPRC/HG00621/raw_data/hic/NWM235b-1_S15_L001_R1_001.fastq.gz','s3://human-pangenomics/working/HPRC/HG00621/raw_data/hic/NWM235b-1_S15_L001_R2_001.fastq.gz','s3://human-pangenomics/working/HPRC/HG00621/raw_data/hic/NWM235b-1_S15_L002_R1_001.fastq.gz','s3://human-pangenomics/working/HPRC/HG00621/raw_data/hic/NWM235b-1_S15_L002_R2_001.fastq.gz','s3://human-pangenomics/working/HPRC/HG00621/raw_data/hic/NWM235b-1_S15_L003_R1_001.fastq.gz','s3://human-pangenomics/working/HPRC/HG00621/raw_data/hic/NWM235b-1_S15_L003_R2_001.fastq.gz','s3://human-pangenomics/working/HPRC/HG00621/raw_data/hic/NWM235b-1_S15_L004_R1_001.fastq.gz','s3://human-pangenomics/working/HPRC/HG00621/raw_data/hic/NWM235b-1_S15_L004_R2_001.fastq.gz']	['s3://human-pangenomics/working/HPRC/HG00621/raw_data/PacBio_HiFi/deepconsensus/v1pt2/HG00621.m64136_200710_174522.dc.q20.fastq.gz','s3://human-pangenomics/working/HPRC/HG00621/raw_data/PacBio_HiFi/deepconsensus/v1pt2/HG00621.m64136_200711_235843.dc.q20.fastq.gz','s3://human-pangenomics/working/HPRC/HG00621/raw_data/PacBio_HiFi/deepconsensus/v1pt2/HG00621.m64136_200713_062514.dc.q20.fastq.gz','s3://human-pangenomics/working/HPRC/HG00621/raw_data/PacBio_HiFi/deepconsensus/v1pt2/HG00621.m64136_200714_125149.dc.q20.fastq.gz','s3://human-pangenomics/working/HPRC/HG00621/raw_data/PacBio_HiFi/m84081_231222_081401_s1.hifi_reads.bc2027.bam','s3://human-pangenomics/working/HPRC/HG00621/raw_data/PacBio_HiFi/m84081_231222_101332_s2.hifi_reads.bc2027.bam','s3://human-pangenomics/working/HPRC/HG00621/raw_data/PacBio_HiFi/m84081_231222_141231_s4.hifi_reads.bc2027.bam','s3://human-pangenomics/working/HPRC/HG00621/raw_data/PacBio_HiFi/m84081_231222_121301_s3.hifi_reads.bc2027.bam']	['s3://human-pangenomics/working/HPRC/HG00621/raw_data/Illumina/child/HG00621.final.cram']	['s3://human-pangenomics/working/HPRC/HG00621/raw_data/nanopore/sup5.0.0_5mCG_5hmCG/09_16_24_R1041_UL_HPRC_HG00621_1_dorado1.0.0_sup5.0.0_5mCG_5hmCG.bam','s3://human-pangenomics/working/HPRC/HG00621/raw_data/nanopore/sup5.0.0_5mCG_5hmCG/09_16_24_R1041_UL_HPRC_HG00621_2_dorado1.0.0_sup5.0.0_5mCG_5hmCG.bam','s3://human-pangenomics/working/HPRC/HG00621/raw_data/nanopore/guppy_6/03_14_23_R941_HG00621_1_Guppy_6.5.7_450bps_modbases_5mc_cg_sup_prom_pass.bam','s3://human-pangenomics/working/HPRC/HG00621/raw_data/nanopore/guppy_6/03_14_23_R941_HG00621_2_Guppy_6.5.7_450bps_modbases_5mc_cg_sup_prom_pass.bam','s3://human-pangenomics/working/HPRC/HG00621/raw_data/nanopore/guppy_6/HG00621_1_Guppy_6.5.7_450bps_modbases_5mc_cg_sup_prom_pass.bam','s3://human-pangenomics/working/HPRC/HG00621/raw_data/nanopore/guppy_6/HG00621_3_Guppy_6.5.7_450bps_modbases_5mc_cg_sup_prom_pass.bam','s3://human-pangenomics/working/HPRC/HG00621/raw_data/nanopore/guppy_6/HG00621_5_Guppy_6.5.7_450bps_modbases_5mc_cg_sup_prom_pass.bam']	[--unitig-abundance 8]
HG00639	['s3://human-pangenomics/working/HPRC/HG00639/raw_data/hic/HG00639-2_S6_L003_R1_001.fastq.gz','s3://human-pangenomics/working/HPRC/HG00639/raw_data/hic/HG00639-2_S6_L003_R2_001.fastq.gz','s3://human-pangenomics/working/HPRC/HG00639/raw_data/hic/HG00639-1_S6_L002_R1_001.fastq.gz','s3://human-pangenomics/working/HPRC/HG00639/raw_data/hic/HG00639-1_S6_L002_R2_001.fastq.gz']	['s3://human-pangenomics/working/HPRC/HG00639/raw_data/PacBio_HiFi/deepconsensus/v1pt2/HG00639.m54329U_211222_104516.dc.q20.fastq.gz','s3://human-pangenomics/working/HPRC/HG00639/raw_data/PacBio_HiFi/deepconsensus/v1pt2/HG00639.m54329U_211230_014258.dc.q20.fastq.gz','s3://human-pangenomics/working/HPRC/HG00639/raw_data/PacBio_HiFi/deepconsensus/v1pt2/HG00639.m54329U_211231_123903.dc.q20.fastq.gz','s3://human-pangenomics/working/HPRC/HG00639/raw_data/PacBio_HiFi/deepconsensus/v1pt2/HG00639.m64076_220216_013707.dc.q20.fastq.gz','s3://human-pangenomics/working/HPRC/HG00639/raw_data/PacBio_HiFi/m84046_230707_192442_s1.hifi_reads.bc2059.bam']	['s3://human-pangenomics/working/HPRC/HG00639/raw_data/Illumina/child/HG00639.final.cram']	['s3://human-pangenomics/working/HPRC/HG00639/raw_data/nanopore/sup5.0.0_5mCG_5hmCG/11_18_24_R1041_UL_HPRC_HG00639_1_dorado0.9.1_sup5.0.0_5mCG_5hmCG.bam','s3://human-pangenomics/working/HPRC/HG00639/raw_data/nanopore/sup5.0.0_5mCG_5hmCG/11_18_24_R1041_UL_HPRC_HG00639_2_dorado0.9.1_sup5.0.0_5mCG_5hmCG.bam','s3://human-pangenomics/working/HPRC/HG00639/raw_data/nanopore/guppy_6/03_01_22_R941_HG00639_1_Guppy_6.5.7_450bps_modbases_5mc_cg_sup_prom_pass.bam','s3://human-pangenomics/working/HPRC/HG00639/raw_data/nanopore/guppy_6/03_01_22_R941_HG00639_2_Guppy_6.5.7_450bps_modbases_5mc_cg_sup_prom_pass.bam','s3://human-pangenomics/working/HPRC/HG00639/raw_data/nanopore/guppy_6/03_01_22_R941_HG00639_3_Guppy_6.5.7_450bps_modbases_5mc_cg_sup_prom_pass.bam']	[--unitig-abundance 8]
HG00642	['s3://human-pangenomics/working/HPRC/HG00642/raw_data/hic/HG00642-33b-2_S10_L004_R1_001.fastq.gz','s3://human-pangenomics/working/HPRC/HG00642/raw_data/hic/HG00642-33b-2_S10_L004_R2_001.fastq.gz','s3://human-pangenomics/working/HPRC/HG00642/raw_data/hic/HG00642-33b-2_S10_L002_R1_001.fastq.gz','s3://human-pangenomics/working/HPRC/HG00642/raw_data/hic/HG00642-33b-2_S10_L002_R2_001.fastq.gz','s3://human-pangenomics/working/HPRC/HG00642/raw_data/hic/HG00642-33b-2_S10_L003_R1_001.fastq.gz','s3://human-pangenomics/working/HPRC/HG00642/raw_data/hic/HG00642-33b-2_S10_L003_R2_001.fastq.gz','s3://human-pangenomics/working/HPRC/HG00642/raw_data/hic/HG00642-33b-2_S10_L001_R1_001.fastq.gz','s3://human-pangenomics/working/HPRC/HG00642/raw_data/hic/HG00642-33b-2_S10_L001_R2_001.fastq.gz','s3://human-pangenomics/working/HPRC/HG00642/raw_data/hic/HG00642-33b-1_S9_L004_R2_001.fastq.gz','s3://human-pangenomics/working/HPRC/HG00642/raw_data/hic/HG00642-33b-1_S9_L004_R1_001.fastq.gz','s3://human-pangenomics/working/HPRC/HG00642/raw_data/hic/HG00642-33b-1_S9_L002_R1_001.fastq.gz','s3://human-pangenomics/working/HPRC/HG00642/raw_data/hic/HG00642-33b-1_S9_L002_R2_001.fastq.gz','s3://human-pangenomics/working/HPRC/HG00642/raw_data/hic/HG00642-33b-1_S9_L003_R1_001.fastq.gz','s3://human-pangenomics/working/HPRC/HG00642/raw_data/hic/HG00642-33b-1_S9_L003_R2_001.fastq.gz','s3://human-pangenomics/working/HPRC/HG00642/raw_data/hic/HG00642-33b-1_S9_L001_R2_001.fastq.gz','s3://human-pangenomics/working/HPRC/HG00642/raw_data/hic/HG00642-33b-1_S9_L001_R1_001.fastq.gz']	['s3://human-pangenomics/working/HPRC/HG00642/raw_data/PacBio_HiFi/deepconsensus/v1pt2/HG00642.m54329U_210524_174516.dc.q20.fastq.gz','s3://human-pangenomics/working/HPRC/HG00642/raw_data/PacBio_HiFi/deepconsensus/v1pt2/HG00642.m64076_210516_091844.dc.q20.fastq.gz','s3://human-pangenomics/working/HPRC/HG00642/raw_data/PacBio_HiFi/deepconsensus/v1pt2/HG00642.m64076_210520_213355.dc.q20.fastq.gz','s3://human-pangenomics/working/HPRC/HG00642/raw_data/PacBio_HiFi/deepconsensus/v1pt2/HG00642.m64076_210522_082905.dc.q20.fastq.gz','s3://human-pangenomics/working/HPRC/HG00642/raw_data/PacBio_HiFi/m84046_230531_221339_s3.hifi_reads.default.bam']	['s3://human-pangenomics/working/HPRC/HG00642/raw_data/Illumina/child/HG00642.final.cram']	['s3://human-pangenomics/working/HPRC/HG00642/raw_data/nanopore/sup5.0.0_5mCG_5hmCG/12_09_24_R1041_UL_HPRC_HG00642_1_dorado0.9.5_sup5.0.0_5mCG_5hmCG.bam','s3://human-pangenomics/working/HPRC/HG00642/raw_data/nanopore/sup5.0.0_5mCG_5hmCG/12_16_24_R1041_UL_HPRC_HG00642_1_dorado0.9.5_sup5.0.0_5mCG_5hmCG.bam','s3://human-pangenomics/working/HPRC/HG00642/raw_data/nanopore/guppy_6/08_10_21_R941_HG00642_2_Guppy_6.5.7_450bps_modbases_5mc_cg_sup_prom_pass.bam','s3://human-pangenomics/working/HPRC/HG00642/raw_data/nanopore/guppy_6/08_10_21_R941_HG00642_3_Guppy_6.5.7_450bps_modbases_5mc_cg_sup_prom_pass.bam','s3://human-pangenomics/working/HPRC/HG00642/raw_data/nanopore/guppy_6/08_10_21_R941_HG00642_1_Guppy_6.4.6_450bps_modbases_5mc_cg_sup_prom_pass.bam']	[--unitig-abundance 8]
HG00658	['s3://human-pangenomics/working/HPRC/HG00658/raw_data/hic/HG00658-1_S6_L004_R1_001.fastq.gz','s3://human-pangenomics/working/HPRC/HG00658/raw_data/hic/HG00658-1_S6_L004_R2_001.fastq.gz','s3://human-pangenomics/working/HPRC/HG00658/raw_data/hic/HG00658-2_S12_L004_R1_001.fastq.gz','s3://human-pangenomics/working/HPRC/HG00658/raw_data/hic/HG00658-2_S12_L004_R2_001.fastq.gz']	['s3://human-pangenomics/working/HPRC/HG00658/raw_data/PacBio_HiFi/deepconsensus/v1pt2/HG00658.m64055e_220304_184221.dc.q20.fastq.gz','s3://human-pangenomics/working/HPRC/HG00658/raw_data/PacBio_HiFi/deepconsensus/v1pt2/HG00658.m64055e_220403_045718.dc.q20.fastq.gz','s3://human-pangenomics/working/HPRC/HG00658/raw_data/PacBio_HiFi/deepconsensus/v1pt2/HG00658.m64055e_220504_181614.dc.q20.fastq.gz','s3://human-pangenomics/working/HPRC/HG00658/raw_data/PacBio_HiFi/deepconsensus/v1pt2/HG00658.m64330e_220225_192221.dc.q20.fastq.gz','s3://human-pangenomics/working/HPRC/HG00658/raw_data/PacBio_HiFi/deepconsensus/v1pt2/HG00658.m64330e_220512_181140.dc.q20.fastq.gz','s3://human-pangenomics/working/HPRC/HG00658/raw_data/PacBio_HiFi/deepconsensus/v1pt2/HG00658.m64334e_220429_152228.dc.q20.fastq.gz','s3://human-pangenomics/working/HPRC/HG00658/raw_data/PacBio_HiFi/m84091_230905_195701_s2.hifi_reads.bc1018.bam','s3://human-pangenomics/working/HPRC/HG00658/raw_data/PacBio_HiFi/m84091_230905_192642_s1.hifi_reads.bc1018.bam','s3://human-pangenomics/working/HPRC/HG00658/raw_data/PacBio_HiFi/m84091_230905_202807_s3.hifi_reads.bc1018.bam']	['s3://human-pangenomics/working/HPRC/HG00658/raw_data/Illumina/child/HG00658.final.cram']	['s3://human-pangenomics/working/HPRC/HG00658/raw_data/nanopore/sup5.0.0_5mCG_5hmCG/11_18_24_R1041_UL_HPRC_HG00658_1_dorado1.1.1_sup5.0.0_5mCG_5hmCG.bam','s3://human-pangenomics/working/HPRC/HG00658/raw_data/nanopore/sup5.0.0_5mCG_5hmCG/11_18_24_R1041_UL_HPRC_HG00658_2_dorado1.1.1_sup5.0.0_5mCG_5hmCG.bam','s3://human-pangenomics/working/HPRC/HG00658/raw_data/nanopore/sup5.0.0_5mCG_5hmCG/11_18_24_R1041_UL_HPRC_HG00658_3_dorado1.1.1_sup5.0.0_5mCG_5hmCG.bam','s3://human-pangenomics/working/HPRC/HG00658/raw_data/nanopore/guppy_6/02_15_22_R941_HG00658_1_Guppy_6.5.7_450bps_modbases_5mc_cg_sup_prom_pass.bam','s3://human-pangenomics/working/HPRC/HG00658/raw_data/nanopore/guppy_6/02_15_22_R941_HG00658_2_Guppy_6.5.7_450bps_modbases_5mc_cg_sup_prom_pass.bam','s3://human-pangenomics/working/HPRC/HG00658/raw_data/nanopore/guppy_6/02_15_22_R941_HG00658_3_Guppy_6.5.7_450bps_modbases_5mc_cg_sup_prom_pass.bam']	[--unitig-abundance 8]
HG00662	['s3://human-pangenomics/working/HPRC/HG00662/raw_data/hic/HG00662-1_FC1_S21_L002_R2_001.fastq.gz','s3://human-pangenomics/working/HPRC/HG00662/raw_data/hic/HG00662-2_FC1_S22_L002_R2_001.fastq.gz','s3://human-pangenomics/working/HPRC/HG00662/raw_data/hic/HG00662-2_FC2_S22_L002_R2_001.fastq.gz','s3://human-pangenomics/working/HPRC/HG00662/raw_data/hic/HG00662-1_FC2_S21_L002_R2_001.fastq.gz','s3://human-pangenomics/working/HPRC/HG00662/raw_data/hic/HG00662-2_FC2_S22_L002_R1_001.fastq.gz','s3://human-pangenomics/working/HPRC/HG00662/raw_data/hic/HG00662-1_FC2_S21_L002_R1_001.fastq.gz','s3://human-pangenomics/working/HPRC/HG00662/raw_data/hic/HG00662-1_FC1_S21_L002_R1_001.fastq.gz','s3://human-pangenomics/working/HPRC/HG00662/raw_data/hic/HG00662-2_FC1_S22_L002_R1_001.fastq.gz']	['s3://human-pangenomics/working/HPRC/HG00662/raw_data/PacBio_HiFi/m84091_230817_153352_s4.hifi_reads.bc1011.bam','s3://human-pangenomics/working/HPRC/HG00662/raw_data/PacBio_HiFi/m84091_230731_133332_s2.hifi_reads.bc1011.bam','s3://human-pangenomics/working/HPRC/HG00662/raw_data/PacBio_HiFi/m84091_230725_161037_s2.hifi_reads.bc1011.bam']	['s3://human-pangenomics/working/HPRC/HG00662/raw_data/Illumina/child/HG00662.final.fq.gz']	['s3://human-pangenomics/working/HPRC/HG00662/raw_data/nanopore/sup5.0.0_5mCG_5hmCG/08_29_23_R1041_HPRC_HG00662_1_dorado0.9.5_sup5.0.0_5mCG_5hmCG.bam','s3://human-pangenomics/working/HPRC/HG00662/raw_data/nanopore/sup5.0.0_5mCG_5hmCG/08_29_23_R1041_HPRC_HG00662_2_dorado0.9.5_sup5.0.0_5mCG_5hmCG.bam','s3://human-pangenomics/working/HPRC/HG00662/raw_data/nanopore/sup5.0.0_5mCG_5hmCG/08_29_23_R1041_HPRC_HG00662_3_dorado0.9.5_sup5.0.0_5mCG_5hmCG.bam']	[--unitig-abundance 8]
HG00673	['s3://human-pangenomics/working/HPRC/HG00673/raw_data/hic/NWM237b-1_S17_L001_R1_001.fastq.gz','s3://human-pangenomics/working/HPRC/HG00673/raw_data/hic/NWM237b-1_S17_L001_R2_001.fastq.gz','s3://human-pangenomics/working/HPRC/HG00673/raw_data/hic/NWM237b-1_S17_L002_R1_001.fastq.gz','s3://human-pangenomics/working/HPRC/HG00673/raw_data/hic/NWM237b-1_S17_L002_R2_001.fastq.gz','s3://human-pangenomics/working/HPRC/HG00673/raw_data/hic/NWM237b-1_S17_L003_R1_001.fastq.gz','s3://human-pangenomics/working/HPRC/HG00673/raw_data/hic/NWM237b-1_S17_L003_R2_001.fastq.gz','s3://human-pangenomics/working/HPRC/HG00673/raw_data/hic/NWM237b-1_S17_L004_R1_001.fastq.gz','s3://human-pangenomics/working/HPRC/HG00673/raw_data/hic/NWM237b-1_S17_L004_R2_001.fastq.gz','s3://human-pangenomics/working/HPRC/HG00673/raw_data/hic/NWM237b-2_S21_L001_R1_001.fastq.gz','s3://human-pangenomics/working/HPRC/HG00673/raw_data/hic/NWM237b-2_S21_L001_R2_001.fastq.gz','s3://human-pangenomics/working/HPRC/HG00673/raw_data/hic/NWM237b-2_S21_L002_R1_001.fastq.gz','s3://human-pangenomics/working/HPRC/HG00673/raw_data/hic/NWM237b-2_S21_L002_R2_001.fastq.gz','s3://human-pangenomics/working/HPRC/HG00673/raw_data/hic/NWM237b-2_S21_L003_R1_001.fastq.gz','s3://human-pangenomics/working/HPRC/HG00673/raw_data/hic/NWM237b-2_S21_L003_R2_001.fastq.gz','s3://human-pangenomics/working/HPRC/HG00673/raw_data/hic/NWM237b-2_S21_L004_R1_001.fastq.gz','s3://human-pangenomics/working/HPRC/HG00673/raw_data/hic/NWM237b-2_S21_L004_R2_001.fastq.gz']	['s3://human-pangenomics/working/HPRC/HG00673/raw_data/PacBio_HiFi/deepconsensus/v1pt2/HG00673.m64043_200716_182902.dc.q20.fastq.gz','s3://human-pangenomics/working/HPRC/HG00673/raw_data/PacBio_HiFi/deepconsensus/v1pt2/HG00673.m64043_200718_004213.dc.q20.fastq.gz','s3://human-pangenomics/working/HPRC/HG00673/raw_data/PacBio_HiFi/deepconsensus/v1pt2/HG00673.m64043_200719_070806.dc.q20.fastq.gz','s3://human-pangenomics/working/HPRC/HG00673/raw_data/PacBio_HiFi/deepconsensus/v1pt2/HG00673.m64043_200720_133355.dc.q20.fastq.gz','s3://human-pangenomics/working/HPRC/HG00673/raw_data/PacBio_HiFi/m84081_231222_081401_s1.hifi_reads.bc2028.bam','s3://human-pangenomics/working/HPRC/HG00673/raw_data/PacBio_HiFi/m84081_231222_101332_s2.hifi_reads.bc2028.bam','s3://human-pangenomics/working/HPRC/HG00673/raw_data/PacBio_HiFi/m84081_231222_141231_s4.hifi_reads.bc2028.bam','s3://human-pangenomics/working/HPRC/HG00673/raw_data/PacBio_HiFi/m84081_231222_121301_s3.hifi_reads.bc2028.bam']	['s3://human-pangenomics/working/HPRC/HG00673/raw_data/Illumina/child/HG00673.final.cram']	['s3://human-pangenomics/working/HPRC/HG00673/raw_data/nanopore/sup5.0.0_5mCG_5hmCG/09_16_24_R1041_UL_HPRC_HG00673_2_dorado1.0.0_sup5.0.0_5mCG_5hmCG.bam','s3://human-pangenomics/working/HPRC/HG00673/raw_data/nanopore/sup5.0.0_5mCG_5hmCG/09_16_24_R1041_UL_HPRC_HG00673_1_dorado1.0.0_sup5.0.0_5mCG_5hmCG.bam','s3://human-pangenomics/working/HPRC/HG00673/raw_data/nanopore/guppy_6/1_11_23_R941_HG00673_1_Guppy_6.5.7_450bps_modbases_5mc_cg_sup_prom_pass.bam','s3://human-pangenomics/working/HPRC/HG00673/raw_data/nanopore/guppy_6/1_11_23_R941_HG00673_2_Guppy_6.5.7_450bps_modbases_5mc_cg_sup_prom_pass.bam','s3://human-pangenomics/working/HPRC/HG00673/raw_data/nanopore/guppy_6/HG00673_1_Guppy_6.5.7_450bps_modbases_5mc_cg_sup_prom_pass.bam','s3://human-pangenomics/working/HPRC/HG00673/raw_data/nanopore/guppy_6/HG00673_3_Guppy_6.5.7_450bps_modbases_5mc_cg_sup_prom_pass.bam','s3://human-pangenomics/working/HPRC/HG00673/raw_data/nanopore/guppy_6/HG00673_5_Guppy_6.5.7_450bps_modbases_5mc_cg_sup_prom_pass.bam']	[--unitig-abundance 8]
HG00689	['s3://human-pangenomics/working/HPRC/HG00689/raw_data/hic/HG00689-1_FC2_S45_L004_R2_001.fastq.gz','s3://human-pangenomics/working/HPRC/HG00689/raw_data/hic/HG00689-1_FC1_S45_L004_R2_001.fastq.gz','s3://human-pangenomics/working/HPRC/HG00689/raw_data/hic/HG00689-2_FC1_S46_L004_R2_001.fastq.gz','s3://human-pangenomics/working/HPRC/HG00689/raw_data/hic/HG00689-2_FC2_S46_L004_R2_001.fastq.gz','s3://human-pangenomics/working/HPRC/HG00689/raw_data/hic/HG00689-1_FC1_S45_L004_R1_001.fastq.gz','s3://human-pangenomics/working/HPRC/HG00689/raw_data/hic/HG00689-2_FC2_S46_L004_R1_001.fastq.gz','s3://human-pangenomics/working/HPRC/HG00689/raw_data/hic/HG00689-2_FC1_S46_L004_R1_001.fastq.gz','s3://human-pangenomics/working/HPRC/HG00689/raw_data/hic/HG00689-1_FC2_S45_L004_R1_001.fastq.gz']	['s3://human-pangenomics/working/HPRC/HG00689/raw_data/PacBio_HiFi/m84203_240524_191812_s3.hifi_reads.bc1011.bam','s3://human-pangenomics/working/HPRC/HG00689/raw_data/PacBio_HiFi/m84203_240521_172111_s4.hifi_reads.bc1011.bam']	['s3://human-pangenomics/working/HPRC/HG00689/raw_data/Illumina/child/HG00689.final.fq.gz']	['s3://human-pangenomics/working/HPRC/HG00689/raw_data/nanopore/sup5.0.0_5mCG_5hmCG/10_21_24_R1041_UL_HPRC_HG00689_1_dorado0.9.1_sup5.0.0_5mCG_5hmCG.bam','s3://human-pangenomics/working/HPRC/HG00689/raw_data/nanopore/sup5.0.0_5mCG_5hmCG/10_21_24_R1041_UL_HPRC_HG00689_2_dorado0.9.1_sup5.0.0_5mCG_5hmCG.bam']	[--unitig-abundance 8]
HG00701	['s3://human-pangenomics/working/HPRC/HG00701/raw_data/hic/HG00701-1_FC1_S27_L003_R1_001.fastq.gz','s3://human-pangenomics/working/HPRC/HG00701/raw_data/hic/HG00701-1_FC1_S27_L003_R2_001.fastq.gz','s3://human-pangenomics/working/HPRC/HG00701/raw_data/hic/HG00701-1_FC2_S27_L003_R1_001.fastq.gz','s3://human-pangenomics/working/HPRC/HG00701/raw_data/hic/HG00701-1_FC2_S27_L003_R2_001.fastq.gz','s3://human-pangenomics/working/HPRC/HG00701/raw_data/hic/HG00701-2_FC1_S28_L003_R1_001.fastq.gz','s3://human-pangenomics/working/HPRC/HG00701/raw_data/hic/HG00701-2_FC1_S28_L003_R2_001.fastq.gz','s3://human-pangenomics/working/HPRC/HG00701/raw_data/hic/HG00701-2_FC2_S28_L003_R1_001.fastq.gz','s3://human-pangenomics/working/HPRC/HG00701/raw_data/hic/HG00701-2_FC2_S28_L003_R2_001.fastq.gz']	['s3://human-pangenomics/working/HPRC/HG00701/raw_data/PacBio_HiFi/m84091_240315_190710_s1.hifi_reads.bc1011.bam','s3://human-pangenomics/working/HPRC/HG00701/raw_data/PacBio_HiFi/m84091_240311_155513_s4.hifi_reads.bc1011.bam','s3://human-pangenomics/working/HPRC/HG00701/raw_data/PacBio_HiFi/m84091_240315_183649_s4.hifi_reads.bc1011.bam']	['s3://human-pangenomics/working/HPRC/HG00701/raw_data/Illumina/child/HG00701.final.fq.gz']	['s3://human-pangenomics/working/HPRC/HG00701/raw_data/nanopore/sup5.0.0_5mCG_5hmCG/10_10_23_R1041_HPRC_HG00701_1_dorado0.9.5_sup5.0.0_5mCG_5hmCG.bam','s3://human-pangenomics/working/HPRC/HG00701/raw_data/nanopore/sup5.0.0_5mCG_5hmCG/10_10_23_R1041_HPRC_HG00701_2_dorado0.9.5_sup5.0.0_5mCG_5hmCG.bam','s3://human-pangenomics/working/HPRC/HG00701/raw_data/nanopore/sup5.0.0_5mCG_5hmCG/10_10_23_R1041_HPRC_HG00701_3_dorado0.9.5_sup5.0.0_5mCG_5hmCG.bam','s3://human-pangenomics/working/HPRC/HG00701/raw_data/nanopore/sup5.0.0_5mCG_5hmCG/10_10_23_R1041_HPRC_HG00701_4_dorado0.9.5_sup5.0.0_5mCG_5hmCG.bam','s3://human-pangenomics/working/HPRC/HG00701/raw_data/nanopore/sup5.0.0_5mCG_5hmCG/10_10_23_R1041_HPRC_HG00701_5_dorado0.9.5_sup5.0.0_5mCG_5hmCG.bam','s3://human-pangenomics/working/HPRC/HG00701/raw_data/nanopore/sup5.0.0_5mCG_5hmCG/10_10_23_R1041_HPRC_HG00701_6_dorado0.9.5_sup5.0.0_5mCG_5hmCG.bam']	[--unitig-abundance 8]
HG00706	['s3://human-pangenomics/working/HPRC/HG00706/raw_data/hic/HG00706-30b-1_S7_L003_R1_001.fastq.gz','s3://human-pangenomics/working/HPRC/HG00706/raw_data/hic/HG00706-30b-1_S7_L003_R2_001.fastq.gz','s3://human-pangenomics/working/HPRC/HG00706/raw_data/hic/HG00706-30b-1_S7_L002_R1_001.fastq.gz','s3://human-pangenomics/working/HPRC/HG00706/raw_data/hic/HG00706-30b-1_S7_L002_R2_001.fastq.gz','s3://human-pangenomics/working/HPRC/HG00706/raw_data/hic/HG00706-30b-2_S8_L003_R1_001.fastq.gz','s3://human-pangenomics/working/HPRC/HG00706/raw_data/hic/HG00706-30b-2_S8_L003_R2_001.fastq.gz','s3://human-pangenomics/working/HPRC/HG00706/raw_data/hic/HG00706-30b-2_S8_L002_R1_001.fastq.gz','s3://human-pangenomics/working/HPRC/HG00706/raw_data/hic/HG00706-30b-2_S8_L002_R2_001.fastq.gz','s3://human-pangenomics/working/HPRC/HG00706/raw_data/hic/HG00706-30b-2_S8_L001_R1_001.fastq.gz','s3://human-pangenomics/working/HPRC/HG00706/raw_data/hic/HG00706-30b-2_S8_L001_R2_001.fastq.gz','s3://human-pangenomics/working/HPRC/HG00706/raw_data/hic/HG00706-30b-1_S7_L001_R1_001.fastq.gz','s3://human-pangenomics/working/HPRC/HG00706/raw_data/hic/HG00706-30b-1_S7_L001_R2_001.fastq.gz','s3://human-pangenomics/working/HPRC/HG00706/raw_data/hic/HG00706-30b-1_S7_L004_R1_001.fastq.gz','s3://human-pangenomics/working/HPRC/HG00706/raw_data/hic/HG00706-30b-1_S7_L004_R2_001.fastq.gz','s3://human-pangenomics/working/HPRC/HG00706/raw_data/hic/HG00706-30b-2_S8_L004_R1_001.fastq.gz','s3://human-pangenomics/working/HPRC/HG00706/raw_data/hic/HG00706-30b-2_S8_L004_R2_001.fastq.gz']	['s3://human-pangenomics/working/HPRC/HG00706/raw_data/PacBio_HiFi/primrose/m64055e_210731_145204.5mc.hifi_reads.bam','s3://human-pangenomics/working/HPRC/HG00706/raw_data/PacBio_HiFi/primrose/m64055e_210812_050522.5mc.hifi_reads.bam','s3://human-pangenomics/working/HPRC/HG00706/raw_data/PacBio_HiFi/primrose/m64055e_210813_141904.5mc.hifi_reads.bam','s3://human-pangenomics/working/HPRC/HG00706/raw_data/PacBio_HiFi/primrose/m64055e_210814_234047.5mc.hifi_reads.bam','s3://human-pangenomics/working/HPRC/HG00706/raw_data/PacBio_HiFi/m84091_230817_140121_s1.hifi_reads.bc1011.bam']	['s3://human-pangenomics/working/HPRC/HG00706/raw_data/Illumina/child/HG00706.final.cram']	['s3://human-pangenomics/working/HPRC/HG00706/raw_data/nanopore/sup5.0.0_5mCG_5hmCG/11_12_24_R1041_UL_HPRC_HG00706_1_dorado0.9.0_sup5.0.0_5mCG_5hmCG.bam','s3://human-pangenomics/working/HPRC/HG00706/raw_data/nanopore/sup5.0.0_5mCG_5hmCG/11_12_24_R1041_UL_HPRC_HG00706_2_dorado0.9.0_sup5.0.0_5mCG_5hmCG.bam','s3://human-pangenomics/working/HPRC/HG00706/raw_data/nanopore/guppy_6/07_13_21_R941_HG00706_1_Guppy_6.4.6_450bps_modbases_5mc_cg_sup_prom_pass.bam','s3://human-pangenomics/working/HPRC/HG00706/raw_data/nanopore/guppy_6/07_13_21_R941_HG00706_2_Guppy_6.4.6_450bps_modbases_5mc_cg_sup_prom_pass.bam','s3://human-pangenomics/working/HPRC/HG00706/raw_data/nanopore/guppy_6/07_13_21_R941_HG00706_3_Guppy_6.4.6_450bps_modbases_5mc_cg_sup_prom_pass.bam']	[--unitig-abundance 8]
HG00735	['s3://human-pangenomics/working/HPRC/HG00735/raw_data/hic/NWM224e-2_S13_L001_R1_001.fastq.gz','s3://human-pangenomics/working/HPRC/HG00735/raw_data/hic/NWM224e-2_S13_L001_R2_001.fastq.gz','s3://human-pangenomics/working/HPRC/HG00735/raw_data/hic/NWM224e-2_S13_L002_R1_001.fastq.gz','s3://human-pangenomics/working/HPRC/HG00735/raw_data/hic/NWM224e-2_S13_L002_R2_001.fastq.gz','s3://human-pangenomics/working/HPRC/HG00735/raw_data/hic/NWM224e-2_S13_L003_R1_001.fastq.gz','s3://human-pangenomics/working/HPRC/HG00735/raw_data/hic/NWM224e-2_S13_L003_R2_001.fastq.gz','s3://human-pangenomics/working/HPRC/HG00735/raw_data/hic/NWM224e-2_S13_L004_R1_001.fastq.gz','s3://human-pangenomics/working/HPRC/HG00735/raw_data/hic/NWM224e-2_S13_L004_R2_001.fastq.gz','s3://human-pangenomics/working/HPRC/HG00735/raw_data/hic/NWM224e-1_S6_L001_R1_001.fastq.gz','s3://human-pangenomics/working/HPRC/HG00735/raw_data/hic/NWM224e-1_S6_L001_R2_001.fastq.gz','s3://human-pangenomics/working/HPRC/HG00735/raw_data/hic/NWM224e-1_S6_L002_R1_001.fastq.gz','s3://human-pangenomics/working/HPRC/HG00735/raw_data/hic/NWM224e-1_S6_L002_R2_001.fastq.gz','s3://human-pangenomics/working/HPRC/HG00735/raw_data/hic/NWM224e-1_S6_L003_R1_001.fastq.gz','s3://human-pangenomics/working/HPRC/HG00735/raw_data/hic/NWM224e-1_S6_L003_R2_001.fastq.gz','s3://human-pangenomics/working/HPRC/HG00735/raw_data/hic/NWM224e-1_S6_L004_R1_001.fastq.gz','s3://human-pangenomics/working/HPRC/HG00735/raw_data/hic/NWM224e-1_S6_L004_R2_001.fastq.gz']	['s3://human-pangenomics/working/HPRC/HG00735/raw_data/PacBio_HiFi/deepconsensus/v1pt2/HG00735.m64043_200702_173033.dc.q20.fastq.gz','s3://human-pangenomics/working/HPRC/HG00735/raw_data/PacBio_HiFi/deepconsensus/v1pt2/HG00735.m64043_200703_234328.dc.q20.fastq.gz','s3://human-pangenomics/working/HPRC/HG00735/raw_data/PacBio_HiFi/deepconsensus/v1pt2/HG00735.m64043_200705_060840.dc.q20.fastq.gz','s3://human-pangenomics/working/HPRC/HG00735/raw_data/PacBio_HiFi/deepconsensus/v1pt2/HG00735.m64043_200706_123423.dc.q20.fastq.gz']	['s3://human-pangenomics/working/HPRC/HG00735/raw_data/Illumina/child/HG00735.final.cram']	['s3://human-pangenomics/working/HPRC/HG00735/raw_data/nanopore/sup5.0.0_5mCG_5hmCG/09_16_24_R1041_UL_HPRC_HG00735_2_dorado1.0.0_sup5.0.0_5mCG_5hmCG.bam','s3://human-pangenomics/working/HPRC/HG00735/raw_data/nanopore/sup5.0.0_5mCG_5hmCG/09_16_24_R1041_UL_HPRC_HG00735_1_dorado1.0.0_sup5.0.0_5mCG_5hmCG.bam','s3://human-pangenomics/working/HPRC/HG00735/raw_data/nanopore/guppy_6/04_11_23_R941_HG00735_1_Guppy_6.5.7_450bps_modbases_5mc_cg_sup_prom_pass.bam','s3://human-pangenomics/working/HPRC/HG00735/raw_data/nanopore/guppy_6/04_11_23_R941_HG00735_2_Guppy_6.5.7_450bps_modbases_5mc_cg_sup_prom_pass.bam','s3://human-pangenomics/working/HPRC/HG00735/raw_data/nanopore/guppy_6/04_11_23_R941_HG00735_3_Guppy_6.5.7_450bps_modbases_5mc_cg_sup_prom_pass.bam','s3://human-pangenomics/working/HPRC/HG00735/raw_data/nanopore/guppy_6/HG00735_1_Guppy_6.5.7_450bps_modbases_5mc_cg_sup_prom_pass.bam','s3://human-pangenomics/working/HPRC/HG00735/raw_data/nanopore/guppy_6/HG00735_3_Guppy_6.5.7_450bps_modbases_5mc_cg_sup_prom_pass.bam','s3://human-pangenomics/working/HPRC/HG00735/raw_data/nanopore/guppy_6/HG00735_5_Guppy_6.5.7_450bps_modbases_5mc_cg_sup_prom_pass.bam']	[--unitig-abundance 8]
HG00738	['s3://human-pangenomics/working/HPRC/HG00738/raw_data/hic/HG00738-27a-1_S5_L003_R1_001.fastq.gz','s3://human-pangenomics/working/HPRC/HG00738/raw_data/hic/HG00738-27a-1_S5_L003_R2_001.fastq.gz','s3://human-pangenomics/working/HPRC/HG00738/raw_data/hic/HG00738-27a-1_S5_L002_R1_001.fastq.gz','s3://human-pangenomics/working/HPRC/HG00738/raw_data/hic/HG00738-27a-1_S5_L002_R2_001.fastq.gz','s3://human-pangenomics/working/HPRC/HG00738/raw_data/hic/HG00738-27a-1_S5_L004_R1_001.fastq.gz','s3://human-pangenomics/working/HPRC/HG00738/raw_data/hic/HG00738-27a-1_S5_L004_R2_001.fastq.gz','s3://human-pangenomics/working/HPRC/HG00738/raw_data/hic/HG00738-27a-2_S6_L003_R1_001.fastq.gz','s3://human-pangenomics/working/HPRC/HG00738/raw_data/hic/HG00738-27a-2_S6_L003_R2_001.fastq.gz','s3://human-pangenomics/working/HPRC/HG00738/raw_data/hic/HG00738-27a-2_S6_L002_R1_001.fastq.gz','s3://human-pangenomics/working/HPRC/HG00738/raw_data/hic/HG00738-27a-2_S6_L002_R2_001.fastq.gz','s3://human-pangenomics/working/HPRC/HG00738/raw_data/hic/HG00738-27a-1_S5_L001_R2_001.fastq.gz','s3://human-pangenomics/working/HPRC/HG00738/raw_data/hic/HG00738-27a-1_S5_L001_R1_001.fastq.gz','s3://human-pangenomics/working/HPRC/HG00738/raw_data/hic/HG00738-27a-2_S6_L004_R1_001.fastq.gz','s3://human-pangenomics/working/HPRC/HG00738/raw_data/hic/HG00738-27a-2_S6_L004_R2_001.fastq.gz','s3://human-pangenomics/working/HPRC/HG00738/raw_data/hic/HG00738-27a-2_S6_L001_R1_001.fastq.gz','s3://human-pangenomics/working/HPRC/HG00738/raw_data/hic/HG00738-27a-2_S6_L001_R2_001.fastq.gz']	['s3://human-pangenomics/working/HPRC/HG00738/raw_data/PacBio_HiFi/deepconsensus/v1pt2/HG00738.m64043_210530_003337.dc.q20.fastq.gz','s3://human-pangenomics/working/HPRC/HG00738/raw_data/PacBio_HiFi/deepconsensus/v1pt2/HG00738.m64043_210531_080529.dc.q20.fastq.gz','s3://human-pangenomics/working/HPRC/HG00738/raw_data/PacBio_HiFi/deepconsensus/v1pt2/HG00738.m64043_210601_160048.dc.q20.fastq.gz','s3://human-pangenomics/working/HPRC/HG00738/raw_data/PacBio_HiFi/deepconsensus/v1pt2/HG00738.m64136_210602_151340.dc.q20.fastq.gz','s3://human-pangenomics/working/HPRC/HG00738/raw_data/PacBio_HiFi/m84081_231112_034048_s4.hifi_reads.bc2079.bam']	['s3://human-pangenomics/working/HPRC/HG00738/raw_data/Illumina/child/HG00738.final.cram']	['s3://human-pangenomics/working/HPRC/HG00738/raw_data/nanopore/sup5.0.0_5mCG_5hmCG/12_09_24_R1041_UL_HPRC_HG00738_1_dorado0.9.5_sup5.0.0_5mCG_5hmCG.bam','s3://human-pangenomics/working/HPRC/HG00738/raw_data/nanopore/sup5.0.0_5mCG_5hmCG/12_16_24_R1041_UL_HPRC_HG00738_1_dorado0.9.5_sup5.0.0_5mCG_5hmCG.bam','s3://human-pangenomics/working/HPRC/HG00738/raw_data/nanopore/guppy_6/06_22_21_R941_HG00738_1_Guppy_6.4.6_450bps_modbases_5mc_cg_sup_prom_pass.bam','s3://human-pangenomics/working/HPRC/HG00738/raw_data/nanopore/guppy_6/07_13_21_R941_HG00738_2_Guppy_6.4.6_450bps_modbases_5mc_cg_sup_prom_pass.bam','s3://human-pangenomics/working/HPRC/HG00738/raw_data/nanopore/guppy_6/07_13_21_R941_HG00738_3_Guppy_6.4.6_450bps_modbases_5mc_cg_sup_prom_pass.bam']	[--unitig-abundance 8]
HG00741	['s3://human-pangenomics/working/HPRC/HG00741/raw_data/hic/NWM223c-1_S5_L001_R1_001.fastq.gz','s3://human-pangenomics/working/HPRC/HG00741/raw_data/hic/NWM223c-1_S5_L001_R2_001.fastq.gz','s3://human-pangenomics/working/HPRC/HG00741/raw_data/hic/NWM223c-1_S5_L002_R1_001.fastq.gz','s3://human-pangenomics/working/HPRC/HG00741/raw_data/hic/NWM223c-1_S5_L002_R2_001.fastq.gz','s3://human-pangenomics/working/HPRC/HG00741/raw_data/hic/NWM223c-1_S5_L003_R1_001.fastq.gz','s3://human-pangenomics/working/HPRC/HG00741/raw_data/hic/NWM223c-1_S5_L003_R2_001.fastq.gz','s3://human-pangenomics/working/HPRC/HG00741/raw_data/hic/NWM223c-1_S5_L004_R1_001.fastq.gz','s3://human-pangenomics/working/HPRC/HG00741/raw_data/hic/NWM223c-1_S5_L004_R2_001.fastq.gz','s3://human-pangenomics/working/HPRC/HG00741/raw_data/hic/NWM223c-2_S12_L001_R1_001.fastq.gz','s3://human-pangenomics/working/HPRC/HG00741/raw_data/hic/NWM223c-2_S12_L001_R2_001.fastq.gz','s3://human-pangenomics/working/HPRC/HG00741/raw_data/hic/NWM223c-2_S12_L002_R1_001.fastq.gz','s3://human-pangenomics/working/HPRC/HG00741/raw_data/hic/NWM223c-2_S12_L002_R2_001.fastq.gz','s3://human-pangenomics/working/HPRC/HG00741/raw_data/hic/NWM223c-2_S12_L003_R1_001.fastq.gz','s3://human-pangenomics/working/HPRC/HG00741/raw_data/hic/NWM223c-2_S12_L003_R2_001.fastq.gz','s3://human-pangenomics/working/HPRC/HG00741/raw_data/hic/NWM223c-2_S12_L004_R1_001.fastq.gz','s3://human-pangenomics/working/HPRC/HG00741/raw_data/hic/NWM223c-2_S12_L004_R2_001.fastq.gz']	['s3://human-pangenomics/working/HPRC/HG00741/raw_data/PacBio_HiFi/deepconsensus/v1pt2/HG00741.m64136_200625_174949.dc.q20.fastq.gz','s3://human-pangenomics/working/HPRC/HG00741/raw_data/PacBio_HiFi/deepconsensus/v1pt2/HG00741.m64136_200627_000247.dc.q20.fastq.gz','s3://human-pangenomics/working/HPRC/HG00741/raw_data/PacBio_HiFi/deepconsensus/v1pt2/HG00741.m64136_200628_062837.dc.q20.fastq.gz','s3://human-pangenomics/working/HPRC/HG00741/raw_data/PacBio_HiFi/deepconsensus/v1pt2/HG00741.m64136_200629_125431.dc.q20.fastq.gz','s3://human-pangenomics/working/HPRC/HG00741/raw_data/PacBio_HiFi/m84081_231222_081401_s1.hifi_reads.bc2024.bam','s3://human-pangenomics/working/HPRC/HG00741/raw_data/PacBio_HiFi/m84081_231222_141231_s4.hifi_reads.bc2024.bam','s3://human-pangenomics/working/HPRC/HG00741/raw_data/PacBio_HiFi/m84081_231222_121301_s3.hifi_reads.bc2024.bam','s3://human-pangenomics/working/HPRC/HG00741/raw_data/PacBio_HiFi/m84081_231222_101332_s2.hifi_reads.bc2024.bam']	['s3://human-pangenomics/working/HPRC/HG00741/raw_data/Illumina/child/HG00741.final.cram']	['s3://human-pangenomics/working/HPRC/HG00741/raw_data/nanopore/sup5.0.0_5mCG_5hmCG/09_16_24_R1041_UL_HPRC_HG00741_1_dorado1.0.0_sup5.0.0_5mCG_5hmCG.bam','s3://human-pangenomics/working/HPRC/HG00741/raw_data/nanopore/sup5.0.0_5mCG_5hmCG/09_16_24_R1041_UL_HPRC_HG00741_2_dorado1.0.0_sup5.0.0_5mCG_5hmCG.bam','s3://human-pangenomics/working/HPRC/HG00741/raw_data/nanopore/guppy_6/1_11_23_R941_HG00741_1_Guppy_6.5.7_450bps_modbases_5mc_cg_sup_prom_pass.bam','s3://human-pangenomics/working/HPRC/HG00741/raw_data/nanopore/guppy_6/1_11_23_R941_HG00741_2_Guppy_6.5.7_450bps_modbases_5mc_cg_sup_prom_pass.bam','s3://human-pangenomics/working/HPRC/HG00741/raw_data/nanopore/guppy_6/HG00741_1_Guppy_6.5.7_450bps_modbases_5mc_cg_sup_prom_pass.bam','s3://human-pangenomics/working/HPRC/HG00741/raw_data/nanopore/guppy_6/HG00741_3_Guppy_6.5.7_450bps_modbases_5mc_cg_sup_prom_pass.bam','s3://human-pangenomics/working/HPRC/HG00741/raw_data/nanopore/guppy_6/HG00741_5_Guppy_6.5.7_450bps_modbases_5mc_cg_sup_prom_pass.bam']	[--unitig-abundance 8]
HG00867	['s3://human-pangenomics/working/HPRC/HG00867/raw_data/hic/HG00867-1_FC1_S7_L001_R2_001.fastq.gz','s3://human-pangenomics/working/HPRC/HG00867/raw_data/hic/HG00867-1_FC2_S7_L001_R2_001.fastq.gz','s3://human-pangenomics/working/HPRC/HG00867/raw_data/hic/HG00867-2_FC1_S8_L001_R2_001.fastq.gz','s3://human-pangenomics/working/HPRC/HG00867/raw_data/hic/HG00867-2_FC2_S8_L001_R2_001.fastq.gz','s3://human-pangenomics/working/HPRC/HG00867/raw_data/hic/HG00867-1_FC1_S7_L001_R1_001.fastq.gz','s3://human-pangenomics/working/HPRC/HG00867/raw_data/hic/HG00867-1_FC2_S7_L001_R1_001.fastq.gz','s3://human-pangenomics/working/HPRC/HG00867/raw_data/hic/HG00867-2_FC1_S8_L001_R1_001.fastq.gz','s3://human-pangenomics/working/HPRC/HG00867/raw_data/hic/HG00867-2_FC2_S8_L001_R1_001.fastq.gz']	['s3://human-pangenomics/working/HPRC/HG00867/raw_data/PacBio_HiFi/m84091_230710_183139_s4.hifi_reads.bc1003.bam','s3://human-pangenomics/working/HPRC/HG00867/raw_data/PacBio_HiFi/m84091_230629_184115_s3.hifi_reads.bc1003.bam','s3://human-pangenomics/working/HPRC/HG00867/raw_data/PacBio_HiFi/m84091_230703_165220_s2.hifi_reads.bc1003.bam']	['s3://human-pangenomics/working/HPRC/HG00867/raw_data/Illumina/child/HG00867.final.fq.gz']	['s3://human-pangenomics/working/HPRC/HG00867/raw_data/nanopore/sup5.0.0_5mCG_5hmCG/11_7_23_R1041_HPRC_HG00867_1_dorado0.9.5_sup5.0.0_5mCG_5hmCG.bam','s3://human-pangenomics/working/HPRC/HG00867/raw_data/nanopore/sup5.0.0_5mCG_5hmCG/11_7_23_R1041_HPRC_HG00867_2_dorado0.9.5_sup5.0.0_5mCG_5hmCG.bam','s3://human-pangenomics/working/HPRC/HG00867/raw_data/nanopore/sup5.0.0_5mCG_5hmCG/11_7_23_R1041_HPRC_HG00867_3_dorado0.9.5_sup5.0.0_5mCG_5hmCG.bam']	[--unitig-abundance 8]
HG01028	['s3://human-pangenomics/working/HPRC/HG01028/raw_data/hic/HG01028-1_FC1_S9_L001_R1_001.fastq.gz','s3://human-pangenomics/working/HPRC/HG01028/raw_data/hic/HG01028-1_FC1_S9_L001_R2_001.fastq.gz','s3://human-pangenomics/working/HPRC/HG01028/raw_data/hic/HG01028-1_FC2_S9_L001_R1_001.fastq.gz','s3://human-pangenomics/working/HPRC/HG01028/raw_data/hic/HG01028-1_FC2_S9_L001_R2_001.fastq.gz','s3://human-pangenomics/working/HPRC/HG01028/raw_data/hic/HG01028-2_FC1_S10_L001_R1_001.fastq.gz','s3://human-pangenomics/working/HPRC/HG01028/raw_data/hic/HG01028-2_FC1_S10_L001_R2_001.fastq.gz','s3://human-pangenomics/working/HPRC/HG01028/raw_data/hic/HG01028-2_FC2_S10_L001_R1_001.fastq.gz','s3://human-pangenomics/working/HPRC/HG01028/raw_data/hic/HG01028-2_FC2_S10_L001_R2_001.fastq.gz']	['s3://human-pangenomics/working/HPRC/HG01028/raw_data/PacBio_HiFi/m84046_230728_232723_s1.hifi_reads.bc2094.bam','s3://human-pangenomics/working/HPRC/HG01028/raw_data/PacBio_HiFi/m84046_230724_200213_s3.hifi_reads.bc2094.bam','s3://human-pangenomics/working/HPRC/HG01028/raw_data/PacBio_HiFi/m84046_230724_190043_s1.hifi_reads.bc2094.bam','s3://human-pangenomics/working/HPRC/HG01028/raw_data/PacBio_HiFi/m84046_230724_193107_s2.hifi_reads.bc2094.bam']	['s3://human-pangenomics/working/HPRC/HG01028/raw_data/Illumina/child/HG01028.final.fq.gz']	['s3://human-pangenomics/working/HPRC/HG01028/raw_data/nanopore/sup5.0.0_5mCG_5hmCG/09_12_23_R1041_HPRC_HG01028_1_dorado0.9.5_sup5.0.0_5mCG_5hmCG.bam','s3://human-pangenomics/working/HPRC/HG01028/raw_data/nanopore/sup5.0.0_5mCG_5hmCG/09_12_23_R1041_HPRC_HG01028_2_dorado0.9.5_sup5.0.0_5mCG_5hmCG.bam','s3://human-pangenomics/working/HPRC/HG01028/raw_data/nanopore/sup5.0.0_5mCG_5hmCG/09_12_23_R1041_HPRC_HG01028_3_dorado0.9.5_sup5.0.0_5mCG_5hmCG.bam']	[--unitig-abundance 8]
HG01048	['s3://human-pangenomics/working/HPRC/HG01048/raw_data/hic/HG01048-1_FC1_S7_L001_R2_001.fastq.gz','s3://human-pangenomics/working/HPRC/HG01048/raw_data/hic/HG01048-2_FC1_S8_L001_R2_001.fastq.gz','s3://human-pangenomics/working/HPRC/HG01048/raw_data/hic/HG01048-1_FC1_S7_L001_R1_001.fastq.gz','s3://human-pangenomics/working/HPRC/HG01048/raw_data/hic/HG01048-1_FC2_S7_L001_R2_001.fastq.gz','s3://human-pangenomics/working/HPRC/HG01048/raw_data/hic/HG01048-1_FC2_S7_L001_R1_001.fastq.gz','s3://human-pangenomics/working/HPRC/HG01048/raw_data/hic/HG01048-2_FC2_S8_L001_R2_001.fastq.gz','s3://human-pangenomics/working/HPRC/HG01048/raw_data/hic/HG01048-2_FC1_S8_L001_R1_001.fastq.gz','s3://human-pangenomics/working/HPRC/HG01048/raw_data/hic/HG01048-2_FC2_S8_L001_R1_001.fastq.gz']	['s3://human-pangenomics/working/HPRC/HG01048/raw_data/PacBio_HiFi/m84046_230905_231311_s2.hifi_reads.bc2034.bam','s3://human-pangenomics/working/HPRC/HG01048/raw_data/PacBio_HiFi/m84046_230831_234545_s2.hifi_reads.bc2034.bam','s3://human-pangenomics/working/HPRC/HG01048/raw_data/PacBio_HiFi/m84046_230831_231439_s1.hifi_reads.bc2034.bam','s3://human-pangenomics/working/HPRC/HG01048/raw_data/PacBio_HiFi/m84046_230906_222128_s4.hifi_reads.bc2034.bam']	['s3://human-pangenomics/working/HPRC/HG01048/raw_data/Illumina/child/HG01048.final.fq.gz']	['s3://human-pangenomics/working/HPRC/HG01048/raw_data/nanopore/sup5.0.0_5mCG_5hmCG/01_23_24_R1041_HPRC_HG01048_1_dorado0.9.5_sup5.0.0_5mCG_5hmCG.bam','s3://human-pangenomics/working/HPRC/HG01048/raw_data/nanopore/sup5.0.0_5mCG_5hmCG/01_23_24_R1041_HPRC_HG01048_2_dorado0.9.5_sup5.0.0_5mCG_5hmCG.bam','s3://human-pangenomics/working/HPRC/HG01048/raw_data/nanopore/sup5.0.0_5mCG_5hmCG/10_17_23_R1041_HPRC_HG01048_1_dorado0.9.5_sup5.0.0_5mCG_5hmCG.bam','s3://human-pangenomics/working/HPRC/HG01048/raw_data/nanopore/sup5.0.0_5mCG_5hmCG/10_17_23_R1041_HPRC_HG01048_2_dorado0.9.5_sup5.0.0_5mCG_5hmCG.bam','s3://human-pangenomics/working/HPRC/HG01048/raw_data/nanopore/sup5.0.0_5mCG_5hmCG/10_17_23_R1041_HPRC_HG01048_3_dorado0.9.5_sup5.0.0_5mCG_5hmCG.bam']	[--unitig-abundance 8]
HG01067	['s3://human-pangenomics/working/HPRC/HG01067/raw_data/hic/HG01067-1_FC1_S35_L003_R1_001.fastq.gz','s3://human-pangenomics/working/HPRC/HG01067/raw_data/hic/HG01067-1_FC1_S35_L003_R2_001.fastq.gz','s3://human-pangenomics/working/HPRC/HG01067/raw_data/hic/HG01067-1_FC2_S35_L003_R1_001.fastq.gz','s3://human-pangenomics/working/HPRC/HG01067/raw_data/hic/HG01067-1_FC2_S35_L003_R2_001.fastq.gz','s3://human-pangenomics/working/HPRC/HG01067/raw_data/hic/HG01067-2_FC1_S36_L003_R1_001.fastq.gz','s3://human-pangenomics/working/HPRC/HG01067/raw_data/hic/HG01067-2_FC1_S36_L003_R2_001.fastq.gz','s3://human-pangenomics/working/HPRC/HG01067/raw_data/hic/HG01067-2_FC2_S36_L003_R1_001.fastq.gz','s3://human-pangenomics/working/HPRC/HG01067/raw_data/hic/HG01067-2_FC2_S36_L003_R2_001.fastq.gz']	['s3://human-pangenomics/working/HPRC/HG01067/raw_data/PacBio_HiFi/m84203_240530_203541_s3.hifi_reads.bc1001.bam','s3://human-pangenomics/working/HPRC/HG01067/raw_data/PacBio_HiFi/m84091_240614_173552_s1.hifi_reads.bc1001.bam','s3://human-pangenomics/working/HPRC/HG01067/raw_data/PacBio_HiFi/m84091_240604_171834_s3.hifi_reads.bc1001.bam']	['s3://human-pangenomics/working/HPRC/HG01067/raw_data/Illumina/child/HG01067.final.fq.gz']	['s3://human-pangenomics/working/HPRC/HG01067/raw_data/nanopore/sup5.0.0_5mCG_5hmCG/10_28_24_R1041_UL_HPRC_HG01067_1_dorado0.9.1_sup5.0.0_5mCG_5hmCG.bam','s3://human-pangenomics/working/HPRC/HG01067/raw_data/nanopore/sup5.0.0_5mCG_5hmCG/10_28_24_R1041_UL_HPRC_HG01067_2_dorado0.9.1_sup5.0.0_5mCG_5hmCG.bam','s3://human-pangenomics/working/HPRC/HG01067/raw_data/nanopore/sup5.0.0_5mCG_5hmCG/11_04_24_R1041_UL_HPRC_HG01067_1_dorado0.9.1_sup5.0.0_5mCG_5hmCG.bam','s3://human-pangenomics/working/HPRC/HG01067/raw_data/nanopore/sup5.0.0_5mCG_5hmCG/12_09_24_R1041_UL_HPRC_HG01067_1_dorado0.9.1_sup5.0.0_5mCG_5hmCG.bam','s3://human-pangenomics/working/HPRC/HG01067/raw_data/nanopore/sup5.0.0_5mCG_5hmCG/12_09_24_R1041_UL_HPRC_HG01067_2_dorado0.9.1_sup5.0.0_5mCG_5hmCG.bam']	[--unitig-abundance 8]
HG01071	['s3://human-pangenomics/working/HPRC/HG01071/raw_data/hic/NWM225b-2_S14_L001_R1_001.fastq.gz','s3://human-pangenomics/working/HPRC/HG01071/raw_data/hic/NWM225b-2_S14_L001_R2_001.fastq.gz','s3://human-pangenomics/working/HPRC/HG01071/raw_data/hic/NWM225b-2_S14_L002_R1_001.fastq.gz','s3://human-pangenomics/working/HPRC/HG01071/raw_data/hic/NWM225b-2_S14_L002_R2_001.fastq.gz','s3://human-pangenomics/working/HPRC/HG01071/raw_data/hic/NWM225b-2_S14_L003_R1_001.fastq.gz','s3://human-pangenomics/working/HPRC/HG01071/raw_data/hic/NWM225b-2_S14_L003_R2_001.fastq.gz','s3://human-pangenomics/working/HPRC/HG01071/raw_data/hic/NWM225b-2_S14_L004_R1_001.fastq.gz','s3://human-pangenomics/working/HPRC/HG01071/raw_data/hic/NWM225b-2_S14_L004_R2_001.fastq.gz','s3://human-pangenomics/working/HPRC/HG01071/raw_data/hic/NWM225b-1_S7_L001_R1_001.fastq.gz','s3://human-pangenomics/working/HPRC/HG01071/raw_data/hic/NWM225b-1_S7_L001_R2_001.fastq.gz','s3://human-pangenomics/working/HPRC/HG01071/raw_data/hic/NWM225b-1_S7_L002_R1_001.fastq.gz','s3://human-pangenomics/working/HPRC/HG01071/raw_data/hic/NWM225b-1_S7_L002_R2_001.fastq.gz','s3://human-pangenomics/working/HPRC/HG01071/raw_data/hic/NWM225b-1_S7_L003_R1_001.fastq.gz','s3://human-pangenomics/working/HPRC/HG01071/raw_data/hic/NWM225b-1_S7_L003_R2_001.fastq.gz','s3://human-pangenomics/working/HPRC/HG01071/raw_data/hic/NWM225b-1_S7_L004_R1_001.fastq.gz','s3://human-pangenomics/working/HPRC/HG01071/raw_data/hic/NWM225b-1_S7_L004_R2_001.fastq.gz']	['s3://human-pangenomics/working/HPRC/HG01071/raw_data/PacBio_HiFi/deepconsensus/v1pt2/HG01071.m64043_220520_191036.dc.q20.fastq.gz','s3://human-pangenomics/working/HPRC/HG01071/raw_data/PacBio_HiFi/deepconsensus/v1pt2/HG01071.m64043_220522_151822.dc.q20.fastq.gz','s3://human-pangenomics/working/HPRC/HG01071/raw_data/PacBio_HiFi/deepconsensus/v1pt2/HG01071.m64136_200702_173125.dc.q20.fastq.gz','s3://human-pangenomics/working/HPRC/HG01071/raw_data/PacBio_HiFi/deepconsensus/v1pt2/HG01071.m64136_200703_234438.dc.q20.fastq.gz','s3://human-pangenomics/working/HPRC/HG01071/raw_data/PacBio_HiFi/deepconsensus/v1pt2/HG01071.m64136_200705_061033.dc.q20.fastq.gz','s3://human-pangenomics/working/HPRC/HG01071/raw_data/PacBio_HiFi/deepconsensus/v1pt2/HG01071.m64136_200706_123635.dc.q20.fastq.gz','s3://human-pangenomics/working/HPRC/HG01071/raw_data/PacBio_HiFi/m84081_231222_121301_s3.hifi_reads.bc2026.bam','s3://human-pangenomics/working/HPRC/HG01071/raw_data/PacBio_HiFi/m84081_231222_141231_s4.hifi_reads.bc2026.bam','s3://human-pangenomics/working/HPRC/HG01071/raw_data/PacBio_HiFi/m84081_231222_081401_s1.hifi_reads.bc2026.bam','s3://human-pangenomics/working/HPRC/HG01071/raw_data/PacBio_HiFi/m84081_231222_101332_s2.hifi_reads.bc2026.bam']	['s3://human-pangenomics/working/HPRC/HG01071/raw_data/Illumina/child/HG01071.final.cram']	['s3://human-pangenomics/working/HPRC/HG01071/raw_data/nanopore/sup5.0.0_5mCG_5hmCG/09_16_24_R1041_UL_HPRC_HG01071_2_dorado1.0.0_sup5.0.0_5mCG_5hmCG.bam','s3://human-pangenomics/working/HPRC/HG01071/raw_data/nanopore/sup5.0.0_5mCG_5hmCG/09_16_24_R1041_UL_HPRC_HG01071_1_dorado1.0.0_sup5.0.0_5mCG_5hmCG.bam','s3://human-pangenomics/working/HPRC/HG01071/raw_data/nanopore/guppy_6/HG01071_1_Guppy_6.5.7_450bps_modbases_5mc_cg_sup_prom_pass.bam','s3://human-pangenomics/working/HPRC/HG01071/raw_data/nanopore/guppy_6/HG01071_3_Guppy_6.5.7_450bps_modbases_5mc_cg_sup_prom_pass.bam','s3://human-pangenomics/working/HPRC/HG01071/raw_data/nanopore/guppy_6/HG01071_5_Guppy_6.5.7_450bps_modbases_5mc_cg_sup_prom_pass.bam','s3://human-pangenomics/working/HPRC/HG01071/raw_data/nanopore/guppy_6/HG01071_PAK28002_Guppy_6.5.7_450bps_modbases_5mc_cg_sup_prom_pass.bam','s3://human-pangenomics/working/HPRC/HG01071/raw_data/nanopore/guppy_6/HG01071_PAM53072_Guppy_6.5.7_450bps_modbases_5mc_cg_sup_prom_pass.bam','s3://human-pangenomics/working/HPRC/HG01071/raw_data/nanopore/guppy_6/HG01071_PAM53513_Guppy_6.5.7_450bps_modbases_5mc_cg_sup_prom_pass.bam','s3://human-pangenomics/working/HPRC/HG01071/raw_data/nanopore/guppy_6/HG01071_PAM54677_Guppy_6.5.7_450bps_modbases_5mc_cg_sup_prom_pass.bam','s3://human-pangenomics/working/HPRC/HG01071/raw_data/nanopore/guppy_6/HG01071_PAM55655_Guppy_6.5.7_450bps_modbases_5mc_cg_sup_prom_pass.bam','s3://human-pangenomics/working/HPRC/HG01071/raw_data/nanopore/guppy_6/HG01071_PAM55678_Guppy_6.5.7_450bps_modbases_5mc_cg_sup_prom_pass.bam']	[--unitig-abundance 8]
HG01074	['s3://human-pangenomics/working/HPRC/HG01074/raw_data/hic/HG01074-1_S1_L001_R1_001.fastq.gz','s3://human-pangenomics/working/HPRC/HG01074/raw_data/hic/HG01074-1_S1_L001_R2_001.fastq.gz','s3://human-pangenomics/working/HPRC/HG01074/raw_data/hic/HG01074-2_S5_L001_R1_001.fastq.gz','s3://human-pangenomics/working/HPRC/HG01074/raw_data/hic/HG01074-2_S5_L001_R2_001.fastq.gz']	['s3://human-pangenomics/working/HPRC/HG01074/raw_data/PacBio_HiFi/deepconsensus/v1pt2/HG01074.m54329U_211110_112322.dc.q20.fastq.gz','s3://human-pangenomics/working/HPRC/HG01074/raw_data/PacBio_HiFi/deepconsensus/v1pt2/HG01074.m54329U_211208_005551.dc.q20.fastq.gz','s3://human-pangenomics/working/HPRC/HG01074/raw_data/PacBio_HiFi/deepconsensus/v1pt2/HG01074.m54329U_211211_014820.dc.q20.fastq.gz','s3://human-pangenomics/working/HPRC/HG01074/raw_data/PacBio_HiFi/deepconsensus/v1pt2/HG01074.m54329U_211212_111219.dc.q20.fastq.gz','s3://human-pangenomics/working/HPRC/HG01074/raw_data/PacBio_HiFi/m84046_230719_001055_s4.hifi_reads.bc2061.bam','s3://human-pangenomics/working/HPRC/HG01074/raw_data/PacBio_HiFi/m84046_230712_231732_s2.hifi_reads.bc2061.bam']	['s3://human-pangenomics/working/HPRC/HG01074/raw_data/Illumina/child/HG01074.final.cram']	['s3://human-pangenomics/working/HPRC/HG01074/raw_data/nanopore/sup5.0.0_5mCG_5hmCG/12_02_24_R1041_UL_HPRC_HG01074_1_dorado0.9.1_sup5.0.0_5mCG_5hmCG.bam','s3://human-pangenomics/working/HPRC/HG01074/raw_data/nanopore/sup5.0.0_5mCG_5hmCG/12_02_24_R1041_UL_HPRC_HG01074_2_dorado0.9.1_sup5.0.0_5mCG_5hmCG.bam','s3://human-pangenomics/working/HPRC/HG01074/raw_data/nanopore/guppy_6/02_17_22_R941_HG01074_1_Guppy_6.5.7_450bps_modbases_5mc_cg_sup_prom_pass.bam','s3://human-pangenomics/working/HPRC/HG01074/raw_data/nanopore/guppy_6/02_17_22_R941_HG01074_2_Guppy_6.5.7_450bps_modbases_5mc_cg_sup_prom_pass.bam','s3://human-pangenomics/working/HPRC/HG01074/raw_data/nanopore/guppy_6/02_17_22_R941_HG01074_3_Guppy_6.5.7_450bps_modbases_5mc_cg_sup_prom_pass.bam']	[--unitig-abundance 8]
HG01081	['s3://human-pangenomics/working/HPRC/HG01081/raw_data/hic/HG01081-2_S5_L003_R1_001.fastq.gz','s3://human-pangenomics/working/HPRC/HG01081/raw_data/hic/HG01081-2_S5_L003_R2_001.fastq.gz','s3://human-pangenomics/working/HPRC/HG01081/raw_data/hic/HG01081-1_S5_L002_R1_001.fastq.gz','s3://human-pangenomics/working/HPRC/HG01081/raw_data/hic/HG01081-1_S5_L002_R2_001.fastq.gz']	['s3://human-pangenomics/working/HPRC/HG01081/raw_data/PacBio_HiFi/deepconsensus/v1pt2/HG01081.m54329U_211223_214216.dc.q20.fastq.gz','s3://human-pangenomics/working/HPRC/HG01081/raw_data/PacBio_HiFi/deepconsensus/v1pt2/HG01081.m54329U_220101_220852.dc.q20.fastq.gz','s3://human-pangenomics/working/HPRC/HG01081/raw_data/PacBio_HiFi/deepconsensus/v1pt2/HG01081.m54329U_220103_072943.dc.q20.fastq.gz','s3://human-pangenomics/working/HPRC/HG01081/raw_data/PacBio_HiFi/m84046_230707_205716_s4.bc2065--bc2065.bam','s3://human-pangenomics/working/HPRC/HG01081/raw_data/PacBio_HiFi/m84046_230628_210130_s1.bc2065--bc2065.bam']	['s3://human-pangenomics/working/HPRC/HG01081/raw_data/Illumina/child/HG01081.final.cram']	['s3://human-pangenomics/working/HPRC/HG01081/raw_data/nanopore/sup5.0.0_5mCG_5hmCG/11_04_24_R1041_UL_HPRC_HG01081_1_dorado0.9.1_sup5.0.0_5mCG_5hmCG.bam','s3://human-pangenomics/working/HPRC/HG01081/raw_data/nanopore/sup5.0.0_5mCG_5hmCG/11_04_24_R1041_UL_HPRC_HG01081_2_dorado0.9.1_sup5.0.0_5mCG_5hmCG.bam','s3://human-pangenomics/working/HPRC/HG01081/raw_data/nanopore/guppy_6/03_01_22_R941_HG01081_1_Guppy_6.5.7_450bps_modbases_5mc_cg_sup_prom_pass.bam','s3://human-pangenomics/working/HPRC/HG01081/raw_data/nanopore/guppy_6/03_01_22_R941_HG01081_2_Guppy_6.5.7_450bps_modbases_5mc_cg_sup_prom_pass.bam','s3://human-pangenomics/working/HPRC/HG01081/raw_data/nanopore/guppy_6/03_01_22_R941_HG01081_3_Guppy_6.5.7_450bps_modbases_5mc_cg_sup_prom_pass.bam','s3://human-pangenomics/working/HPRC/HG01081/raw_data/nanopore/guppy_6/03_01_22_R941_HG01081_4_Guppy_6.5.7_450bps_modbases_5mc_cg_sup_prom_pass.bam']	[--unitig-abundance 8]
HG01099	['s3://human-pangenomics/working/HPRC/HG01099/raw_data/hic/HG01099-48d-2_S10_L004_R1_001.fastq.gz','s3://human-pangenomics/working/HPRC/HG01099/raw_data/hic/HG01099-48d-2_S10_L004_R2_001.fastq.gz','s3://human-pangenomics/working/HPRC/HG01099/raw_data/hic/HG01099-48d-2_S10_L003_R1_001.fastq.gz','s3://human-pangenomics/working/HPRC/HG01099/raw_data/hic/HG01099-48d-2_S10_L003_R2_001.fastq.gz','s3://human-pangenomics/working/HPRC/HG01099/raw_data/hic/HG01099-48d-2_S10_L002_R1_001.fastq.gz','s3://human-pangenomics/working/HPRC/HG01099/raw_data/hic/HG01099-48d-2_S10_L002_R2_001.fastq.gz','s3://human-pangenomics/working/HPRC/HG01099/raw_data/hic/HG01099-48d-2_S10_L001_R1_001.fastq.gz','s3://human-pangenomics/working/HPRC/HG01099/raw_data/hic/HG01099-48d-2_S10_L001_R2_001.fastq.gz','s3://human-pangenomics/working/HPRC/HG01099/raw_data/hic/HG01099-48d-1_S9_L004_R1_001.fastq.gz','s3://human-pangenomics/working/HPRC/HG01099/raw_data/hic/HG01099-48d-1_S9_L004_R2_001.fastq.gz','s3://human-pangenomics/working/HPRC/HG01099/raw_data/hic/HG01099-48d-1_S9_L003_R1_001.fastq.gz','s3://human-pangenomics/working/HPRC/HG01099/raw_data/hic/HG01099-48d-1_S9_L003_R2_001.fastq.gz','s3://human-pangenomics/working/HPRC/HG01099/raw_data/hic/HG01099-48d-1_S9_L002_R1_001.fastq.gz','s3://human-pangenomics/working/HPRC/HG01099/raw_data/hic/HG01099-48d-1_S9_L002_R2_001.fastq.gz','s3://human-pangenomics/working/HPRC/HG01099/raw_data/hic/HG01099-48d-1_S9_L001_R1_001.fastq.gz','s3://human-pangenomics/working/HPRC/HG01099/raw_data/hic/HG01099-48d-1_S9_L001_R2_001.fastq.gz']	['s3://human-pangenomics/working/HPRC/HG01099/raw_data/PacBio_HiFi/deepconsensus/v1pt2/HG01099.m64043_210704_052805.dc.q20.fastq.gz','s3://human-pangenomics/working/HPRC/HG01099/raw_data/PacBio_HiFi/deepconsensus/v1pt2/HG01099.m64043_210705_162656.dc.q20.fastq.gz','s3://human-pangenomics/working/HPRC/HG01099/raw_data/PacBio_HiFi/deepconsensus/v1pt2/HG01099.m64043_210707_032602.dc.q20.fastq.gz','s3://human-pangenomics/working/HPRC/HG01099/raw_data/PacBio_HiFi/m84081_231124_014115_s1.hifi_reads.bc2092.bam','s3://human-pangenomics/working/HPRC/HG01099/raw_data/PacBio_HiFi/m84081_231124_021221_s2.hifi_reads.bc2092.bam','s3://human-pangenomics/working/HPRC/HG01099/raw_data/PacBio_HiFi/m84081_231124_024327_s3.hifi_reads.bc2092.bam']	['s3://human-pangenomics/working/HPRC/HG01099/raw_data/Illumina/child/HG01099.final.cram']	['s3://human-pangenomics/working/HPRC/HG01099/raw_data/nanopore/sup5.0.0_5mCG_5hmCG/11_12_24_R1041_UL_HPRC_HG01099_1_dorado0.9.0_sup5.0.0_5mCG_5hmCG.bam','s3://human-pangenomics/working/HPRC/HG01099/raw_data/nanopore/sup5.0.0_5mCG_5hmCG/11_12_24_R1041_UL_HPRC_HG01099_2_dorado0.9.5_sup5.0.0_5mCG_5hmCG.bam','s3://human-pangenomics/working/HPRC/HG01099/raw_data/nanopore/guppy_6/08_10_21_R941_HG01099_1_Guppy_6.4.6_450bps_modbases_5mc_cg_sup_prom_pass.bam','s3://human-pangenomics/working/HPRC/HG01099/raw_data/nanopore/guppy_6/08_10_21_R941_HG01099_2_Guppy_6.4.6_450bps_modbases_5mc_cg_sup_prom_pass.bam','s3://human-pangenomics/working/HPRC/HG01099/raw_data/nanopore/guppy_6/08_10_21_R941_HG01099_3_Guppy_6.4.6_450bps_modbases_5mc_cg_sup_prom_pass.bam']	[--unitig-abundance 8]
HG01106	['s3://human-pangenomics/working/HPRC/HG01106/raw_data/hic/NWM221c-2_S10_L001_R1_001.fastq.gz','s3://human-pangenomics/working/HPRC/HG01106/raw_data/hic/NWM221c-2_S10_L001_R2_001.fastq.gz','s3://human-pangenomics/working/HPRC/HG01106/raw_data/hic/NWM221c-2_S10_L002_R1_001.fastq.gz','s3://human-pangenomics/working/HPRC/HG01106/raw_data/hic/NWM221c-2_S10_L002_R2_001.fastq.gz','s3://human-pangenomics/working/HPRC/HG01106/raw_data/hic/NWM221c-2_S10_L003_R1_001.fastq.gz','s3://human-pangenomics/working/HPRC/HG01106/raw_data/hic/NWM221c-2_S10_L003_R2_001.fastq.gz','s3://human-pangenomics/working/HPRC/HG01106/raw_data/hic/NWM221c-2_S10_L004_R1_001.fastq.gz','s3://human-pangenomics/working/HPRC/HG01106/raw_data/hic/NWM221c-2_S10_L004_R2_001.fastq.gz','s3://human-pangenomics/working/HPRC/HG01106/raw_data/hic/NWM221c-1_S3_L001_R1_001.fastq.gz','s3://human-pangenomics/working/HPRC/HG01106/raw_data/hic/NWM221c-1_S3_L001_R2_001.fastq.gz','s3://human-pangenomics/working/HPRC/HG01106/raw_data/hic/NWM221c-1_S3_L002_R1_001.fastq.gz','s3://human-pangenomics/working/HPRC/HG01106/raw_data/hic/NWM221c-1_S3_L002_R2_001.fastq.gz','s3://human-pangenomics/working/HPRC/HG01106/raw_data/hic/NWM221c-1_S3_L003_R1_001.fastq.gz','s3://human-pangenomics/working/HPRC/HG01106/raw_data/hic/NWM221c-1_S3_L003_R2_001.fastq.gz','s3://human-pangenomics/working/HPRC/HG01106/raw_data/hic/NWM221c-1_S3_L004_R1_001.fastq.gz','s3://human-pangenomics/working/HPRC/HG01106/raw_data/hic/NWM221c-1_S3_L004_R2_001.fastq.gz']	['s3://human-pangenomics/working/HPRC/HG01106/raw_data/PacBio_HiFi/deepconsensus/v1pt2/HG01106.m64043_200625_174853.dc.q20.fastq.gz','s3://human-pangenomics/working/HPRC/HG01106/raw_data/PacBio_HiFi/deepconsensus/v1pt2/HG01106.m64043_200627_000137.dc.q20.fastq.gz','s3://human-pangenomics/working/HPRC/HG01106/raw_data/PacBio_HiFi/deepconsensus/v1pt2/HG01106.m64043_200628_062711.dc.q20.fastq.gz','s3://human-pangenomics/working/HPRC/HG01106/raw_data/PacBio_HiFi/deepconsensus/v1pt2/HG01106.m64043_200629_125238.dc.q20.fastq.gz']	['s3://human-pangenomics/working/HPRC/HG01106/raw_data/Illumina/child/HG01106.final.cram']	['s3://human-pangenomics/working/HPRC/HG01106/raw_data/nanopore/sup5.0.0_5mCG_5hmCG/09_16_24_R1041_UL_HPRC_HG01106_1_dorado1.0.0_sup5.0.0_5mCG_5hmCG.bam','s3://human-pangenomics/working/HPRC/HG01106/raw_data/nanopore/sup5.0.0_5mCG_5hmCG/09_16_24_R1041_UL_HPRC_HG01106_2_dorado1.0.0_sup5.0.0_5mCG_5hmCG.bam','s3://human-pangenomics/working/HPRC/HG01106/raw_data/nanopore/guppy_6/1_11_23_R941_HG01106_1_Guppy_6.5.7_450bps_modbases_5mc_cg_sup_prom_pass.bam','s3://human-pangenomics/working/HPRC/HG01106/raw_data/nanopore/guppy_6/1_11_23_R941_HG01106_2_Guppy_6.5.7_450bps_modbases_5mc_cg_sup_prom_pass.bam','s3://human-pangenomics/working/HPRC/HG01106/raw_data/nanopore/guppy_6/HG01106_1_Guppy_6.5.7_450bps_modbases_5mc_cg_sup_prom_pass.bam','s3://human-pangenomics/working/HPRC/HG01106/raw_data/nanopore/guppy_6/HG01106_3_Guppy_6.5.7_450bps_modbases_5mc_cg_sup_prom_pass.bam','s3://human-pangenomics/working/HPRC/HG01106/raw_data/nanopore/guppy_6/HG01106_5_Guppy_6.5.7_450bps_modbases_5mc_cg_sup_prom_pass.bam']	[--unitig-abundance 8]
HG01123	['s3://human-pangenomics/working/HPRC/HG01123/raw_data/hic/NWM186c-2_S11_L001_R1_001.fastq.gz','s3://human-pangenomics/working/HPRC/HG01123/raw_data/hic/NWM186c-2_S11_L001_R2_001.fastq.gz','s3://human-pangenomics/working/HPRC/HG01123/raw_data/hic/NWM186c-2_S11_L003_R1_001.fastq.gz','s3://human-pangenomics/working/HPRC/HG01123/raw_data/hic/NWM186c-2_S11_L003_R2_001.fastq.gz','s3://human-pangenomics/working/HPRC/HG01123/raw_data/hic/NWM186c-2_S11_L002_R1_001.fastq.gz','s3://human-pangenomics/working/HPRC/HG01123/raw_data/hic/NWM186c-2_S11_L002_R2_001.fastq.gz','s3://human-pangenomics/working/HPRC/HG01123/raw_data/hic/NWM186c-1_S3_L001_R2_001.fastq.gz','s3://human-pangenomics/working/HPRC/HG01123/raw_data/hic/NWM186c-1_S3_L001_R1_001.fastq.gz','s3://human-pangenomics/working/HPRC/HG01123/raw_data/hic/NWM186c-1_S3_L003_R1_001.fastq.gz','s3://human-pangenomics/working/HPRC/HG01123/raw_data/hic/NWM186c-1_S3_L003_R2_001.fastq.gz','s3://human-pangenomics/working/HPRC/HG01123/raw_data/hic/NWM186c-2_S11_L004_R1_001.fastq.gz','s3://human-pangenomics/working/HPRC/HG01123/raw_data/hic/NWM186c-2_S11_L004_R2_001.fastq.gz','s3://human-pangenomics/working/HPRC/HG01123/raw_data/hic/NWM186c-1_S3_L002_R1_001.fastq.gz','s3://human-pangenomics/working/HPRC/HG01123/raw_data/hic/NWM186c-1_S3_L002_R2_001.fastq.gz','s3://human-pangenomics/working/HPRC/HG01123/raw_data/hic/NWM186c-1_S3_L004_R1_001.fastq.gz','s3://human-pangenomics/working/HPRC/HG01123/raw_data/hic/NWM186c-1_S3_L004_R2_001.fastq.gz']	['s3://human-pangenomics/working/HPRC/HG01123/raw_data/PacBio_HiFi/deepconsensus/v1pt2/HG01123.m54329U_200201_051510.dc.q20.fastq.gz','s3://human-pangenomics/working/HPRC/HG01123/raw_data/PacBio_HiFi/deepconsensus/v1pt2/HG01123.m54329U_200203_181235.dc.q20.fastq.gz','s3://human-pangenomics/working/HPRC/HG01123/raw_data/PacBio_HiFi/deepconsensus/v1pt2/HG01123.m54329U_200205_002609.dc.q20.fastq.gz','s3://human-pangenomics/working/HPRC/HG01123/raw_data/PacBio_HiFi/deepconsensus/v1pt2/HG01123.m54329U_200206_215926.dc.q20.fastq.gz','s3://human-pangenomics/working/HPRC/HG01123/raw_data/PacBio_HiFi/m84046_230724_203319_s4.hifi_reads.bc2055.bam','s3://human-pangenomics/working/HPRC/HG01123/raw_data/PacBio_HiFi/m84046_231202_090949_s3.hifi_reads.bc2055.bam']	['s3://human-pangenomics/working/HPRC/HG01123/raw_data/Illumina/child/HG01123-111121_S1_L001_R1_001.fastq.gz','s3://human-pangenomics/working/HPRC/HG01123/raw_data/Illumina/child/HG01123-111121_S1_L001_R2_001.fastq.gz']	['s3://human-pangenomics/working/HPRC/HG01123/raw_data/nanopore/sup5.0.0_5mCG_5hmCG/08_26_24_R1041_UL_HPRC_HG01123_1_dorado1.0.0_sup5.0.0_5mCG_5hmCG.bam','s3://human-pangenomics/working/HPRC/HG01123/raw_data/nanopore/sup5.0.0_5mCG_5hmCG/08_26_24_R1041_UL_HPRC_HG01123_2_dorado1.0.0_sup5.0.0_5mCG_5hmCG.bam','s3://human-pangenomics/working/HPRC/HG01123/raw_data/nanopore/guppy_6/12_7_22_R941_HG01123_1_Guppy_6.5.7_450bps_modbases_5mc_cg_sup_prom_pass.bam','s3://human-pangenomics/working/HPRC/HG01123/raw_data/nanopore/guppy_6/12_7_22_R941_HG01123_2_Guppy_6.5.7_450bps_modbases_5mc_cg_sup_prom_pass.bam','s3://human-pangenomics/working/HPRC/HG01123/raw_data/nanopore/guppy_6/HG01123_1_Guppy_6.5.7_450bps_modbases_5mc_cg_sup_prom_pass.bam','s3://human-pangenomics/working/HPRC/HG01123/raw_data/nanopore/guppy_6/HG01123_3_Guppy_6.5.7_450bps_modbases_5mc_cg_sup_prom_pass.bam','s3://human-pangenomics/working/HPRC/HG01123/raw_data/nanopore/guppy_6/HG01123_5_Guppy_6.5.7_450bps_modbases_5mc_cg_sup_prom_pass.bam']	[--unitig-abundance 8]
HG01136	['s3://human-pangenomics/working/HPRC/HG01136/raw_data/hic/HG01136-1_FC1_S29_L003_R1_001.fastq.gz','s3://human-pangenomics/working/HPRC/HG01136/raw_data/hic/HG01136-1_FC1_S29_L003_R2_001.fastq.gz','s3://human-pangenomics/working/HPRC/HG01136/raw_data/hic/HG01136-1_FC2_S29_L003_R1_001.fastq.gz','s3://human-pangenomics/working/HPRC/HG01136/raw_data/hic/HG01136-1_FC2_S29_L003_R2_001.fastq.gz','s3://human-pangenomics/working/HPRC/HG01136/raw_data/hic/HG01136-2_FC1_S30_L003_R1_001.fastq.gz','s3://human-pangenomics/working/HPRC/HG01136/raw_data/hic/HG01136-2_FC1_S30_L003_R2_001.fastq.gz','s3://human-pangenomics/working/HPRC/HG01136/raw_data/hic/HG01136-2_FC2_S30_L003_R1_001.fastq.gz','s3://human-pangenomics/working/HPRC/HG01136/raw_data/hic/HG01136-2_FC2_S30_L003_R2_001.fastq.gz']	['s3://human-pangenomics/working/HPRC/HG01136/raw_data/PacBio_HiFi/m84081_240412_214139_s2.hifi_reads.bc2073.bam','s3://human-pangenomics/working/HPRC/HG01136/raw_data/PacBio_HiFi/m84081_240412_234102_s3.hifi_reads.bc2073.bam']	['s3://human-pangenomics/working/HPRC/HG01136/raw_data/Illumina/child/HG01136.final.fq.gz']	['s3://human-pangenomics/working/HPRC/HG01136/raw_data/nanopore/sup5.0.0_5mCG_5hmCG/10_21_24_R1041_UL_HPRC_HG01136_1_dorado0.9.1_sup5.0.0_5mCG_5hmCG.bam','s3://human-pangenomics/working/HPRC/HG01136/raw_data/nanopore/sup5.0.0_5mCG_5hmCG/10_21_24_R1041_UL_HPRC_HG01136_2_dorado0.9.1_sup5.0.0_5mCG_5hmCG.bam']	[--unitig-abundance 8]
HG01150	['s3://human-pangenomics/working/HPRC/HG01150/raw_data/hic/HG01150-2_S11_L004_R1_001.fastq.gz','s3://human-pangenomics/working/HPRC/HG01150/raw_data/hic/HG01150-2_S11_L004_R2_001.fastq.gz','s3://human-pangenomics/working/HPRC/HG01150/raw_data/hic/HG01150-1_S5_L004_R1_001.fastq.gz','s3://human-pangenomics/working/HPRC/HG01150/raw_data/hic/HG01150-1_S5_L004_R2_001.fastq.gz']	['s3://human-pangenomics/working/HPRC/HG01150/raw_data/PacBio_HiFi/deepconsensus/v1pt2/HG01150.m54306Ue_220402_052301.dc.q20.fastq.gz','s3://human-pangenomics/working/HPRC/HG01150/raw_data/PacBio_HiFi/deepconsensus/v1pt2/HG01150.m64330e_220312_183407.dc.q20.fastq.gz','s3://human-pangenomics/working/HPRC/HG01150/raw_data/PacBio_HiFi/deepconsensus/v1pt2/HG01150.m64330e_220314_040416.dc.q20.fastq.gz','s3://human-pangenomics/working/HPRC/HG01150/raw_data/PacBio_HiFi/deepconsensus/v1pt2/HG01150.m64334e_220306_054934.dc.q20.fastq.gz','s3://human-pangenomics/working/HPRC/HG01150/raw_data/PacBio_HiFi/deepconsensus/v1pt2/HG01150.m64334e_220412_183749.dc.q20.fastq.gz','s3://human-pangenomics/working/HPRC/HG01150/raw_data/PacBio_HiFi/m84091_231004_192043_s3.hifi_reads.bc1019.bam','s3://human-pangenomics/working/HPRC/HG01150/raw_data/PacBio_HiFi/m84091_230905_202807_s3.hifi_reads.bc1019.bam','s3://human-pangenomics/working/HPRC/HG01150/raw_data/PacBio_HiFi/m84091_230905_195701_s2.hifi_reads.bc1019.bam','s3://human-pangenomics/working/HPRC/HG01150/raw_data/PacBio_HiFi/m84091_230905_192642_s1.hifi_reads.bc1019.bam']	['s3://human-pangenomics/working/HPRC/HG01150/raw_data/Illumina/child/HG01150.final.cram']	['s3://human-pangenomics/working/HPRC/HG01150/raw_data/nanopore/sup5.0.0_5mCG_5hmCG/11_04_24_R1041_UL_HPRC_HG01150_1_dorado0.9.1_sup5.0.0_5mCG_5hmCG.bam','s3://human-pangenomics/working/HPRC/HG01150/raw_data/nanopore/sup5.0.0_5mCG_5hmCG/11_04_24_R1041_UL_HPRC_HG01150_2_dorado0.9.1_sup5.0.0_5mCG_5hmCG.bam','s3://human-pangenomics/working/HPRC/HG01150/raw_data/nanopore/guppy_6/03_01_22_R941_HG01150_1_Guppy_6.5.7_450bps_modbases_5mc_cg_sup_prom_pass.bam','s3://human-pangenomics/working/HPRC/HG01150/raw_data/nanopore/guppy_6/03_01_22_R941_HG01150_2_Guppy_6.5.7_450bps_modbases_5mc_cg_sup_prom_pass.bam','s3://human-pangenomics/working/HPRC/HG01150/raw_data/nanopore/guppy_6/03_01_22_R941_HG01150_3_Guppy_6.5.7_450bps_modbases_5mc_cg_sup_prom_pass.bam']	[--unitig-abundance 8]
HG01167	['s3://human-pangenomics/working/HPRC/HG01167/raw_data/hic/HG01167-2_FC1_S20_L001_R1_001.fastq.gz','s3://human-pangenomics/working/HPRC/HG01167/raw_data/hic/HG01167-2_FC1_S20_L001_R2_001.fastq.gz','s3://human-pangenomics/working/HPRC/HG01167/raw_data/hic/HG01167-2_FC3_S20_L001_R1_001.fastq.gz','s3://human-pangenomics/working/HPRC/HG01167/raw_data/hic/HG01167-2_FC3_S20_L001_R2_001.fastq.gz','s3://human-pangenomics/working/HPRC/HG01167/raw_data/hic/HG01167-1_FC1_S12_L001_R1_001.fastq.gz','s3://human-pangenomics/working/HPRC/HG01167/raw_data/hic/HG01167-1_FC1_S12_L001_R2_001.fastq.gz','s3://human-pangenomics/working/HPRC/HG01167/raw_data/hic/HG01167-2_FC4_S20_L001_R1_001.fastq.gz','s3://human-pangenomics/working/HPRC/HG01167/raw_data/hic/HG01167-2_FC4_S20_L001_R2_001.fastq.gz','s3://human-pangenomics/working/HPRC/HG01167/raw_data/hic/HG01167-1_FC3_S12_L001_R1_001.fastq.gz','s3://human-pangenomics/working/HPRC/HG01167/raw_data/hic/HG01167-1_FC3_S12_L001_R2_001.fastq.gz','s3://human-pangenomics/working/HPRC/HG01167/raw_data/hic/HG01167-2_FC2_S20_L001_R1_001.fastq.gz','s3://human-pangenomics/working/HPRC/HG01167/raw_data/hic/HG01167-2_FC2_S20_L001_R2_001.fastq.gz','s3://human-pangenomics/working/HPRC/HG01167/raw_data/hic/HG01167-1_FC4_S12_L001_R1_001.fastq.gz','s3://human-pangenomics/working/HPRC/HG01167/raw_data/hic/HG01167-1_FC4_S12_L001_R2_001.fastq.gz','s3://human-pangenomics/working/HPRC/HG01167/raw_data/hic/HG01167-1_FC2_S12_L001_R1_001.fastq.gz','s3://human-pangenomics/working/HPRC/HG01167/raw_data/hic/HG01167-1_FC2_S12_L001_R2_001.fastq.gz']	['s3://human-pangenomics/working/HPRC/HG01167/raw_data/PacBio_HiFi/m84091_230817_153352_s4.hifi_reads.bc1012.bam','s3://human-pangenomics/working/HPRC/HG01167/raw_data/PacBio_HiFi/m84091_230731_140439_s3.hifi_reads.bc1012.bam','s3://human-pangenomics/working/HPRC/HG01167/raw_data/PacBio_HiFi/m84091_230725_164143_s3.hifi_reads.bc1012.bam']	['s3://human-pangenomics/working/HPRC/HG01167/raw_data/Illumina/child/HG01167.final.cram']	['s3://human-pangenomics/working/HPRC/HG01167/raw_data/nanopore/sup5.0.0_5mCG_5hmCG/08_29_23_R1041_HPRC_HG01167_1_dorado0.9.5_sup5.0.0_5mCG_5hmCG.bam','s3://human-pangenomics/working/HPRC/HG01167/raw_data/nanopore/sup5.0.0_5mCG_5hmCG/08_29_23_R1041_HPRC_HG01167_2_dorado0.9.5_sup5.0.0_5mCG_5hmCG.bam','s3://human-pangenomics/working/HPRC/HG01167/raw_data/nanopore/sup5.0.0_5mCG_5hmCG/08_29_23_R1041_HPRC_HG01167_3_dorado0.9.5_sup5.0.0_5mCG_5hmCG.bam']	[--unitig-abundance 8]
HG01175	['s3://human-pangenomics/working/HPRC/HG01175/raw_data/hic/NWM222c-1_S4_L001_R1_001.fastq.gz','s3://human-pangenomics/working/HPRC/HG01175/raw_data/hic/NWM222c-1_S4_L001_R2_001.fastq.gz','s3://human-pangenomics/working/HPRC/HG01175/raw_data/hic/NWM222c-1_S4_L002_R1_001.fastq.gz','s3://human-pangenomics/working/HPRC/HG01175/raw_data/hic/NWM222c-1_S4_L002_R2_001.fastq.gz','s3://human-pangenomics/working/HPRC/HG01175/raw_data/hic/NWM222c-1_S4_L003_R1_001.fastq.gz','s3://human-pangenomics/working/HPRC/HG01175/raw_data/hic/NWM222c-1_S4_L003_R2_001.fastq.gz','s3://human-pangenomics/working/HPRC/HG01175/raw_data/hic/NWM222c-1_S4_L004_R1_001.fastq.gz','s3://human-pangenomics/working/HPRC/HG01175/raw_data/hic/NWM222c-1_S4_L004_R2_001.fastq.gz','s3://human-pangenomics/working/HPRC/HG01175/raw_data/hic/NWM222c-2_S11_L001_R1_001.fastq.gz','s3://human-pangenomics/working/HPRC/HG01175/raw_data/hic/NWM222c-2_S11_L001_R2_001.fastq.gz','s3://human-pangenomics/working/HPRC/HG01175/raw_data/hic/NWM222c-2_S11_L002_R1_001.fastq.gz','s3://human-pangenomics/working/HPRC/HG01175/raw_data/hic/NWM222c-2_S11_L002_R2_001.fastq.gz','s3://human-pangenomics/working/HPRC/HG01175/raw_data/hic/NWM222c-2_S11_L003_R1_001.fastq.gz','s3://human-pangenomics/working/HPRC/HG01175/raw_data/hic/NWM222c-2_S11_L003_R2_001.fastq.gz','s3://human-pangenomics/working/HPRC/HG01175/raw_data/hic/NWM222c-2_S11_L004_R1_001.fastq.gz','s3://human-pangenomics/working/HPRC/HG01175/raw_data/hic/NWM222c-2_S11_L004_R2_001.fastq.gz']	['s3://human-pangenomics/working/HPRC/HG01175/raw_data/PacBio_HiFi/deepconsensus/v1pt2/HG01175.m64043_200618_201934.dc.q20.fastq.gz','s3://human-pangenomics/working/HPRC/HG01175/raw_data/PacBio_HiFi/deepconsensus/v1pt2/HG01175.m64043_200620_173220.dc.q20.fastq.gz','s3://human-pangenomics/working/HPRC/HG01175/raw_data/PacBio_HiFi/deepconsensus/v1pt2/HG01175.m64043_200621_234442.dc.q20.fastq.gz','s3://human-pangenomics/working/HPRC/HG01175/raw_data/PacBio_HiFi/deepconsensus/v1pt2/HG01175.m64043_200623_060946.dc.q20.fastq.gz','s3://human-pangenomics/working/HPRC/HG01175/raw_data/PacBio_HiFi/m84081_231222_081401_s1.hifi_reads.bc2025.bam','s3://human-pangenomics/working/HPRC/HG01175/raw_data/PacBio_HiFi/m84081_231222_141231_s4.hifi_reads.bc2025.bam','s3://human-pangenomics/working/HPRC/HG01175/raw_data/PacBio_HiFi/m84081_231222_121301_s3.hifi_reads.bc2025.bam','s3://human-pangenomics/working/HPRC/HG01175/raw_data/PacBio_HiFi/m84081_231222_101332_s2.hifi_reads.bc2025.bam']	['s3://human-pangenomics/working/HPRC/HG01175/raw_data/Illumina/child/HG01175.final.cram']	['s3://human-pangenomics/working/HPRC/HG01175/raw_data/nanopore/sup5.0.0_5mCG_5hmCG/09_16_24_R1041_UL_HPRC_HG01175_1_dorado1.0.0_sup5.0.0_5mCG_5hmCG.bam','s3://human-pangenomics/working/HPRC/HG01175/raw_data/nanopore/sup5.0.0_5mCG_5hmCG/09_16_24_R1041_UL_HPRC_HG01175_2_dorado1.0.0_sup5.0.0_5mCG_5hmCG.bam','s3://human-pangenomics/working/HPRC/HG01175/raw_data/nanopore/guppy_6/1_11_23_R941_HG01175_1_Guppy_6.5.7_450bps_modbases_5mc_cg_sup_prom_pass.bam','s3://human-pangenomics/working/HPRC/HG01175/raw_data/nanopore/guppy_6/1_11_23_R941_HG01175_2_Guppy_6.5.7_450bps_modbases_5mc_cg_sup_prom_pass.bam','s3://human-pangenomics/working/HPRC/HG01175/raw_data/nanopore/guppy_6/HG01175_1_Guppy_6.5.7_450bps_modbases_5mc_cg_sup_prom_pass.bam','s3://human-pangenomics/working/HPRC/HG01175/raw_data/nanopore/guppy_6/HG01175_3_Guppy_6.5.7_450bps_modbases_5mc_cg_sup_prom_pass.bam','s3://human-pangenomics/working/HPRC/HG01175/raw_data/nanopore/guppy_6/HG01175_5_Guppy_6.5.7_450bps_modbases_5mc_cg_sup_prom_pass.bam']	[--unitig-abundance 8]
HG01176	['s3://human-pangenomics/working/HPRC/HG01176/raw_data/hic/HG01176-1_FC1_S19_L002_R1_001.fastq.gz','s3://human-pangenomics/working/HPRC/HG01176/raw_data/hic/HG01176-1_FC1_S19_L002_R2_001.fastq.gz','s3://human-pangenomics/working/HPRC/HG01176/raw_data/hic/HG01176-1_FC2_S19_L002_R1_001.fastq.gz','s3://human-pangenomics/working/HPRC/HG01176/raw_data/hic/HG01176-1_FC2_S19_L002_R2_001.fastq.gz','s3://human-pangenomics/working/HPRC/HG01176/raw_data/hic/HG01176-2_FC1_S20_L002_R1_001.fastq.gz','s3://human-pangenomics/working/HPRC/HG01176/raw_data/hic/HG01176-2_FC1_S20_L002_R2_001.fastq.gz','s3://human-pangenomics/working/HPRC/HG01176/raw_data/hic/HG01176-2_FC2_S20_L002_R1_001.fastq.gz','s3://human-pangenomics/working/HPRC/HG01176/raw_data/hic/HG01176-2_FC2_S20_L002_R2_001.fastq.gz']	['s3://human-pangenomics/working/HPRC/HG01176/raw_data/PacBio_HiFi/m84046_240131_123236_s4.hifi_reads.bc2005.bam','s3://human-pangenomics/working/HPRC/HG01176/raw_data/PacBio_HiFi/m84046_240206_022949_s2.hifi_reads.bc2005.bam','s3://human-pangenomics/working/HPRC/HG01176/raw_data/PacBio_HiFi/m84046_240131_143158_s1.hifi_reads.bc2005.bam','s3://human-pangenomics/working/HPRC/HG01176/raw_data/PacBio_HiFi/m84046_240201_222427_s4.hifi_reads.bc2005.bam']	['s3://human-pangenomics/working/HPRC/HG01176/raw_data/Illumina/child/HG01176.final.fq.gz']	['s3://human-pangenomics/working/HPRC/HG01176/raw_data/nanopore/sup5.0.0_5mCG_5hmCG/10_15_24_R1041_UL_HPRC_HG01176_1_dorado0.9.1_sup5.0.0_5mCG_5hmCG.bam','s3://human-pangenomics/working/HPRC/HG01176/raw_data/nanopore/sup5.0.0_5mCG_5hmCG/10_15_24_R1041_UL_HPRC_HG01176_2_dorado0.9.1_sup5.0.0_5mCG_5hmCG.bam']	[--unitig-abundance 8]
HG01192	['s3://human-pangenomics/working/HPRC/HG01192/raw_data/hic/HG01192-2_FC4_S82_L004_R1_001.fastq.gz','s3://human-pangenomics/working/HPRC/HG01192/raw_data/hic/HG01192-2_FC4_S82_L004_R2_001.fastq.gz','s3://human-pangenomics/working/HPRC/HG01192/raw_data/hic/HG01192-2_FC3_S82_L004_R1_001.fastq.gz','s3://human-pangenomics/working/HPRC/HG01192/raw_data/hic/HG01192-2_FC3_S82_L004_R2_001.fastq.gz','s3://human-pangenomics/working/HPRC/HG01192/raw_data/hic/HG01192-2_FC1_S82_L004_R1_001.fastq.gz','s3://human-pangenomics/working/HPRC/HG01192/raw_data/hic/HG01192-2_FC1_S82_L004_R2_001.fastq.gz','s3://human-pangenomics/working/HPRC/HG01192/raw_data/hic/HG01192-1_FC4_S80_L004_R1_001.fastq.gz','s3://human-pangenomics/working/HPRC/HG01192/raw_data/hic/HG01192-1_FC4_S80_L004_R2_001.fastq.gz','s3://human-pangenomics/working/HPRC/HG01192/raw_data/hic/HG01192-1_FC3_S80_L004_R1_001.fastq.gz','s3://human-pangenomics/working/HPRC/HG01192/raw_data/hic/HG01192-1_FC3_S80_L004_R2_001.fastq.gz','s3://human-pangenomics/working/HPRC/HG01192/raw_data/hic/HG01192-2_FC2_S82_L004_R1_001.fastq.gz','s3://human-pangenomics/working/HPRC/HG01192/raw_data/hic/HG01192-2_FC2_S82_L004_R2_001.fastq.gz','s3://human-pangenomics/working/HPRC/HG01192/raw_data/hic/HG01192-1_FC1_S80_L004_R1_001.fastq.gz','s3://human-pangenomics/working/HPRC/HG01192/raw_data/hic/HG01192-1_FC1_S80_L004_R2_001.fastq.gz','s3://human-pangenomics/working/HPRC/HG01192/raw_data/hic/HG01192-1_FC2_S80_L004_R1_001.fastq.gz','s3://human-pangenomics/working/HPRC/HG01192/raw_data/hic/HG01192-1_FC2_S80_L004_R2_001.fastq.gz']	['s3://human-pangenomics/working/HPRC/HG01192/raw_data/PacBio_HiFi/deepconsensus/v1pt2/HG01192.m64043_211124_192057.dc.q20.fastq.gz','s3://human-pangenomics/working/HPRC/HG01192/raw_data/PacBio_HiFi/deepconsensus/v1pt2/HG01192.m64043_211126_061537.dc.q20.fastq.gz','s3://human-pangenomics/working/HPRC/HG01192/raw_data/PacBio_HiFi/deepconsensus/v1pt2/HG01192.m64043_211127_171224.dc.q20.fastq.gz','s3://human-pangenomics/working/HPRC/HG01192/raw_data/PacBio_HiFi/m84081_230630_204121_s4.hifi_reads.default.bam','s3://human-pangenomics/working/HPRC/HG01192/raw_data/PacBio_HiFi/m84081_230630_201015_s3.hifi_reads.default.bam']	['s3://human-pangenomics/working/HPRC/HG01192/raw_data/Illumina/child/HG01192.final.cram']	['s3://human-pangenomics/working/HPRC/HG01192/raw_data/nanopore/sup5.0.0_5mCG_5hmCG/11_04_24_R1041_UL_HPRC_HG01192_1_dorado0.9.1_sup5.0.0_5mCG_5hmCG.bam','s3://human-pangenomics/working/HPRC/HG01192/raw_data/nanopore/sup5.0.0_5mCG_5hmCG/11_04_24_R1041_UL_HPRC_HG01192_2_dorado0.9.1_sup5.0.0_5mCG_5hmCG.bam','s3://human-pangenomics/working/HPRC/HG01192/raw_data/nanopore/guppy_6/09_08_21_R941_HG01192_1_Guppy_6.5.7_450bps_modbases_5mc_cg_sup_prom_pass.bam','s3://human-pangenomics/working/HPRC/HG01192/raw_data/nanopore/guppy_6/09_08_21_R941_HG01192_2_Guppy_6.5.7_450bps_modbases_5mc_cg_sup_prom_pass.bam','s3://human-pangenomics/working/HPRC/HG01192/raw_data/nanopore/guppy_6/09_08_21_R941_HG01192_3_Guppy_6.5.7_450bps_modbases_5mc_cg_sup_prom_pass.bam']	[--unitig-abundance 8]
HG01252	['s3://human-pangenomics/working/HPRC/HG01252/raw_data/hic/HG01252-2_S2_L003_R1_001.fastq.gz','s3://human-pangenomics/working/HPRC/HG01252/raw_data/hic/HG01252-2_S2_L003_R2_001.fastq.gz']	['s3://human-pangenomics/working/HPRC/HG01252/raw_data/PacBio_HiFi/deepconsensus/v1pt2/HG01252.m54306Ue_220228_165421.dc.q20.fastq.gz','s3://human-pangenomics/working/HPRC/HG01252/raw_data/PacBio_HiFi/deepconsensus/v1pt2/HG01252.m54306Ue_220419_182803.dc.q20.fastq.gz','s3://human-pangenomics/working/HPRC/HG01252/raw_data/PacBio_HiFi/deepconsensus/v1pt2/HG01252.m64330e_220306_155049.dc.q20.fastq.gz','s3://human-pangenomics/working/HPRC/HG01252/raw_data/PacBio_HiFi/deepconsensus/v1pt2/HG01252.m64330e_220414_054422.dc.q20.fastq.gz','s3://human-pangenomics/working/HPRC/HG01252/raw_data/PacBio_HiFi/deepconsensus/v1pt2/HG01252.m64334e_220419_183840.dc.q20.fastq.gz','s3://human-pangenomics/working/HPRC/HG01252/raw_data/PacBio_HiFi/m84091_230905_205913_s4.hifi_reads.bc1020.bam']	['s3://human-pangenomics/working/HPRC/HG01252/raw_data/Illumina/child/HG01252.final.cram']	['s3://human-pangenomics/working/HPRC/HG01252/raw_data/nanopore/sup5.0.0_5mCG_5hmCG/11_04_24_R1041_UL_HPRC_HG01252_1_dorado0.9.1_sup5.0.0_5mCG_5hmCG.bam','s3://human-pangenomics/working/HPRC/HG01252/raw_data/nanopore/sup5.0.0_5mCG_5hmCG/11_04_24_R1041_UL_HPRC_HG01252_2_dorado0.9.1_sup5.0.0_5mCG_5hmCG.bam','s3://human-pangenomics/working/HPRC/HG01252/raw_data/nanopore/guppy_6/02_08_22_R941_HG01252_1_Guppy_6.5.7_450bps_modbases_5mc_cg_sup_prom_pass.bam','s3://human-pangenomics/working/HPRC/HG01252/raw_data/nanopore/guppy_6/02_08_22_R941_HG01252_2_Guppy_6.5.7_450bps_modbases_5mc_cg_sup_prom_pass.bam','s3://human-pangenomics/working/HPRC/HG01252/raw_data/nanopore/guppy_6/02_08_22_R941_HG01252_3_Guppy_6.5.7_450bps_modbases_5mc_cg_sup_prom_pass.bam']	[--unitig-abundance 8]
HG01255	['s3://human-pangenomics/working/HPRC/HG01255/raw_data/hic/HG01255-22b-1_S1_L003_R1_001.fastq.gz','s3://human-pangenomics/working/HPRC/HG01255/raw_data/hic/HG01255-22b-1_S1_L003_R2_001.fastq.gz','s3://human-pangenomics/working/HPRC/HG01255/raw_data/hic/HG01255-22b-1_S1_L002_R1_001.fastq.gz','s3://human-pangenomics/working/HPRC/HG01255/raw_data/hic/HG01255-22b-1_S1_L002_R2_001.fastq.gz','s3://human-pangenomics/working/HPRC/HG01255/raw_data/hic/HG01255-22b-1_S1_L004_R1_001.fastq.gz','s3://human-pangenomics/working/HPRC/HG01255/raw_data/hic/HG01255-22b-1_S1_L004_R2_001.fastq.gz','s3://human-pangenomics/working/HPRC/HG01255/raw_data/hic/HG01255-22b-1_S1_L001_R1_001.fastq.gz','s3://human-pangenomics/working/HPRC/HG01255/raw_data/hic/HG01255-22b-1_S1_L001_R2_001.fastq.gz','s3://human-pangenomics/working/HPRC/HG01255/raw_data/hic/HG01255-22b-2_S2_L002_R1_001.fastq.gz','s3://human-pangenomics/working/HPRC/HG01255/raw_data/hic/HG01255-22b-2_S2_L002_R2_001.fastq.gz','s3://human-pangenomics/working/HPRC/HG01255/raw_data/hic/HG01255-22b-2_S2_L003_R1_001.fastq.gz','s3://human-pangenomics/working/HPRC/HG01255/raw_data/hic/HG01255-22b-2_S2_L003_R2_001.fastq.gz','s3://human-pangenomics/working/HPRC/HG01255/raw_data/hic/HG01255-22b-2_S2_L001_R1_001.fastq.gz','s3://human-pangenomics/working/HPRC/HG01255/raw_data/hic/HG01255-22b-2_S2_L001_R2_001.fastq.gz','s3://human-pangenomics/working/HPRC/HG01255/raw_data/hic/HG01255-22b-2_S2_L004_R1_001.fastq.gz','s3://human-pangenomics/working/HPRC/HG01255/raw_data/hic/HG01255-22b-2_S2_L004_R2_001.fastq.gz']	['s3://human-pangenomics/working/HPRC/HG01255/raw_data/PacBio_HiFi/deepconsensus/v1pt2/HG01255.m64043_210520_180149.dc.q20.fastq.gz','s3://human-pangenomics/working/HPRC/HG01255/raw_data/PacBio_HiFi/deepconsensus/v1pt2/HG01255.m64136_210516_022225.dc.q20.fastq.gz','s3://human-pangenomics/working/HPRC/HG01255/raw_data/PacBio_HiFi/deepconsensus/v1pt2/HG01255.m64136_210519_033858.dc.q20.fastq.gz','s3://human-pangenomics/working/HPRC/HG01255/raw_data/PacBio_HiFi/m84081_231105_024654_s3.hifi_reads.default.bam']	['s3://human-pangenomics/working/HPRC/HG01255/raw_data/Illumina/child/HG01255.final.cram']	['s3://human-pangenomics/working/HPRC/HG01255/raw_data/nanopore/sup5.0.0_5mCG_5hmCG/11_04_24_R1041_UL_HPRC_HG01255_1_dorado0.9.0_sup5.0.0_5mCG_5hmCG.bam','s3://human-pangenomics/working/HPRC/HG01255/raw_data/nanopore/sup5.0.0_5mCG_5hmCG/11_04_24_R1041_UL_HPRC_HG01255_2_dorado0.9.0_sup5.0.0_5mCG_5hmCG.bam','s3://human-pangenomics/working/HPRC/HG01255/raw_data/nanopore/guppy_6/07_13_21_R941_HG01255_1_Guppy_6.4.6_450bps_modbases_5mc_cg_sup_prom_pass.bam','s3://human-pangenomics/working/HPRC/HG01255/raw_data/nanopore/guppy_6/07_13_21_R941_HG01255_2_Guppy_6.4.6_450bps_modbases_5mc_cg_sup_prom_pass.bam','s3://human-pangenomics/working/HPRC/HG01255/raw_data/nanopore/guppy_6/07_13_21_R941_HG01255_3_Guppy_6.4.6_450bps_modbases_5mc_cg_sup_prom_pass.bam']	[--unitig-abundance 8]
HG01258	['s3://human-pangenomics/working/HPRC/HG01258/raw_data/hic/NWM184c-2_S9_L001_R2_001.fastq.gz','s3://human-pangenomics/working/HPRC/HG01258/raw_data/hic/NWM184c-2_S9_L001_R1_001.fastq.gz','s3://human-pangenomics/working/HPRC/HG01258/raw_data/hic/NWM184c-1_S1_L001_R2_001.fastq.gz','s3://human-pangenomics/working/HPRC/HG01258/raw_data/hic/NWM184c-1_S1_L001_R1_001.fastq.gz','s3://human-pangenomics/working/HPRC/HG01258/raw_data/hic/NWM184c-2_S9_L003_R1_001.fastq.gz','s3://human-pangenomics/working/HPRC/HG01258/raw_data/hic/NWM184c-2_S9_L003_R2_001.fastq.gz','s3://human-pangenomics/working/HPRC/HG01258/raw_data/hic/NWM184c-2_S9_L002_R1_001.fastq.gz','s3://human-pangenomics/working/HPRC/HG01258/raw_data/hic/NWM184c-2_S9_L002_R2_001.fastq.gz','s3://human-pangenomics/working/HPRC/HG01258/raw_data/hic/NWM184c-1_S1_L003_R1_001.fastq.gz','s3://human-pangenomics/working/HPRC/HG01258/raw_data/hic/NWM184c-1_S1_L003_R2_001.fastq.gz','s3://human-pangenomics/working/HPRC/HG01258/raw_data/hic/NWM184c-1_S1_L002_R1_001.fastq.gz','s3://human-pangenomics/working/HPRC/HG01258/raw_data/hic/NWM184c-1_S1_L002_R2_001.fastq.gz','s3://human-pangenomics/working/HPRC/HG01258/raw_data/hic/NWM184c-2_S9_L004_R1_001.fastq.gz','s3://human-pangenomics/working/HPRC/HG01258/raw_data/hic/NWM184c-2_S9_L004_R2_001.fastq.gz','s3://human-pangenomics/working/HPRC/HG01258/raw_data/hic/NWM184c-1_S1_L004_R1_001.fastq.gz','s3://human-pangenomics/working/HPRC/HG01258/raw_data/hic/NWM184c-1_S1_L004_R2_001.fastq.gz']	['s3://human-pangenomics/working/HPRC/HG01258/raw_data/PacBio_HiFi/deepconsensus/v1pt2/HG01258.m64076_200306_185917.dc.q20.fastq.gz','s3://human-pangenomics/working/HPRC/HG01258/raw_data/PacBio_HiFi/deepconsensus/v1pt2/HG01258.m64076_200308_194406.dc.q20.fastq.gz','s3://human-pangenomics/working/HPRC/HG01258/raw_data/PacBio_HiFi/deepconsensus/v1pt2/HG01258.m64076_200310_015720.dc.q20.fastq.gz','s3://human-pangenomics/working/HPRC/HG01258/raw_data/PacBio_HiFi/deepconsensus/v1pt2/HG01258.m64076_200311_082315.dc.q20.fastq.gz','s3://human-pangenomics/working/HPRC/HG01258/raw_data/PacBio_HiFi/m84046_231202_090949_s3.hifi_reads.bc2054.bam']	['s3://human-pangenomics/working/HPRC/HG01258/raw_data/Illumina/child/HG01258.final.cram']	['s3://human-pangenomics/working/HPRC/HG01258/raw_data/nanopore/sup5.0.0_5mCG_5hmCG/08_26_24_R1041_UL_HPRC_HG01258_1_dorado1.0.0_sup5.0.0_5mCG_5hmCG.bam','s3://human-pangenomics/working/HPRC/HG01258/raw_data/nanopore/sup5.0.0_5mCG_5hmCG/08_26_24_R1041_UL_HPRC_HG01258_2_dorado1.0.0_sup5.0.0_5mCG_5hmCG.bam','s3://human-pangenomics/working/HPRC/HG01258/raw_data/nanopore/guppy_6/12_7_22_R941_HG01258_1_Guppy_6.5.7_450bps_modbases_5mc_cg_sup_prom_pass.bam','s3://human-pangenomics/working/HPRC/HG01258/raw_data/nanopore/guppy_6/12_7_22_R941_HG01258_2_Guppy_6.5.7_450bps_modbases_5mc_cg_sup_prom_pass.bam','s3://human-pangenomics/working/HPRC/HG01258/raw_data/nanopore/guppy_6/HG01258_1_Guppy_6.5.7_450bps_modbases_5mc_cg_sup_prom_pass.bam','s3://human-pangenomics/working/HPRC/HG01258/raw_data/nanopore/guppy_6/HG01258_3_Guppy_6.5.7_450bps_modbases_5mc_cg_sup_prom_pass.bam','s3://human-pangenomics/working/HPRC/HG01258/raw_data/nanopore/guppy_6/HG01258_5_Guppy_6.5.7_450bps_modbases_5mc_cg_sup_prom_pass.bam']	[--unitig-abundance 8]
HG01261	['s3://human-pangenomics/working/HPRC/HG01261/raw_data/hic/HG01261-1_FC4_S79_L004_R1_001.fastq.gz','s3://human-pangenomics/working/HPRC/HG01261/raw_data/hic/HG01261-1_FC4_S79_L004_R2_001.fastq.gz','s3://human-pangenomics/working/HPRC/HG01261/raw_data/hic/HG01261-1_FC1_S79_L004_R1_001.fastq.gz','s3://human-pangenomics/working/HPRC/HG01261/raw_data/hic/HG01261-1_FC1_S79_L004_R2_001.fastq.gz','s3://human-pangenomics/working/HPRC/HG01261/raw_data/hic/HG01261-1_FC3_S79_L004_R1_001.fastq.gz','s3://human-pangenomics/working/HPRC/HG01261/raw_data/hic/HG01261-1_FC3_S79_L004_R2_001.fastq.gz','s3://human-pangenomics/working/HPRC/HG01261/raw_data/hic/HG01261-1_FC2_S79_L004_R1_001.fastq.gz','s3://human-pangenomics/working/HPRC/HG01261/raw_data/hic/HG01261-1_FC2_S79_L004_R2_001.fastq.gz','s3://human-pangenomics/working/HPRC/HG01261/raw_data/hic/HG01261-2_FC4_S81_L004_R1_001.fastq.gz','s3://human-pangenomics/working/HPRC/HG01261/raw_data/hic/HG01261-2_FC4_S81_L004_R2_001.fastq.gz','s3://human-pangenomics/working/HPRC/HG01261/raw_data/hic/HG01261-2_FC1_S81_L004_R1_001.fastq.gz','s3://human-pangenomics/working/HPRC/HG01261/raw_data/hic/HG01261-2_FC1_S81_L004_R2_001.fastq.gz','s3://human-pangenomics/working/HPRC/HG01261/raw_data/hic/HG01261-2_FC3_S81_L004_R1_001.fastq.gz','s3://human-pangenomics/working/HPRC/HG01261/raw_data/hic/HG01261-2_FC3_S81_L004_R2_001.fastq.gz','s3://human-pangenomics/working/HPRC/HG01261/raw_data/hic/HG01261-2_FC2_S81_L004_R1_001.fastq.gz','s3://human-pangenomics/working/HPRC/HG01261/raw_data/hic/HG01261-2_FC2_S81_L004_R2_001.fastq.gz']	['s3://human-pangenomics/working/HPRC/HG01261/raw_data/PacBio_HiFi/deepconsensus/v1pt2/HG01261.m64043_211222_184851.dc.q20.fastq.gz','s3://human-pangenomics/working/HPRC/HG01261/raw_data/PacBio_HiFi/deepconsensus/v1pt2/HG01261.m64136_211105_181124.dc.q20.fastq.gz','s3://human-pangenomics/working/HPRC/HG01261/raw_data/PacBio_HiFi/deepconsensus/v1pt2/HG01261.m64136_211107_050725.dc.q20.fastq.gz','s3://human-pangenomics/working/HPRC/HG01261/raw_data/PacBio_HiFi/deepconsensus/v1pt2/HG01261.m64136_211108_160613.dc.q20.fastq.gz','s3://human-pangenomics/working/HPRC/HG01261/raw_data/PacBio_HiFi/m84081_230721_192906_s4.hifi_reads.bc2024.bam','s3://human-pangenomics/working/HPRC/HG01261/raw_data/PacBio_HiFi/m84081_230721_185800_s3.hifi_reads.bc2024.bam']	['s3://human-pangenomics/working/HPRC/HG01261/raw_data/Illumina/child/HG01261.final.cram']	['s3://human-pangenomics/working/HPRC/HG01261/raw_data/nanopore/sup5.0.0_5mCG_5hmCG/11_12_24_R1041_UL_HPRC_HG01261_1_dorado0.9.1_sup5.0.0_5mCG_5hmCG.bam','s3://human-pangenomics/working/HPRC/HG01261/raw_data/nanopore/sup5.0.0_5mCG_5hmCG/11_12_24_R1041_UL_HPRC_HG01261_2_dorado0.9.1_sup5.0.0_5mCG_5hmCG.bam','s3://human-pangenomics/working/HPRC/HG01261/raw_data/nanopore/guppy_6/07_27_21_R941_HG01261_1_Guppy_6.5.7_450bps_modbases_5mc_cg_sup_prom_pass.bam','s3://human-pangenomics/working/HPRC/HG01261/raw_data/nanopore/guppy_6/07_27_21_R941_HG01261_2_Guppy_6.5.7_450bps_modbases_5mc_cg_sup_prom_pass.bam','s3://human-pangenomics/working/HPRC/HG01261/raw_data/nanopore/guppy_6/07_27_21_R941_HG01261_3_Guppy_6.5.7_450bps_modbases_5mc_cg_sup_prom_pass.bam']	[--unitig-abundance 8]
HG01346	['s3://human-pangenomics/working/HPRC/HG01346/raw_data/hic/HG01346-35a-2_S14_L004_R1_001.fastq.gz','s3://human-pangenomics/working/HPRC/HG01346/raw_data/hic/HG01346-35a-2_S14_L004_R2_001.fastq.gz','s3://human-pangenomics/working/HPRC/HG01346/raw_data/hic/HG01346-35a-2_S14_L002_R1_001.fastq.gz','s3://human-pangenomics/working/HPRC/HG01346/raw_data/hic/HG01346-35a-2_S14_L002_R2_001.fastq.gz','s3://human-pangenomics/working/HPRC/HG01346/raw_data/hic/HG01346-35a-2_S14_L001_R1_001.fastq.gz','s3://human-pangenomics/working/HPRC/HG01346/raw_data/hic/HG01346-35a-2_S14_L001_R2_001.fastq.gz','s3://human-pangenomics/working/HPRC/HG01346/raw_data/hic/HG01346-35a-2_S14_L003_R1_001.fastq.gz','s3://human-pangenomics/working/HPRC/HG01346/raw_data/hic/HG01346-35a-2_S14_L003_R2_001.fastq.gz','s3://human-pangenomics/working/HPRC/HG01346/raw_data/hic/HG01346-35a-1_S13_L004_R1_001.fastq.gz','s3://human-pangenomics/working/HPRC/HG01346/raw_data/hic/HG01346-35a-1_S13_L004_R2_001.fastq.gz','s3://human-pangenomics/working/HPRC/HG01346/raw_data/hic/HG01346-35a-1_S13_L002_R1_001.fastq.gz','s3://human-pangenomics/working/HPRC/HG01346/raw_data/hic/HG01346-35a-1_S13_L002_R2_001.fastq.gz','s3://human-pangenomics/working/HPRC/HG01346/raw_data/hic/HG01346-35a-1_S13_L001_R1_001.fastq.gz','s3://human-pangenomics/working/HPRC/HG01346/raw_data/hic/HG01346-35a-1_S13_L001_R2_001.fastq.gz','s3://human-pangenomics/working/HPRC/HG01346/raw_data/hic/HG01346-35a-1_S13_L003_R1_001.fastq.gz','s3://human-pangenomics/working/HPRC/HG01346/raw_data/hic/HG01346-35a-1_S13_L003_R2_001.fastq.gz']	['s3://human-pangenomics/working/HPRC/HG01346/raw_data/PacBio_HiFi/deepconsensus/v1pt2/HG01346.m54329U_210624_221223.dc.q20.fastq.gz','s3://human-pangenomics/working/HPRC/HG01346/raw_data/PacBio_HiFi/deepconsensus/v1pt2/HG01346.m64076_210526_105450.dc.q20.fastq.gz','s3://human-pangenomics/working/HPRC/HG01346/raw_data/PacBio_HiFi/deepconsensus/v1pt2/HG01346.m54329U_210629_024631.dc.q20.fastq.gz','s3://human-pangenomics/working/HPRC/HG01346/raw_data/PacBio_HiFi/deepconsensus/v1pt2/HG01346.m64076_210621_234241.dc.q20.fastq.gz','s3://human-pangenomics/working/HPRC/HG01346/raw_data/PacBio_HiFi/m84046_230720_182350_s1.hifi_reads.bc2005.bam']	['s3://human-pangenomics/working/HPRC/HG01346/raw_data/Illumina/child/HG01346.final.cram']	['s3://human-pangenomics/working/HPRC/HG01346/raw_data/nanopore/sup5.0.0_5mCG_5hmCG/12_02_24_R1041_UL_HPRC_HG01346_1_dorado0.9.0_sup5.0.0_5mCG_5hmCG.bam','s3://human-pangenomics/working/HPRC/HG01346/raw_data/nanopore/sup5.0.0_5mCG_5hmCG/12_02_24_R1041_UL_HPRC_HG01346_2_dorado0.9.0_sup5.0.0_5mCG_5hmCG.bam','s3://human-pangenomics/working/HPRC/HG01346/raw_data/nanopore/guppy_6/08_17_21_R941_HG01346_1_Guppy_6.4.6_450bps_modbases_5mc_cg_sup_prom_pass.bam','s3://human-pangenomics/working/HPRC/HG01346/raw_data/nanopore/guppy_6/08_17_21_R941_HG01346_2_Guppy_6.4.6_450bps_modbases_5mc_cg_sup_prom_pass.bam','s3://human-pangenomics/working/HPRC/HG01346/raw_data/nanopore/guppy_6/08_17_21_R941_HG01346_3_Guppy_6.4.6_450bps_modbases_5mc_cg_sup_prom_pass.bam']	[--unitig-abundance 8]
HG01358	['s3://human-pangenomics/working/HPRC/HG01358/raw_data/hic/NWM187c-2_S12_L001_R1_001.fastq.gz','s3://human-pangenomics/working/HPRC/HG01358/raw_data/hic/NWM187c-2_S12_L001_R2_001.fastq.gz','s3://human-pangenomics/working/HPRC/HG01358/raw_data/hic/NWM187c-2_S12_L003_R1_001.fastq.gz','s3://human-pangenomics/working/HPRC/HG01358/raw_data/hic/NWM187c-2_S12_L003_R2_001.fastq.gz','s3://human-pangenomics/working/HPRC/HG01358/raw_data/hic/NWM187c-2_S12_L002_R1_001.fastq.gz','s3://human-pangenomics/working/HPRC/HG01358/raw_data/hic/NWM187c-2_S12_L002_R2_001.fastq.gz','s3://human-pangenomics/working/HPRC/HG01358/raw_data/hic/NWM187c-1_S4_L001_R1_001.fastq.gz','s3://human-pangenomics/working/HPRC/HG01358/raw_data/hic/NWM187c-1_S4_L001_R2_001.fastq.gz','s3://human-pangenomics/working/HPRC/HG01358/raw_data/hic/NWM187c-1_S4_L003_R1_001.fastq.gz','s3://human-pangenomics/working/HPRC/HG01358/raw_data/hic/NWM187c-1_S4_L003_R2_001.fastq.gz','s3://human-pangenomics/working/HPRC/HG01358/raw_data/hic/NWM187c-1_S4_L002_R1_001.fastq.gz','s3://human-pangenomics/working/HPRC/HG01358/raw_data/hic/NWM187c-1_S4_L002_R2_001.fastq.gz','s3://human-pangenomics/working/HPRC/HG01358/raw_data/hic/NWM187c-2_S12_L004_R1_001.fastq.gz','s3://human-pangenomics/working/HPRC/HG01358/raw_data/hic/NWM187c-2_S12_L004_R2_001.fastq.gz','s3://human-pangenomics/working/HPRC/HG01358/raw_data/hic/NWM187c-1_S4_L004_R1_001.fastq.gz','s3://human-pangenomics/working/HPRC/HG01358/raw_data/hic/NWM187c-1_S4_L004_R2_001.fastq.gz']	['s3://human-pangenomics/working/HPRC/HG01358/raw_data/PacBio_HiFi/deepconsensus/v1pt2/HG01358.m64076_200201_051547.dc.q20.fastq.gz','s3://human-pangenomics/working/HPRC/HG01358/raw_data/PacBio_HiFi/deepconsensus/v1pt2/HG01358.m64076_200203_181219.dc.q20.fastq.gz','s3://human-pangenomics/working/HPRC/HG01358/raw_data/PacBio_HiFi/deepconsensus/v1pt2/HG01358.m64076_200206_215943.dc.q20.fastq.gz','s3://human-pangenomics/working/HPRC/HG01358/raw_data/PacBio_HiFi/deepconsensus/v1pt2/HG01358.m64076_200208_041234.dc.q20.fastq.gz','s3://human-pangenomics/working/HPRC/HG01358/raw_data/PacBio_HiFi/m84046_231202_110908_s4.hifi_reads.bc2053.bam','s3://human-pangenomics/working/HPRC/HG01358/raw_data/PacBio_HiFi/m84046_231202_071034_s1.hifi_reads.bc2053.bam']	['s3://human-pangenomics/working/HPRC/HG01358/raw_data/Illumina/child/HG01358.final.cram']	['s3://human-pangenomics/working/HPRC/HG01358/raw_data/nanopore/sup5.0.0_5mCG_5hmCG/08_26_24_R1041_UL_HPRC_HG01358_1_dorado1.0.0_sup5.0.0_5mCG_5hmCG.bam','s3://human-pangenomics/working/HPRC/HG01358/raw_data/nanopore/sup5.0.0_5mCG_5hmCG/08_26_24_R1041_UL_HPRC_HG01358_2_dorado1.0.0_sup5.0.0_5mCG_5hmCG.bam','s3://human-pangenomics/working/HPRC/HG01358/raw_data/nanopore/guppy_6/12_7_22_R941_HG01358_1_Guppy_6.5.7_450bps_modbases_5mc_cg_sup_prom_pass.bam','s3://human-pangenomics/working/HPRC/HG01358/raw_data/nanopore/guppy_6/12_7_22_R941_HG01358_2_Guppy_6.5.7_450bps_modbases_5mc_cg_sup_prom_pass.bam','s3://human-pangenomics/working/HPRC/HG01358/raw_data/nanopore/guppy_6/HG01358_1_Guppy_6.5.7_450bps_modbases_5mc_cg_sup_prom_pass.bam','s3://human-pangenomics/working/HPRC/HG01358/raw_data/nanopore/guppy_6/HG01358_3_Guppy_6.5.7_450bps_modbases_5mc_cg_sup_prom_pass.bam','s3://human-pangenomics/working/HPRC/HG01358/raw_data/nanopore/guppy_6/HG01358_5_Guppy_6.5.7_450bps_modbases_5mc_cg_sup_prom_pass.bam']	[--unitig-abundance 8]
HG01361	['s3://human-pangenomics/working/HPRC/HG01361/raw_data/hic/NWM185c-1_S2_L001_R1_001.fastq.gz','s3://human-pangenomics/working/HPRC/HG01361/raw_data/hic/NWM185c-1_S2_L001_R2_001.fastq.gz','s3://human-pangenomics/working/HPRC/HG01361/raw_data/hic/NWM185c-2_S10_L001_R1_001.fastq.gz','s3://human-pangenomics/working/HPRC/HG01361/raw_data/hic/NWM185c-2_S10_L001_R2_001.fastq.gz','s3://human-pangenomics/working/HPRC/HG01361/raw_data/hic/NWM185c-1_S2_L003_R1_001.fastq.gz','s3://human-pangenomics/working/HPRC/HG01361/raw_data/hic/NWM185c-1_S2_L003_R2_001.fastq.gz','s3://human-pangenomics/working/HPRC/HG01361/raw_data/hic/NWM185c-1_S2_L002_R1_001.fastq.gz','s3://human-pangenomics/working/HPRC/HG01361/raw_data/hic/NWM185c-1_S2_L002_R2_001.fastq.gz','s3://human-pangenomics/working/HPRC/HG01361/raw_data/hic/NWM185c-2_S10_L003_R1_001.fastq.gz','s3://human-pangenomics/working/HPRC/HG01361/raw_data/hic/NWM185c-2_S10_L003_R2_001.fastq.gz','s3://human-pangenomics/working/HPRC/HG01361/raw_data/hic/NWM185c-2_S10_L002_R1_001.fastq.gz','s3://human-pangenomics/working/HPRC/HG01361/raw_data/hic/NWM185c-2_S10_L002_R2_001.fastq.gz','s3://human-pangenomics/working/HPRC/HG01361/raw_data/hic/NWM185c-1_S2_L004_R1_001.fastq.gz','s3://human-pangenomics/working/HPRC/HG01361/raw_data/hic/NWM185c-1_S2_L004_R2_001.fastq.gz','s3://human-pangenomics/working/HPRC/HG01361/raw_data/hic/NWM185c-2_S10_L004_R1_001.fastq.gz','s3://human-pangenomics/working/HPRC/HG01361/raw_data/hic/NWM185c-2_S10_L004_R2_001.fastq.gz']	['s3://human-pangenomics/working/HPRC/HG01361/raw_data/PacBio_HiFi/deepconsensus/v1pt2/HG01361.m54329U_200306_185930.dc.q20.fastq.gz','s3://human-pangenomics/working/HPRC/HG01361/raw_data/PacBio_HiFi/deepconsensus/v1pt2/HG01361.m54329U_200308_194417.dc.q20.fastq.gz','s3://human-pangenomics/working/HPRC/HG01361/raw_data/PacBio_HiFi/deepconsensus/v1pt2/HG01361.m54329U_200310_015838.dc.q20.fastq.gz','s3://human-pangenomics/working/HPRC/HG01361/raw_data/PacBio_HiFi/deepconsensus/v1pt2/HG01361.m54329U_200311_082605.dc.q20.fastq.gz','s3://human-pangenomics/working/HPRC/HG01361/raw_data/PacBio_HiFi/deepconsensus/v1pt2/HG01361.m64043_220527_182103.dc.q20.fastq.gz','s3://human-pangenomics/working/HPRC/HG01361/raw_data/PacBio_HiFi/deepconsensus/v1pt2/HG01361.m64076_200221_234426.dc.q20.fastq.gz','s3://human-pangenomics/working/HPRC/HG01361/raw_data/PacBio_HiFi/deepconsensus/v1pt2/HG01361.m64136_220527_182053.dc.q20.fastq.gz','s3://human-pangenomics/working/HPRC/HG01361/raw_data/PacBio_HiFi/m84046_230724_203319_s4.hifi_reads.bc2056.bam','s3://human-pangenomics/working/HPRC/HG01361/raw_data/PacBio_HiFi/m84046_231202_071034_s1.hifi_reads.bc2052.bam']	['s3://human-pangenomics/working/HPRC/HG01361/raw_data/Illumina/child/HG01361.final.cram']	['s3://human-pangenomics/working/HPRC/HG01361/raw_data/nanopore/sup5.0.0_5mCG_5hmCG/08_26_24_R1041_UL_HPRC_HG01361_1_dorado1.0.0_sup5.0.0_5mCG_5hmCG.bam','s3://human-pangenomics/working/HPRC/HG01361/raw_data/nanopore/sup5.0.0_5mCG_5hmCG/08_26_24_R1041_UL_HPRC_HG01361_2_dorado1.0.0_sup5.0.0_5mCG_5hmCG.bam','s3://human-pangenomics/working/HPRC/HG01361/raw_data/nanopore/guppy_6/12_7_22_R941_HG01361_1_Guppy_6.5.7_450bps_modbases_5mc_cg_sup_prom_pass.bam','s3://human-pangenomics/working/HPRC/HG01361/raw_data/nanopore/guppy_6/12_7_22_R941_HG01361_2_Guppy_6.5.7_450bps_modbases_5mc_cg_sup_prom_pass.bam','s3://human-pangenomics/working/HPRC/HG01361/raw_data/nanopore/guppy_6/HG01361_1_Guppy_6.5.7_450bps_modbases_5mc_cg_sup_prom_pass.bam','s3://human-pangenomics/working/HPRC/HG01361/raw_data/nanopore/guppy_6/HG01361_3_Guppy_6.5.7_450bps_modbases_5mc_cg_sup_prom_pass.bam','s3://human-pangenomics/working/HPRC/HG01361/raw_data/nanopore/guppy_6/HG01361_5_Guppy_6.5.7_450bps_modbases_5mc_cg_sup_prom_pass.bam','s3://human-pangenomics/working/HPRC/HG01361/raw_data/nanopore/guppy_6/HG01361_PAK21070_Guppy_6.5.7_450bps_modbases_5mc_cg_sup_prom_pass.bam','s3://human-pangenomics/working/HPRC/HG01361/raw_data/nanopore/guppy_6/HG01361_PAM54483_Guppy_6.5.7_450bps_modbases_5mc_cg_sup_prom_pass.bam','s3://human-pangenomics/working/HPRC/HG01361/raw_data/nanopore/guppy_6/HG01361_PAM54634_Guppy_6.5.7_450bps_modbases_5mc_cg_sup_prom_pass.bam','s3://human-pangenomics/working/HPRC/HG01361/raw_data/nanopore/guppy_6/HG01361_PAM54907_Guppy_6.5.7_450bps_modbases_5mc_cg_sup_prom_pass.bam','s3://human-pangenomics/working/HPRC/HG01361/raw_data/nanopore/guppy_6/HG01361_PAM61937_Guppy_6.5.7_450bps_modbases_5mc_cg_sup_prom_pass.bam','s3://human-pangenomics/working/HPRC/HG01361/raw_data/nanopore/guppy_6/HG01361_PAM62496_Guppy_6.5.7_450bps_modbases_5mc_cg_sup_prom_pass.bam']	[--unitig-abundance 8]
HG01374	['s3://human-pangenomics/working/HPRC/HG01374/raw_data/hic/HG01374-2_FC2_S36_L003_R2_001.fastq.gz','s3://human-pangenomics/working/HPRC/HG01374/raw_data/hic/HG01374-1_FC2_S35_L003_R2_001.fastq.gz','s3://human-pangenomics/working/HPRC/HG01374/raw_data/hic/HG01374-2_FC1_S36_L003_R2_001.fastq.gz','s3://human-pangenomics/working/HPRC/HG01374/raw_data/hic/HG01374-1_FC1_S35_L003_R2_001.fastq.gz','s3://human-pangenomics/working/HPRC/HG01374/raw_data/hic/HG01374-2_FC1_S36_L003_R1_001.fastq.gz','s3://human-pangenomics/working/HPRC/HG01374/raw_data/hic/HG01374-1_FC1_S35_L003_R1_001.fastq.gz','s3://human-pangenomics/working/HPRC/HG01374/raw_data/hic/HG01374-1_FC2_S35_L003_R1_001.fastq.gz','s3://human-pangenomics/working/HPRC/HG01374/raw_data/hic/HG01374-2_FC2_S36_L003_R1_001.fastq.gz']	['s3://human-pangenomics/working/HPRC/HG01374/raw_data/PacBio_HiFi/m84046_240306_071608_s1.hifi_reads.bc2029.bam','s3://human-pangenomics/working/HPRC/HG01374/raw_data/PacBio_HiFi/m84046_240306_091532_s2.hifi_reads.bc2029.bam','s3://human-pangenomics/working/HPRC/HG01374/raw_data/PacBio_HiFi/m84046_240314_005030_s2.hifi_reads.bc2029.bam']	['s3://human-pangenomics/working/HPRC/HG01374/raw_data/Illumina/child/HG01374.final.fq.gz']	['s3://human-pangenomics/working/HPRC/HG01374/raw_data/nanopore/sup5.0.0/10_21_24_R1041_UL_HPRC_HG01374_1_dorado0.9.1_sup5.0.0.bam','s3://human-pangenomics/working/HPRC/HG01374/raw_data/nanopore/sup5.0.0/10_21_24_R1041_UL_HPRC_HG01374_2_dorado0.9.1_sup5.0.0.bam','s3://human-pangenomics/working/HPRC/HG01374/raw_data/nanopore/sup5.0.0/10_21_24_R1041_UL_HPRC_HG01374_3_dorado0.9.1_sup5.0.0.bam']	[--unitig-abundance 8]
HG01433	['s3://human-pangenomics/working/HPRC/HG01433/raw_data/hic/HG01433-2_FC1_S50_L003_R1_001.fastq.gz','s3://human-pangenomics/working/HPRC/HG01433/raw_data/hic/HG01433-2_FC1_S50_L003_R2_001.fastq.gz','s3://human-pangenomics/working/HPRC/HG01433/raw_data/hic/HG01433-2_FC3_S50_L003_R1_001.fastq.gz','s3://human-pangenomics/working/HPRC/HG01433/raw_data/hic/HG01433-2_FC3_S50_L003_R2_001.fastq.gz','s3://human-pangenomics/working/HPRC/HG01433/raw_data/hic/HG01433-2_FC4_S50_L003_R1_001.fastq.gz','s3://human-pangenomics/working/HPRC/HG01433/raw_data/hic/HG01433-2_FC4_S50_L003_R2_001.fastq.gz','s3://human-pangenomics/working/HPRC/HG01433/raw_data/hic/HG01433-2_FC2_S50_L003_R1_001.fastq.gz','s3://human-pangenomics/working/HPRC/HG01433/raw_data/hic/HG01433-2_FC2_S50_L003_R2_001.fastq.gz','s3://human-pangenomics/working/HPRC/HG01433/raw_data/hic/HG01433-1_FC3_S49_L003_R1_001.fastq.gz','s3://human-pangenomics/working/HPRC/HG01433/raw_data/hic/HG01433-1_FC3_S49_L003_R2_001.fastq.gz','s3://human-pangenomics/working/HPRC/HG01433/raw_data/hic/HG01433-1_FC1_S49_L003_R1_001.fastq.gz','s3://human-pangenomics/working/HPRC/HG01433/raw_data/hic/HG01433-1_FC1_S49_L003_R2_001.fastq.gz','s3://human-pangenomics/working/HPRC/HG01433/raw_data/hic/HG01433-1_FC4_S49_L003_R1_001.fastq.gz','s3://human-pangenomics/working/HPRC/HG01433/raw_data/hic/HG01433-1_FC4_S49_L003_R2_001.fastq.gz','s3://human-pangenomics/working/HPRC/HG01433/raw_data/hic/HG01433-1_FC2_S49_L003_R1_001.fastq.gz','s3://human-pangenomics/working/HPRC/HG01433/raw_data/hic/HG01433-1_FC2_S49_L003_R2_001.fastq.gz']	['s3://human-pangenomics/working/HPRC/HG01433/raw_data/PacBio_HiFi/deepconsensus/v1pt2/HG01433.m64136_210604_175856.dc.q20.fastq.gz','s3://human-pangenomics/working/HPRC/HG01433/raw_data/PacBio_HiFi/deepconsensus/v1pt2/HG01433.m64136_210606_025622.dc.q20.fastq.gz','s3://human-pangenomics/working/HPRC/HG01433/raw_data/PacBio_HiFi/deepconsensus/v1pt2/HG01433.m64136_210607_115559.dc.q20.fastq.gz','s3://human-pangenomics/working/HPRC/HG01433/raw_data/PacBio_HiFi/deepconsensus/v1pt2/HG01433.m64136_210610_203618.dc.q20.fastq.gz','s3://human-pangenomics/working/HPRC/HG01433/raw_data/PacBio_HiFi/m84081_230727_190726_s1.hifi_reads.default.bam','s3://human-pangenomics/working/HPRC/HG01433/raw_data/PacBio_HiFi/m84081_230727_193748_s2.hifi_reads.default.bam']	['s3://human-pangenomics/working/HPRC/HG01433/raw_data/Illumina/child/HG01433.final.cram']	['s3://human-pangenomics/working/HPRC/HG01433/raw_data/nanopore/sup5.0.0_5mCG_5hmCG/11_12_24_R1041_UL_HPRC_HG01433_1_dorado0.9.5_sup5.0.0_5mCG_5hmCG.bam','s3://human-pangenomics/working/HPRC/HG01433/raw_data/nanopore/sup5.0.0_5mCG_5hmCG/11_12_24_R1041_UL_HPRC_HG01433_2_dorado0.9.0_sup5.0.0_5mCG_5hmCG.bam','s3://human-pangenomics/working/HPRC/HG01433/raw_data/nanopore/guppy_6/08_10_21_R941_HG01433_1_Guppy_6.4.6_450bps_modbases_5mc_cg_sup_prom_pass.bam','s3://human-pangenomics/working/HPRC/HG01433/raw_data/nanopore/guppy_6/08_10_21_R941_HG01433_2_Guppy_6.4.6_450bps_modbases_5mc_cg_sup_prom_pass.bam','s3://human-pangenomics/working/HPRC/HG01433/raw_data/nanopore/guppy_6/08_10_21_R941_HG01433_3_Guppy_6.4.6_450bps_modbases_5mc_cg_sup_prom_pass.bam']	[--unitig-abundance 8]
HG01479	['s3://human-pangenomics/working/HPRC/HG01479/raw_data/hic/HG01479-2_FC1_S14_L002_R2_001.fastq.gz','s3://human-pangenomics/working/HPRC/HG01479/raw_data/hic/HG01479-2_FC2_S14_L002_R1_001.fastq.gz','s3://human-pangenomics/working/HPRC/HG01479/raw_data/hic/HG01479-1_FC1_S13_L002_R2_001.fastq.gz','s3://human-pangenomics/working/HPRC/HG01479/raw_data/hic/HG01479-1_FC1_S13_L002_R1_001.fastq.gz','s3://human-pangenomics/working/HPRC/HG01479/raw_data/hic/HG01479-2_FC1_S14_L002_R1_001.fastq.gz','s3://human-pangenomics/working/HPRC/HG01479/raw_data/hic/HG01479-1_FC2_S13_L002_R1_001.fastq.gz','s3://human-pangenomics/working/HPRC/HG01479/raw_data/hic/HG01479-1_FC2_S13_L002_R2_001.fastq.gz','s3://human-pangenomics/working/HPRC/HG01479/raw_data/hic/HG01479-2_FC2_S14_L002_R2_001.fastq.gz']	['s3://human-pangenomics/working/HPRC/HG01479/raw_data/PacBio_HiFi/m84046_240417_024614_s2.hifi_reads.bc2083.bam','s3://human-pangenomics/working/HPRC/HG01479/raw_data/PacBio_HiFi/m84046_240419_225419_s3.hifi_reads.bc2083.bam','s3://human-pangenomics/working/HPRC/HG01479/raw_data/PacBio_HiFi/m84046_240420_005339_s4.hifi_reads.bc2083.bam']	['s3://human-pangenomics/working/HPRC/HG01479/raw_data/Illumina/child/HG01479.final.fq.gz']	['s3://human-pangenomics/working/HPRC/HG01479/raw_data/nanopore/sup5.0.0/10_28_24_R1041_UL_HPRC_HG01479_1_dorado0.9.1_sup5.0.0.bam','s3://human-pangenomics/working/HPRC/HG01479/raw_data/nanopore/sup5.0.0/10_28_24_R1041_UL_HPRC_HG01479_2_dorado0.9.1_sup5.0.0.bam']	[--unitig-abundance 8]
HG01496	['s3://human-pangenomics/working/HPRC/HG01496/raw_data/hic/HG01496-43a-2_S14_L002_R1_001.fastq.gz','s3://human-pangenomics/working/HPRC/HG01496/raw_data/hic/HG01496-43a-2_S14_L002_R2_001.fastq.gz','s3://human-pangenomics/working/HPRC/HG01496/raw_data/hic/HG01496-43a-2_S14_L003_R1_001.fastq.gz','s3://human-pangenomics/working/HPRC/HG01496/raw_data/hic/HG01496-43a-2_S14_L003_R2_001.fastq.gz','s3://human-pangenomics/working/HPRC/HG01496/raw_data/hic/HG01496-43a-1_S13_L002_R1_001.fastq.gz','s3://human-pangenomics/working/HPRC/HG01496/raw_data/hic/HG01496-43a-1_S13_L002_R2_001.fastq.gz','s3://human-pangenomics/working/HPRC/HG01496/raw_data/hic/HG01496-43a-1_S13_L003_R1_001.fastq.gz','s3://human-pangenomics/working/HPRC/HG01496/raw_data/hic/HG01496-43a-1_S13_L003_R2_001.fastq.gz','s3://human-pangenomics/working/HPRC/HG01496/raw_data/hic/HG01496-43a-2_S14_L004_R1_001.fastq.gz','s3://human-pangenomics/working/HPRC/HG01496/raw_data/hic/HG01496-43a-2_S14_L004_R2_001.fastq.gz','s3://human-pangenomics/working/HPRC/HG01496/raw_data/hic/HG01496-43a-2_S14_L001_R1_001.fastq.gz','s3://human-pangenomics/working/HPRC/HG01496/raw_data/hic/HG01496-43a-2_S14_L001_R2_001.fastq.gz','s3://human-pangenomics/working/HPRC/HG01496/raw_data/hic/HG01496-43a-1_S13_L004_R1_001.fastq.gz','s3://human-pangenomics/working/HPRC/HG01496/raw_data/hic/HG01496-43a-1_S13_L004_R2_001.fastq.gz','s3://human-pangenomics/working/HPRC/HG01496/raw_data/hic/HG01496-43a-1_S13_L001_R1_001.fastq.gz','s3://human-pangenomics/working/HPRC/HG01496/raw_data/hic/HG01496-43a-1_S13_L001_R2_001.fastq.gz']	['s3://human-pangenomics/working/HPRC/HG01496/raw_data/PacBio_HiFi/deepconsensus/v1pt2/HG01496.m64043_210625_184443.dc.q20.fastq.gz','s3://human-pangenomics/working/HPRC/HG01496/raw_data/PacBio_HiFi/deepconsensus/v1pt2/HG01496.m64043_210627_054642.dc.q20.fastq.gz','s3://human-pangenomics/working/HPRC/HG01496/raw_data/PacBio_HiFi/deepconsensus/v1pt2/HG01496.m64043_210628_151651.dc.q20.fastq.gz','s3://human-pangenomics/working/HPRC/HG01496/raw_data/PacBio_HiFi/m84081_231112_030942_s3.hifi_reads.bc2080.bam']	['s3://human-pangenomics/working/HPRC/HG01496/raw_data/Illumina/child/HG01496.final.cram']	['s3://human-pangenomics/working/HPRC/HG01496/raw_data/nanopore/sup5.0.0_5mCG_5hmCG/12_09_24_R1041_UL_HPRC_HG01496_1_dorado0.9.5_sup5.0.0_5mCG_5hmCG.bam','s3://human-pangenomics/working/HPRC/HG01496/raw_data/nanopore/sup5.0.0_5mCG_5hmCG/12_16_24_R1041_UL_HPRC_HG01496_1_dorado0.9.5_sup5.0.0_5mCG_5hmCG.bam','s3://human-pangenomics/working/HPRC/HG01496/raw_data/nanopore/guppy_6/08_17_21_R941_HG01496_1_Guppy_6.4.6_450bps_modbases_5mc_cg_sup_prom_pass.bam','s3://human-pangenomics/working/HPRC/HG01496/raw_data/nanopore/guppy_6/08_17_21_R941_HG01496_2_Guppy_6.4.6_450bps_modbases_5mc_cg_sup_prom_pass.bam','s3://human-pangenomics/working/HPRC/HG01496/raw_data/nanopore/guppy_6/08_17_21_R941_HG01496_3_Guppy_6.4.6_450bps_modbases_5mc_cg_sup_prom_pass.bam']	[--unitig-abundance 8]
HG01516	['s3://human-pangenomics/working/HPRC/HG01516/raw_data/hic/HG01516-1_FC1_S43_L004_R1_001.fastq.gz','s3://human-pangenomics/working/HPRC/HG01516/raw_data/hic/HG01516-1_FC1_S43_L004_R2_001.fastq.gz','s3://human-pangenomics/working/HPRC/HG01516/raw_data/hic/HG01516-1_FC2_S43_L004_R1_001.fastq.gz','s3://human-pangenomics/working/HPRC/HG01516/raw_data/hic/HG01516-1_FC2_S43_L004_R2_001.fastq.gz','s3://human-pangenomics/working/HPRC/HG01516/raw_data/hic/HG01516-2_FC1_S44_L004_R1_001.fastq.gz','s3://human-pangenomics/working/HPRC/HG01516/raw_data/hic/HG01516-2_FC1_S44_L004_R2_001.fastq.gz','s3://human-pangenomics/working/HPRC/HG01516/raw_data/hic/HG01516-2_FC2_S44_L004_R1_001.fastq.gz','s3://human-pangenomics/working/HPRC/HG01516/raw_data/hic/HG01516-2_FC2_S44_L004_R2_001.fastq.gz']	['s3://human-pangenomics/working/HPRC/HG01516/raw_data/PacBio_HiFi/m84203_240513_203944_s3.hifi_reads.bc1015.bam','s3://human-pangenomics/working/HPRC/HG01516/raw_data/PacBio_HiFi/m84091_240503_193726_s4.hifi_reads.bc1015.bam','s3://human-pangenomics/working/HPRC/HG01516/raw_data/PacBio_HiFi/m84203_240506_183521_s3.hifi_reads.bc1015.bam']	['s3://human-pangenomics/working/HPRC/HG01516/raw_data/Illumina/child/HG01516.final.fq.gz']	['s3://human-pangenomics/working/HPRC/HG01516/raw_data/nanopore/sup5.0.0/10_07_24_R1041_UL_HPRC_HG01516_1_dorado0.9.1_sup5.0.0.bam','s3://human-pangenomics/working/HPRC/HG01516/raw_data/nanopore/sup5.0.0/10_07_24_R1041_UL_HPRC_HG01516_2_dorado0.9.1_sup5.0.0.bam','s3://human-pangenomics/working/HPRC/HG01516/raw_data/nanopore/sup5.0.0/10_07_24_R1041_UL_HPRC_HG01516_3_dorado0.9.1_sup5.0.0.bam','s3://human-pangenomics/working/HPRC/HG01516/raw_data/nanopore/sup5.0.0_5mCG_5hmCG/12_09_24_R1041_UL_HPRC_HG01516_1_dorado1.1.1_sup5.0.0_5mCG_5hmCG.bam']	[--unitig-abundance 8]
HG01522	['s3://human-pangenomics/working/HPRC/HG01522/raw_data/hic/HG01522-1_FC1_S41_L004_R1_001.fastq.gz','s3://human-pangenomics/working/HPRC/HG01522/raw_data/hic/HG01522-1_FC1_S41_L004_R2_001.fastq.gz','s3://human-pangenomics/working/HPRC/HG01522/raw_data/hic/HG01522-1_FC2_S41_L004_R1_001.fastq.gz','s3://human-pangenomics/working/HPRC/HG01522/raw_data/hic/HG01522-1_FC2_S41_L004_R2_001.fastq.gz','s3://human-pangenomics/working/HPRC/HG01522/raw_data/hic/HG01522-2_FC1_S42_L004_R1_001.fastq.gz','s3://human-pangenomics/working/HPRC/HG01522/raw_data/hic/HG01522-2_FC1_S42_L004_R2_001.fastq.gz','s3://human-pangenomics/working/HPRC/HG01522/raw_data/hic/HG01522-2_FC2_S42_L004_R1_001.fastq.gz','s3://human-pangenomics/working/HPRC/HG01522/raw_data/hic/HG01522-2_FC2_S42_L004_R2_001.fastq.gz']	['s3://human-pangenomics/working/HPRC/HG01522/raw_data/PacBio_HiFi/m84081_240606_232403_s3.hifi_reads.bc2051.bam','s3://human-pangenomics/working/HPRC/HG01522/raw_data/PacBio_HiFi/m84081_240608_051713_s1.hifi_reads.bc2051.bam']	['s3://human-pangenomics/working/HPRC/HG01522/raw_data/Illumina/child/HG01522.final.fq.gz']	['s3://human-pangenomics/working/HPRC/HG01522/raw_data/nanopore/sup5.0.0/10_21_24_R1041_UL_HPRC_HG01522_1_dorado0.9.1_sup5.0.0.bam','s3://human-pangenomics/working/HPRC/HG01522/raw_data/nanopore/sup5.0.0/10_21_24_R1041_UL_HPRC_HG01522_2_dorado0.9.1_sup5.0.0.bam','s3://human-pangenomics/working/HPRC/HG01522/raw_data/nanopore/sup5.0.0/10_28_24_R1041_UL_HPRC_HG01522_1_dorado0.9.1_sup5.0.0.bam']	[--unitig-abundance 8]
HG01530	['s3://human-pangenomics/working/HPRC/HG01530/raw_data/hic/HG01530-2_S11_L003_R1_001.fastq.gz','s3://human-pangenomics/working/HPRC/HG01530/raw_data/hic/HG01530-2_S11_L003_R2_001.fastq.gz','s3://human-pangenomics/working/HPRC/HG01530/raw_data/hic/HG01530-2_S11_L004_R1_001.fastq.gz','s3://human-pangenomics/working/HPRC/HG01530/raw_data/hic/HG01530-2_S11_L004_R2_001.fastq.gz','s3://human-pangenomics/working/HPRC/HG01530/raw_data/hic/HG01530-2_S11_L001_R1_001.fastq.gz','s3://human-pangenomics/working/HPRC/HG01530/raw_data/hic/HG01530-2_S11_L001_R2_001.fastq.gz','s3://human-pangenomics/working/HPRC/HG01530/raw_data/hic/HG01530-2_S11_L002_R1_001.fastq.gz','s3://human-pangenomics/working/HPRC/HG01530/raw_data/hic/HG01530-2_S11_L002_R2_001.fastq.gz','s3://human-pangenomics/working/HPRC/HG01530/raw_data/hic/HG01530-1_S3_L004_R1_001.fastq.gz','s3://human-pangenomics/working/HPRC/HG01530/raw_data/hic/HG01530-1_S3_L004_R2_001.fastq.gz','s3://human-pangenomics/working/HPRC/HG01530/raw_data/hic/HG01530-1_S3_L003_R1_001.fastq.gz','s3://human-pangenomics/working/HPRC/HG01530/raw_data/hic/HG01530-1_S3_L003_R2_001.fastq.gz','s3://human-pangenomics/working/HPRC/HG01530/raw_data/hic/HG01530-1_S3_L001_R1_001.fastq.gz','s3://human-pangenomics/working/HPRC/HG01530/raw_data/hic/HG01530-1_S3_L001_R2_001.fastq.gz','s3://human-pangenomics/working/HPRC/HG01530/raw_data/hic/HG01530-1_S3_L002_R1_001.fastq.gz','s3://human-pangenomics/working/HPRC/HG01530/raw_data/hic/HG01530-1_S3_L002_R2_001.fastq.gz','s3://human-pangenomics/working/HPRC/HG01530/raw_data/hic/HG01530-2_S11i_L004_R2_001.fastq.gz','s3://human-pangenomics/working/HPRC/HG01530/raw_data/hic/HG01530-2_S11i_L004_R1_001.fastq.gz','s3://human-pangenomics/working/HPRC/HG01530/raw_data/hic/HG01530-2_S11i_L003_R1_001.fastq.gz','s3://human-pangenomics/working/HPRC/HG01530/raw_data/hic/HG01530-2_S11i_L003_R2_001.fastq.gz','s3://human-pangenomics/working/HPRC/HG01530/raw_data/hic/HG01530-2_S11i_L001_R1_001.fastq.gz','s3://human-pangenomics/working/HPRC/HG01530/raw_data/hic/HG01530-2_S11i_L001_R2_001.fastq.gz','s3://human-pangenomics/working/HPRC/HG01530/raw_data/hic/HG01530-2_S11i_L002_R1_001.fastq.gz','s3://human-pangenomics/working/HPRC/HG01530/raw_data/hic/HG01530-2_S11i_L002_R2_001.fastq.gz']	['s3://human-pangenomics/working/HPRC/HG01530/raw_data/PacBio_HiFi/deepconsensus/v1pt2/HG01530.m64055e_220915_170505.dc.q20.fastq.gz','s3://human-pangenomics/working/HPRC/HG01530/raw_data/PacBio_HiFi/deepconsensus/v1pt2/HG01530.m64334e_220920_180418.dc.q20.fastq.gz','s3://human-pangenomics/working/HPRC/HG01530/raw_data/PacBio_HiFi/deepconsensus/v1pt2/HG01530.m64334e_220922_131140.dc.q20.fastq.gz','s3://human-pangenomics/working/HPRC/HG01530/raw_data/PacBio_HiFi/m84091_231208_204928_s2.hifi_reads.bc1021.bam','s3://human-pangenomics/working/HPRC/HG01530/raw_data/PacBio_HiFi/m84091_231208_201822_s1.hifi_reads.bc1021.bam','s3://human-pangenomics/working/HPRC/HG01530/raw_data/PacBio_HiFi/m84091_231208_194716_s4.hifi_reads.bc1021.bam']	['s3://human-pangenomics/working/HPRC/HG01530/raw_data/Illumina/child/HG01530.final.cram']	['s3://human-pangenomics/working/HPRC/HG01530/raw_data/nanopore/sup5.0.0_5mCG_5hmCG/12_02_24_R1041_UL_HPRC_HG01530_1_dorado0.9.1_sup5.0.0_5mCG_5hmCG.bam','s3://human-pangenomics/working/HPRC/HG01530/raw_data/nanopore/sup5.0.0_5mCG_5hmCG/12_02_24_R1041_UL_HPRC_HG01530_2_dorado0.9.1_sup5.0.0_5mCG_5hmCG.bam','s3://human-pangenomics/working/HPRC/HG01530/raw_data/nanopore/guppy_6/09_14_22_R941_HG01530_1_Guppy_6.5.7_450bps_modbases_5mc_cg_sup_prom_pass.bam','s3://human-pangenomics/working/HPRC/HG01530/raw_data/nanopore/guppy_6/09_14_22_R941_HG01530_2_Guppy_6.5.7_450bps_modbases_5mc_cg_sup_prom_pass.bam','s3://human-pangenomics/working/HPRC/HG01530/raw_data/nanopore/guppy_6/09_14_22_R941_HG01530_3_Guppy_6.5.7_450bps_modbases_5mc_cg_sup_prom_pass.bam']	[--unitig-abundance 8]
HG01610	['s3://human-pangenomics/working/HPRC/HG01610/raw_data/hic/HG01610-1_FC1_S35_L003_R1_001.fastq.gz','s3://human-pangenomics/working/HPRC/HG01610/raw_data/hic/HG01610-1_FC1_S35_L003_R2_001.fastq.gz','s3://human-pangenomics/working/HPRC/HG01610/raw_data/hic/HG01610-1_FC2_S35_L003_R1_001.fastq.gz','s3://human-pangenomics/working/HPRC/HG01610/raw_data/hic/HG01610-1_FC2_S35_L003_R2_001.fastq.gz','s3://human-pangenomics/working/HPRC/HG01610/raw_data/hic/HG01610-2_FC1_S36_L003_R1_001.fastq.gz','s3://human-pangenomics/working/HPRC/HG01610/raw_data/hic/HG01610-2_FC1_S36_L003_R2_001.fastq.gz','s3://human-pangenomics/working/HPRC/HG01610/raw_data/hic/HG01610-2_FC2_S36_L003_R1_001.fastq.gz','s3://human-pangenomics/working/HPRC/HG01610/raw_data/hic/HG01610-2_FC2_S36_L003_R2_001.fastq.gz']	['s3://human-pangenomics/working/HPRC/HG01610/raw_data/PacBio_HiFi/m84081_231215_015931_s4.hifi_reads.bc2006.bam','s3://human-pangenomics/working/HPRC/HG01610/raw_data/PacBio_HiFi/m84081_231215_000011_s3.hifi_reads.bc2006.bam']	['s3://human-pangenomics/working/HPRC/HG01610/raw_data/Illumina/child/HG01610.final.fq.gz']	['s3://human-pangenomics/working/HPRC/HG01610/raw_data/nanopore/sup5.0.0/10_07_24_R1041_UL_HPRC_HG01610_1_dorado0.9.1_sup5.0.0.bam','s3://human-pangenomics/working/HPRC/HG01610/raw_data/nanopore/sup5.0.0/10_07_24_R1041_UL_HPRC_HG01610_2_dorado0.9.1_sup5.0.0.bam','s3://human-pangenomics/working/HPRC/HG01610/raw_data/nanopore/sup5.0.0/10_07_24_R1041_UL_HPRC_HG01610_3_dorado0.9.1_sup5.0.0.bam']	[--unitig-abundance 8]
HG01624	['s3://human-pangenomics/working/HPRC/HG01624/raw_data/hic/HG01624-1_FC1_S29_L003_R2_001.fastq.gz','s3://human-pangenomics/working/HPRC/HG01624/raw_data/hic/HG01624-1_FC2_S29_L003_R1_001.fastq.gz','s3://human-pangenomics/working/HPRC/HG01624/raw_data/hic/HG01624-2_FC1_S30_L003_R1_001.fastq.gz','s3://human-pangenomics/working/HPRC/HG01624/raw_data/hic/HG01624-1_FC1_S29_L003_R1_001.fastq.gz','s3://human-pangenomics/working/HPRC/HG01624/raw_data/hic/HG01624-2_FC2_S30_L003_R1_001.fastq.gz','s3://human-pangenomics/working/HPRC/HG01624/raw_data/hic/HG01624-2_FC1_S30_L003_R2_001.fastq.gz','s3://human-pangenomics/working/HPRC/HG01624/raw_data/hic/HG01624-1_FC2_S29_L003_R2_001.fastq.gz','s3://human-pangenomics/working/HPRC/HG01624/raw_data/hic/HG01624-2_FC2_S30_L003_R2_001.fastq.gz']	['s3://human-pangenomics/working/HPRC/HG01624/raw_data/PacBio_HiFi/m84091_240506_200151_s3.hifi_reads.bc1010.bam','s3://human-pangenomics/working/HPRC/HG01624/raw_data/PacBio_HiFi/m84091_240502_204906_s3.hifi_reads.bc1010.bam','s3://human-pangenomics/working/HPRC/HG01624/raw_data/PacBio_HiFi/m84091_240610_180653_s2.hifi_reads.bc1010.bam']	['s3://human-pangenomics/working/HPRC/HG01624/raw_data/Illumina/child/HG01624.final.fq.gz']	['s3://human-pangenomics/working/HPRC/HG01624/raw_data/nanopore/sup5.0.0/10_15_24_R1041_UL_HPRC_HG01624_1_dorado0.9.1_sup5.0.0.bam','s3://human-pangenomics/working/HPRC/HG01624/raw_data/nanopore/sup5.0.0/10_15_24_R1041_UL_HPRC_HG01624_2_dorado0.9.1_sup5.0.0.bam']	[--unitig-abundance 8]
HG01700	['s3://human-pangenomics/working/HPRC/HG01700/raw_data/hic/HG01700-1_FC1_S33_L003_R2_001.fastq.gz','s3://human-pangenomics/working/HPRC/HG01700/raw_data/hic/HG01700-1_FC2_S33_L003_R1_001.fastq.gz','s3://human-pangenomics/working/HPRC/HG01700/raw_data/hic/HG01700-1_FC1_S33_L003_R1_001.fastq.gz','s3://human-pangenomics/working/HPRC/HG01700/raw_data/hic/HG01700-2_FC1_S34_L003_R2_001.fastq.gz','s3://human-pangenomics/working/HPRC/HG01700/raw_data/hic/HG01700-2_FC2_S34_L003_R1_001.fastq.gz','s3://human-pangenomics/working/HPRC/HG01700/raw_data/hic/HG01700-1_FC2_S33_L003_R2_001.fastq.gz','s3://human-pangenomics/working/HPRC/HG01700/raw_data/hic/HG01700-2_FC2_S34_L003_R2_001.fastq.gz','s3://human-pangenomics/working/HPRC/HG01700/raw_data/hic/HG01700-2_FC1_S34_L003_R1_001.fastq.gz']	['s3://human-pangenomics/working/HPRC/HG01700/raw_data/PacBio_HiFi/m84203_240516_213725_s4.hifi_reads.bc1017.bam','s3://human-pangenomics/working/HPRC/HG01700/raw_data/PacBio_HiFi/m84203_240521_182323_s2.hifi_reads.bc1017.bam','s3://human-pangenomics/working/HPRC/HG01700/raw_data/PacBio_HiFi/m84203_240513_214117_s1.hifi_reads.bc1017.bam']	['s3://human-pangenomics/working/HPRC/HG01700/raw_data/Illumina/child/HG01700.final.fq.gz']	['s3://human-pangenomics/working/HPRC/HG01700/raw_data/nanopore/sup5.0.0/10_07_24_R1041_UL_HPRC_HG01700_1_dorado0.9.1_sup5.0.0.bam','s3://human-pangenomics/working/HPRC/HG01700/raw_data/nanopore/sup5.0.0/10_07_24_R1041_UL_HPRC_HG01700_2_dorado0.9.1_sup5.0.0.bam','s3://human-pangenomics/working/HPRC/HG01700/raw_data/nanopore/sup5.0.0/10_07_24_R1041_UL_HPRC_HG01700_3_dorado0.9.1_sup5.0.0.bam','s3://human-pangenomics/working/HPRC/HG01700/raw_data/nanopore/sup5.0.0_5mCG_5hmCG/12_09_24_R1041_UL_HPRC_HG01700_1_dorado1.1.1_sup5.0.0_5mCG_5hmCG.bam']	[--unitig-abundance 8]
HG01766	['s3://human-pangenomics/working/HPRC/HG01766/raw_data/hic/HG01766-1_FC1_S1_L001_R1_001.fastq.gz','s3://human-pangenomics/working/HPRC/HG01766/raw_data/hic/HG01766-1_FC1_S1_L001_R2_001.fastq.gz','s3://human-pangenomics/working/HPRC/HG01766/raw_data/hic/HG01766-1_FC2_S1_L001_R1_001.fastq.gz','s3://human-pangenomics/working/HPRC/HG01766/raw_data/hic/HG01766-1_FC2_S1_L001_R2_001.fastq.gz','s3://human-pangenomics/working/HPRC/HG01766/raw_data/hic/HG01766-2_FC1_S2_L001_R1_001.fastq.gz','s3://human-pangenomics/working/HPRC/HG01766/raw_data/hic/HG01766-2_FC1_S2_L001_R2_001.fastq.gz','s3://human-pangenomics/working/HPRC/HG01766/raw_data/hic/HG01766-2_FC2_S2_L001_R1_001.fastq.gz','s3://human-pangenomics/working/HPRC/HG01766/raw_data/hic/HG01766-2_FC2_S2_L001_R2_001.fastq.gz']	['s3://human-pangenomics/working/HPRC/HG01766/raw_data/PacBio_HiFi/m84046_230728_232723_s1.hifi_reads.bc2090.bam','s3://human-pangenomics/working/HPRC/HG01766/raw_data/PacBio_HiFi/m84046_230721_192545_s2.hifi_reads.bc2090.bam','s3://human-pangenomics/working/HPRC/HG01766/raw_data/PacBio_HiFi/m84046_230722_183401_s4.hifi_reads.bc2090.bam','s3://human-pangenomics/working/HPRC/HG01766/raw_data/PacBio_HiFi/m84046_230722_180255_s3.hifi_reads.bc2090.bam']	['s3://human-pangenomics/working/HPRC/HG01766/raw_data/Illumina/child/HG01766.final.fq.gz']	['s3://human-pangenomics/working/HPRC/HG01766/raw_data/nanopore/sup5.0.0_5mCG_5hmCG/09_12_23_R1041_HPRC_HG01766_1_dorado0.9.5_sup5.0.0_5mCG_5hmCG.bam','s3://human-pangenomics/working/HPRC/HG01766/raw_data/nanopore/sup5.0.0_5mCG_5hmCG/09_12_23_R1041_HPRC_HG01766_2_dorado0.9.5_sup5.0.0_5mCG_5hmCG.bam','s3://human-pangenomics/working/HPRC/HG01766/raw_data/nanopore/sup5.0.0_5mCG_5hmCG/09_12_23_R1041_HPRC_HG01766_3_dorado0.9.5_sup5.0.0_5mCG_5hmCG.bam']	[--unitig-abundance 8]
HG01784	['s3://human-pangenomics/working/HPRC/HG01784/raw_data/hic/HG01784-2_S31_L001_R1_001.fastq.gz','s3://human-pangenomics/working/HPRC/HG01784/raw_data/hic/HG01784-2_S31_L001_R2_001.fastq.gz','s3://human-pangenomics/working/HPRC/HG01784/raw_data/hic/HG01784-2_S31_L004_R1_001.fastq.gz','s3://human-pangenomics/working/HPRC/HG01784/raw_data/hic/HG01784-2_S31_L004_R2_001.fastq.gz','s3://human-pangenomics/working/HPRC/HG01784/raw_data/hic/HG01784-2_S31_L003_R1_001.fastq.gz','s3://human-pangenomics/working/HPRC/HG01784/raw_data/hic/HG01784-2_S31_L003_R2_001.fastq.gz','s3://human-pangenomics/working/HPRC/HG01784/raw_data/hic/HG01784-2_S31_L002_R1_001.fastq.gz','s3://human-pangenomics/working/HPRC/HG01784/raw_data/hic/HG01784-2_S31_L002_R2_001.fastq.gz']	['s3://human-pangenomics/working/HPRC/HG01784/raw_data/PacBio_HiFi/deepconsensus/v1pt2/HG01784.m64055e_220920_175231.dc.q20.fastq.gz','s3://human-pangenomics/working/HPRC/HG01784/raw_data/PacBio_HiFi/deepconsensus/v1pt2/HG01784.m64055e_220922_130045.dc.q20.fastq.gz','s3://human-pangenomics/working/HPRC/HG01784/raw_data/PacBio_HiFi/deepconsensus/v1pt2/HG01784.m64330e_220917_122517.dc.q20.fastq.gz','s3://human-pangenomics/working/HPRC/HG01784/raw_data/PacBio_HiFi/m84091_231120_182829_s1.hifi_reads.bc1019.bam']	['s3://human-pangenomics/working/HPRC/HG01784/raw_data/Illumina/child/HG01784.final.cram']	['s3://human-pangenomics/working/HPRC/HG01784/raw_data/nanopore/sup5.0.0_5mCG_5hmCG/12_02_24_R1041_UL_HPRC_HG01784_1_dorado0.9.1_sup5.0.0_5mCG_5hmCG.bam','s3://human-pangenomics/working/HPRC/HG01784/raw_data/nanopore/sup5.0.0_5mCG_5hmCG/12_02_24_R1041_UL_HPRC_HG01784_2_dorado0.9.1_sup5.0.0_5mCG_5hmCG.bam','s3://human-pangenomics/working/HPRC/HG01784/raw_data/nanopore/guppy_6/09_14_22_R941_HG01784_1_Guppy_6.5.7_450bps_modbases_5mc_cg_sup_prom_pass.bam','s3://human-pangenomics/working/HPRC/HG01784/raw_data/nanopore/guppy_6/09_14_22_R941_HG01784_2_Guppy_6.5.7_450bps_modbases_5mc_cg_sup_prom_pass.bam','s3://human-pangenomics/working/HPRC/HG01784/raw_data/nanopore/guppy_6/09_14_22_R941_HG01784_3_Guppy_6.5.7_450bps_modbases_5mc_cg_sup_prom_pass.bam']	[--unitig-abundance 8]
HG01786	['s3://human-pangenomics/working/HPRC/HG01786/raw_data/hic/HG01786-1_FC2_S1_L004_R1_001.fastq.gz','s3://human-pangenomics/working/HPRC/HG01786/raw_data/hic/HG01786-1_FC2_S1_L004_R2_001.fastq.gz','s3://human-pangenomics/working/HPRC/HG01786/raw_data/hic/HG01786-1_FC1_S1_L004_R1_001.fastq.gz','s3://human-pangenomics/working/HPRC/HG01786/raw_data/hic/HG01786-1_FC1_S1_L004_R2_001.fastq.gz','s3://human-pangenomics/working/HPRC/HG01786/raw_data/hic/HG01786-2_FC2_S2_L004_R1_001.fastq.gz','s3://human-pangenomics/working/HPRC/HG01786/raw_data/hic/HG01786-2_FC2_S2_L004_R2_001.fastq.gz','s3://human-pangenomics/working/HPRC/HG01786/raw_data/hic/HG01786-2_FC1_S2_L004_R1_001.fastq.gz','s3://human-pangenomics/working/HPRC/HG01786/raw_data/hic/HG01786-2_FC1_S2_L004_R2_001.fastq.gz']	['s3://human-pangenomics/working/HPRC/HG01786/raw_data/PacBio_HiFi/m84081_230616_175717_s2.hifi_reads.bc2012.bam','s3://human-pangenomics/working/HPRC/HG01786/raw_data/PacBio_HiFi/m84081_230616_172650_s1.hifi_reads.bc2012.bam']	['s3://human-pangenomics/working/HPRC/HG01786/raw_data/Illumina/child/HG01786.final.cram']	['s3://human-pangenomics/working/HPRC/HG01786/raw_data/nanopore/sup5.0.0_5mCG_5hmCG/11_28_23_R1041_HPRC_HG01786_1_dorado0.9.5_sup5.0.0_5mCG_5hmCG.bam','s3://human-pangenomics/working/HPRC/HG01786/raw_data/nanopore/sup5.0.0_5mCG_5hmCG/11_28_23_R1041_HPRC_HG01786_2_dorado0.9.5_sup5.0.0_5mCG_5hmCG.bam','s3://human-pangenomics/working/HPRC/HG01786/raw_data/nanopore/sup5.0.0_5mCG_5hmCG/11_28_23_R1041_HPRC_HG01786_3_dorado0.9.5_sup5.0.0_5mCG_5hmCG.bam']	[--unitig-abundance 8]
HG01796	['s3://human-pangenomics/working/HPRC/HG01796/raw_data/hic/HG01796-1_FC2_S23_L002_R1_001.fastq.gz','s3://human-pangenomics/working/HPRC/HG01796/raw_data/hic/HG01796-1_FC1_S23_L002_R1_001.fastq.gz','s3://human-pangenomics/working/HPRC/HG01796/raw_data/hic/HG01796-1_FC1_S23_L002_R2_001.fastq.gz','s3://human-pangenomics/working/HPRC/HG01796/raw_data/hic/HG01796-2_FC1_S24_L002_R2_001.fastq.gz','s3://human-pangenomics/working/HPRC/HG01796/raw_data/hic/HG01796-2_FC1_S24_L002_R1_001.fastq.gz','s3://human-pangenomics/working/HPRC/HG01796/raw_data/hic/HG01796-2_FC2_S24_L002_R1_001.fastq.gz','s3://human-pangenomics/working/HPRC/HG01796/raw_data/hic/HG01796-1_FC2_S23_L002_R2_001.fastq.gz','s3://human-pangenomics/working/HPRC/HG01796/raw_data/hic/HG01796-2_FC2_S24_L002_R2_001.fastq.gz']	['s3://human-pangenomics/working/HPRC/HG01796/raw_data/PacBio_HiFi/m84203_240710_203938_s3.hifi_reads.bc1011.bam','s3://human-pangenomics/working/HPRC/HG01796/raw_data/PacBio_HiFi/m84091_240607_200524_s4.hifi_reads.bc1011.bam','s3://human-pangenomics/working/HPRC/HG01796/raw_data/PacBio_HiFi/m84091_240715_210442_s2.hifi_reads.bc1011.bam','s3://human-pangenomics/working/HPRC/HG01796/raw_data/PacBio_HiFi/m84203_240607_165838_s4.hifi_reads.bc1011.bam','s3://human-pangenomics/working/HPRC/HG01796/raw_data/PacBio_HiFi/m84091_240718_201829_s1.hifi_reads.bc1011.bam']	['s3://human-pangenomics/working/HPRC/HG01796/raw_data/Illumina/child/HG01796.final.fq.gz']	['s3://human-pangenomics/working/HPRC/HG01796/raw_data/nanopore/sup5.0.0_5mCG_5hmCG/10_28_24_R1041_UL_HPRC_HG01796_1_dorado0.9.1_sup5.0.0_5mCG_5hmCG.bam','s3://human-pangenomics/working/HPRC/HG01796/raw_data/nanopore/sup5.0.0_5mCG_5hmCG/10_28_24_R1041_UL_HPRC_HG01796_2_dorado0.9.1_sup5.0.0_5mCG_5hmCG.bam','s3://human-pangenomics/working/HPRC/HG01796/raw_data/nanopore/sup5.0.0_5mCG_5hmCG/11_04_24_R1041_UL_HPRC_HG01796_1_dorado0.9.1_sup5.0.0_5mCG_5hmCG.bam']	[--unitig-abundance 8]
HG01798	['s3://human-pangenomics/working/HPRC/HG01798/raw_data/hic/HG01798-1_FC1_S19_L002_R1_001.fastq.gz','s3://human-pangenomics/working/HPRC/HG01798/raw_data/hic/HG01798-1_FC1_S19_L002_R2_001.fastq.gz','s3://human-pangenomics/working/HPRC/HG01798/raw_data/hic/HG01798-1_FC2_S19_L002_R1_001.fastq.gz','s3://human-pangenomics/working/HPRC/HG01798/raw_data/hic/HG01798-1_FC2_S19_L002_R2_001.fastq.gz','s3://human-pangenomics/working/HPRC/HG01798/raw_data/hic/HG01798-2_FC1_S20_L002_R1_001.fastq.gz','s3://human-pangenomics/working/HPRC/HG01798/raw_data/hic/HG01798-2_FC1_S20_L002_R2_001.fastq.gz','s3://human-pangenomics/working/HPRC/HG01798/raw_data/hic/HG01798-2_FC2_S20_L002_R1_001.fastq.gz','s3://human-pangenomics/working/HPRC/HG01798/raw_data/hic/HG01798-2_FC2_S20_L002_R2_001.fastq.gz']	['s3://human-pangenomics/working/HPRC/HG01798/raw_data/PacBio_HiFi/m84081_231209_034516_s4.hifi_reads.bc2002.bam','s3://human-pangenomics/working/HPRC/HG01798/raw_data/PacBio_HiFi/m84081_231209_031410_s3.hifi_reads.bc2002.bam']	['s3://human-pangenomics/working/HPRC/HG01798/raw_data/Illumina/child/HG01798.final.fq.gz']	['s3://human-pangenomics/working/HPRC/HG01798/raw_data/nanopore/sup5.0.0_5mCG_5hmCG/08_29_23_R1041_HPRC_HG01798_1_dorado0.9.5_sup5.0.0_5mCG_5hmCG.bam','s3://human-pangenomics/working/HPRC/HG01798/raw_data/nanopore/sup5.0.0_5mCG_5hmCG/08_29_23_R1041_HPRC_HG01798_2_dorado0.9.5_sup5.0.0_5mCG_5hmCG.bam','s3://human-pangenomics/working/HPRC/HG01798/raw_data/nanopore/sup5.0.0_5mCG_5hmCG/08_29_23_R1041_HPRC_HG01798_3_dorado0.9.5_sup5.0.0_5mCG_5hmCG.bam']	[--unitig-abundance 8]
HG01884	['s3://human-pangenomics/working/HPRC/HG01884/raw_data/hic/HG01884-49d-1_S5_L004_R1_001.fastq.gz','s3://human-pangenomics/working/HPRC/HG01884/raw_data/hic/HG01884-49d-1_S5_L004_R2_001.fastq.gz','s3://human-pangenomics/working/HPRC/HG01884/raw_data/hic/HG01884-49d-1_S5_L003_R1_001.fastq.gz','s3://human-pangenomics/working/HPRC/HG01884/raw_data/hic/HG01884-49d-1_S5_L003_R2_001.fastq.gz','s3://human-pangenomics/working/HPRC/HG01884/raw_data/hic/HG01884-49d-1_S5_L001_R1_001.fastq.gz','s3://human-pangenomics/working/HPRC/HG01884/raw_data/hic/HG01884-49d-1_S5_L001_R2_001.fastq.gz','s3://human-pangenomics/working/HPRC/HG01884/raw_data/hic/HG01884-49d-2_S6_L004_R1_001.fastq.gz','s3://human-pangenomics/working/HPRC/HG01884/raw_data/hic/HG01884-49d-2_S6_L004_R2_001.fastq.gz','s3://human-pangenomics/working/HPRC/HG01884/raw_data/hic/HG01884-49d-1_S5_L002_R1_001.fastq.gz','s3://human-pangenomics/working/HPRC/HG01884/raw_data/hic/HG01884-49d-1_S5_L002_R2_001.fastq.gz','s3://human-pangenomics/working/HPRC/HG01884/raw_data/hic/HG01884-49d-2_S6_L003_R1_001.fastq.gz','s3://human-pangenomics/working/HPRC/HG01884/raw_data/hic/HG01884-49d-2_S6_L003_R2_001.fastq.gz','s3://human-pangenomics/working/HPRC/HG01884/raw_data/hic/HG01884-49d-2_S6_L002_R1_001.fastq.gz','s3://human-pangenomics/working/HPRC/HG01884/raw_data/hic/HG01884-49d-2_S6_L002_R2_001.fastq.gz','s3://human-pangenomics/working/HPRC/HG01884/raw_data/hic/HG01884-49d-2_S6_L001_R1_001.fastq.gz','s3://human-pangenomics/working/HPRC/HG01884/raw_data/hic/HG01884-49d-2_S6_L001_R2_001.fastq.gz']	['s3://human-pangenomics/working/HPRC/HG01884/raw_data/PacBio_HiFi/deepconsensus/v1pt2/HG01884.m54329U_210713_205453.dc.q20.fastq.gz','s3://human-pangenomics/working/HPRC/HG01884/raw_data/PacBio_HiFi/deepconsensus/v1pt2/HG01884.m54329U_210716_214728.dc.q20.fastq.gz','s3://human-pangenomics/working/HPRC/HG01884/raw_data/PacBio_HiFi/deepconsensus/v1pt2/HG01884.m54329U_210718_084331.dc.q20.fastq.gz','s3://human-pangenomics/working/HPRC/HG01884/raw_data/PacBio_HiFi/m84046_230712_231732_s2.hifi_reads.default.bam','s3://human-pangenomics/working/HPRC/HG01884/raw_data/PacBio_HiFi/m84046_230707_192442_s1.hifi_reads.default.bam','s3://human-pangenomics/working/HPRC/HG01884/raw_data/PacBio_HiFi/m84046_230718_230843_s2.hifi_reads.default.bam','s3://human-pangenomics/working/HPRC/HG01884/raw_data/PacBio_HiFi/m84046_230701_003325_s1.hifi_reads.default.bam']	['s3://human-pangenomics/working/HPRC/HG01884/raw_data/Illumina/child/HG01884.final.cram']	['s3://human-pangenomics/working/HPRC/HG01884/raw_data/nanopore/sup5.0.0_5mCG_5hmCG/12_02_24_R1041_UL_HPRC_HG01884_1_dorado0.9.0_sup5.0.0_5mCG_5hmCG.bam','s3://human-pangenomics/working/HPRC/HG01884/raw_data/nanopore/sup5.0.0_5mCG_5hmCG/12_02_24_R1041_UL_HPRC_HG01884_2_dorado0.9.0_sup5.0.0_5mCG_5hmCG.bam','s3://human-pangenomics/working/HPRC/HG01884/raw_data/nanopore/guppy_6/08_17_21_R941_HG01884_1_Guppy_6.4.6_450bps_modbases_5mc_cg_sup_prom_pass.bam','s3://human-pangenomics/working/HPRC/HG01884/raw_data/nanopore/guppy_6/08_17_21_R941_HG01884_2_Guppy_6.4.6_450bps_modbases_5mc_cg_sup_prom_pass.bam','s3://human-pangenomics/working/HPRC/HG01884/raw_data/nanopore/guppy_6/08_17_21_R941_HG01884_3_Guppy_6.4.6_450bps_modbases_5mc_cg_sup_prom_pass.bam']	[--unitig-abundance 8]
HG01891	['s3://human-pangenomics/working/HPRC/HG01891/raw_data/hic/NWM191b-1_S8_L001_R1_001.fastq.gz','s3://human-pangenomics/working/HPRC/HG01891/raw_data/hic/NWM191b-1_S8_L001_R2_001.fastq.gz','s3://human-pangenomics/working/HPRC/HG01891/raw_data/hic/NWM191b-2_S16_L001_R1_001.fastq.gz','s3://human-pangenomics/working/HPRC/HG01891/raw_data/hic/NWM191b-2_S16_L001_R2_001.fastq.gz','s3://human-pangenomics/working/HPRC/HG01891/raw_data/hic/NWM191b-1_S8_L003_R1_001.fastq.gz','s3://human-pangenomics/working/HPRC/HG01891/raw_data/hic/NWM191b-1_S8_L003_R2_001.fastq.gz','s3://human-pangenomics/working/HPRC/HG01891/raw_data/hic/NWM191b-1_S8_L002_R1_001.fastq.gz','s3://human-pangenomics/working/HPRC/HG01891/raw_data/hic/NWM191b-1_S8_L002_R2_001.fastq.gz','s3://human-pangenomics/working/HPRC/HG01891/raw_data/hic/NWM191b-2_S16_L003_R1_001.fastq.gz','s3://human-pangenomics/working/HPRC/HG01891/raw_data/hic/NWM191b-2_S16_L003_R2_001.fastq.gz','s3://human-pangenomics/working/HPRC/HG01891/raw_data/hic/NWM191b-2_S16_L002_R1_001.fastq.gz','s3://human-pangenomics/working/HPRC/HG01891/raw_data/hic/NWM191b-2_S16_L002_R2_001.fastq.gz','s3://human-pangenomics/working/HPRC/HG01891/raw_data/hic/NWM191b-1_S8_L004_R1_001.fastq.gz','s3://human-pangenomics/working/HPRC/HG01891/raw_data/hic/NWM191b-1_S8_L004_R2_001.fastq.gz','s3://human-pangenomics/working/HPRC/HG01891/raw_data/hic/NWM191b-2_S16_L004_R1_001.fastq.gz','s3://human-pangenomics/working/HPRC/HG01891/raw_data/hic/NWM191b-2_S16_L004_R2_001.fastq.gz']	['s3://human-pangenomics/working/HPRC/HG01891/raw_data/PacBio_HiFi/deepconsensus/v1pt2/HG01891.m54329U_200124_193652.dc.q20.fastq.gz','s3://human-pangenomics/working/HPRC/HG01891/raw_data/PacBio_HiFi/deepconsensus/v1pt2/HG01891.m54329U_200127_180554.dc.q20.fastq.gz','s3://human-pangenomics/working/HPRC/HG01891/raw_data/PacBio_HiFi/deepconsensus/v1pt2/HG01891.m54329U_200129_001928.dc.q20.fastq.gz','s3://human-pangenomics/working/HPRC/HG01891/raw_data/PacBio_HiFi/deepconsensus/v1pt2/HG01891.m54329U_200130_064539.dc.q20.fastq.gz','s3://human-pangenomics/working/HPRC/HG01891/raw_data/PacBio_HiFi/m84046_230712_224626_s1.hifi_reads.bc2066.bam']	['s3://human-pangenomics/working/HPRC/HG01891/raw_data/Illumina/child/HG01891.final.cram']	['s3://human-pangenomics/working/HPRC/HG01891/raw_data/nanopore/sup5.0.0_5mCG_5hmCG/08_26_24_R1041_UL_HPRC_HG01891_2_dorado1.0.0_sup5.0.0_5mCG_5hmCG.bam','s3://human-pangenomics/working/HPRC/HG01891/raw_data/nanopore/sup5.0.0_5mCG_5hmCG/08_26_24_R1041_UL_HPRC_HG01891_1_dorado1.0.0_sup5.0.0_5mCG_5hmCG.bam','s3://human-pangenomics/working/HPRC/HG01891/raw_data/nanopore/guppy_6/12_7_22_R941_HG01891_1_Guppy_6.5.7_450bps_modbases_5mc_cg_sup_prom_pass.bam','s3://human-pangenomics/working/HPRC/HG01891/raw_data/nanopore/guppy_6/12_7_22_R941_HG01891_2_Guppy_6.5.7_450bps_modbases_5mc_cg_sup_prom_pass.bam','s3://human-pangenomics/working/HPRC/HG01891/raw_data/nanopore/guppy_6/HG01891_2_Guppy_6.5.7_450bps_modbases_5mc_cg_sup_prom_pass.bam','s3://human-pangenomics/working/HPRC/HG01891/raw_data/nanopore/guppy_6/HG01891_3_Guppy_6.5.7_450bps_modbases_5mc_cg_sup_prom_pass.bam','s3://human-pangenomics/working/HPRC/HG01891/raw_data/nanopore/guppy_6/HG01891_4_Guppy_6.5.7_450bps_modbases_5mc_cg_sup_prom_pass.bam']	[--unitig-abundance 8]
HG01894	['s3://human-pangenomics/working/HPRC/HG01894/raw_data/hic/HG01894-1_FC1_S5_L001_R2_001.fastq.gz','s3://human-pangenomics/working/HPRC/HG01894/raw_data/hic/HG01894-2_FC1_S6_L001_R2_001.fastq.gz','s3://human-pangenomics/working/HPRC/HG01894/raw_data/hic/HG01894-1_FC2_S5_L001_R2_001.fastq.gz','s3://human-pangenomics/working/HPRC/HG01894/raw_data/hic/HG01894-2_FC2_S6_L001_R2_001.fastq.gz','s3://human-pangenomics/working/HPRC/HG01894/raw_data/hic/HG01894-1_FC1_S5_L001_R1_001.fastq.gz','s3://human-pangenomics/working/HPRC/HG01894/raw_data/hic/HG01894-2_FC2_S6_L001_R1_001.fastq.gz','s3://human-pangenomics/working/HPRC/HG01894/raw_data/hic/HG01894-1_FC2_S5_L001_R1_001.fastq.gz','s3://human-pangenomics/working/HPRC/HG01894/raw_data/hic/HG01894-2_FC1_S6_L001_R1_001.fastq.gz']	['s3://human-pangenomics/working/HPRC/HG01894/raw_data/PacBio_HiFi/m84081_231105_014442_s1.hifi_reads.bc2069.bam','s3://human-pangenomics/working/HPRC/HG01894/raw_data/PacBio_HiFi/m84081_231103_210721_s4.hifi_reads.bc2069.bam']	['s3://human-pangenomics/working/HPRC/HG01894/raw_data/Illumina/child/HG01894.final.fq.gz']	['s3://human-pangenomics/working/HPRC/HG01894/raw_data/nanopore/sup5.0.0_5mCG_5hmCG/10_10_23_R1041_HPRC_HG01894_1_dorado0.9.5_sup5.0.0_5mCG_5hmCG.bam','s3://human-pangenomics/working/HPRC/HG01894/raw_data/nanopore/sup5.0.0_5mCG_5hmCG/10_10_23_R1041_HPRC_HG01894_2_dorado0.9.5_sup5.0.0_5mCG_5hmCG.bam','s3://human-pangenomics/working/HPRC/HG01894/raw_data/nanopore/sup5.0.0_5mCG_5hmCG/10_10_23_R1041_HPRC_HG01894_3_dorado0.9.5_sup5.0.0_5mCG_5hmCG.bam']	[--unitig-abundance 8]
HG01928	['s3://human-pangenomics/working/HPRC/HG01928/raw_data/hic/NWM203a-2_S20_L003_R1_001.fastq.gz','s3://human-pangenomics/working/HPRC/HG01928/raw_data/hic/NWM203a-2_S20_L003_R2_001.fastq.gz','s3://human-pangenomics/working/HPRC/HG01928/raw_data/hic/NWM203a-1_S18_L003_R1_001.fastq.gz','s3://human-pangenomics/working/HPRC/HG01928/raw_data/hic/NWM203a-1_S18_L003_R2_001.fastq.gz','s3://human-pangenomics/working/HPRC/HG01928/raw_data/hic/NWM203a-2_S20_L004_R1_001.fastq.gz','s3://human-pangenomics/working/HPRC/HG01928/raw_data/hic/NWM203a-2_S20_L004_R2_001.fastq.gz','s3://human-pangenomics/working/HPRC/HG01928/raw_data/hic/NWM203a-2_S20_L001_R1_001.fastq.gz','s3://human-pangenomics/working/HPRC/HG01928/raw_data/hic/NWM203a-2_S20_L001_R2_001.fastq.gz','s3://human-pangenomics/working/HPRC/HG01928/raw_data/hic/NWM203a-2_S20_L002_R1_001.fastq.gz','s3://human-pangenomics/working/HPRC/HG01928/raw_data/hic/NWM203a-2_S20_L002_R2_001.fastq.gz','s3://human-pangenomics/working/HPRC/HG01928/raw_data/hic/NWM203a-1_S18_L004_R1_001.fastq.gz','s3://human-pangenomics/working/HPRC/HG01928/raw_data/hic/NWM203a-1_S18_L004_R2_001.fastq.gz','s3://human-pangenomics/working/HPRC/HG01928/raw_data/hic/NWM203a-1_S18_L001_R1_001.fastq.gz','s3://human-pangenomics/working/HPRC/HG01928/raw_data/hic/NWM203a-1_S18_L001_R2_001.fastq.gz','s3://human-pangenomics/working/HPRC/HG01928/raw_data/hic/NWM203a-1_S18_L002_R1_001.fastq.gz','s3://human-pangenomics/working/HPRC/HG01928/raw_data/hic/NWM203a-1_S18_L002_R2_001.fastq.gz']	['s3://human-pangenomics/working/HPRC/HG01928/raw_data/PacBio_HiFi/deepconsensus/v1pt2/HG01928.m64043_200612_200936.dc.q20.fastq.gz','s3://human-pangenomics/working/HPRC/HG01928/raw_data/PacBio_HiFi/deepconsensus/v1pt2/HG01928.m64043_200614_191756.dc.q20.fastq.gz','s3://human-pangenomics/working/HPRC/HG01928/raw_data/PacBio_HiFi/deepconsensus/v1pt2/HG01928.m64043_200616_013031.dc.q20.fastq.gz','s3://human-pangenomics/working/HPRC/HG01928/raw_data/PacBio_HiFi/deepconsensus/v1pt2/HG01928.m64043_200617_075530.dc.q20.fastq.gz','s3://human-pangenomics/working/HPRC/HG01928/raw_data/PacBio_HiFi/deepconsensus/v1pt2/HG01928.m64136_220609_181426.dc.q20.fastq.gz','s3://human-pangenomics/working/HPRC/HG01928/raw_data/PacBio_HiFi/deepconsensus/v1pt2/HG01928.m64136_220611_150915.dc.q20.fastq.gz','s3://human-pangenomics/working/HPRC/HG01928/raw_data/PacBio_HiFi/m84081_231222_141231_s4.hifi_reads.bc2022.bam','s3://human-pangenomics/working/HPRC/HG01928/raw_data/PacBio_HiFi/m84081_231222_081401_s1.hifi_reads.bc2022.bam','s3://human-pangenomics/working/HPRC/HG01928/raw_data/PacBio_HiFi/m84081_231222_101332_s2.hifi_reads.bc2022.bam','s3://human-pangenomics/working/HPRC/HG01928/raw_data/PacBio_HiFi/m84081_231222_121301_s3.hifi_reads.bc2022.bam']	['s3://human-pangenomics/working/HPRC/HG01928/raw_data/Illumina/child/HG01928.final.cram']	['s3://human-pangenomics/working/HPRC/HG01928/raw_data/nanopore/sup5.0.0_5mCG_5hmCG/09_16_24_R1041_UL_HPRC_HG01928_1_dorado1.0.0_sup5.0.0_5mCG_5hmCG.bam','s3://human-pangenomics/working/HPRC/HG01928/raw_data/nanopore/sup5.0.0_5mCG_5hmCG/09_16_24_R1041_UL_HPRC_HG01928_2_dorado1.0.0_sup5.0.0_5mCG_5hmCG.bam','s3://human-pangenomics/working/HPRC/HG01928/raw_data/nanopore/guppy_6/HG01928_1_Guppy_6.5.7_450bps_modbases_5mc_cg_sup_prom_pass.bam','s3://human-pangenomics/working/HPRC/HG01928/raw_data/nanopore/guppy_6/HG01928_3_Guppy_6.5.7_450bps_modbases_5mc_cg_sup_prom_pass.bam','s3://human-pangenomics/working/HPRC/HG01928/raw_data/nanopore/guppy_6/HG01928_5_Guppy_6.5.7_450bps_modbases_5mc_cg_sup_prom_pass.bam','s3://human-pangenomics/working/HPRC/HG01928/raw_data/nanopore/guppy_6/HG01928_PAK43931_Guppy_6.5.7_450bps_modbases_5mc_cg_sup_prom_pass.bam','s3://human-pangenomics/working/HPRC/HG01928/raw_data/nanopore/guppy_6/HG01928_PAK43967_Guppy_6.5.7_450bps_modbases_5mc_cg_sup_prom_pass.bam','s3://human-pangenomics/working/HPRC/HG01928/raw_data/nanopore/guppy_6/HG01928_PAK44506_Guppy_6.5.7_450bps_modbases_5mc_cg_sup_prom_pass.bam','s3://human-pangenomics/working/HPRC/HG01928/raw_data/nanopore/guppy_6/HG01928_PAK44599_Guppy_6.5.7_450bps_modbases_5mc_cg_sup_prom_pass.bam','s3://human-pangenomics/working/HPRC/HG01928/raw_data/nanopore/guppy_6/HG01928_PAK45742_Guppy_6.5.7_450bps_modbases_5mc_cg_sup_prom_pass.bam','s3://human-pangenomics/working/HPRC/HG01928/raw_data/nanopore/guppy_6/HG01928_PAM34944_Guppy_6.5.7_450bps_modbases_5mc_cg_sup_prom_pass.bam']	[--unitig-abundance 8]
HG01934	['s3://human-pangenomics/working/HPRC/HG01934/raw_data/hic/HG01934-1_FC1_S51_L003_R1_001.fastq.gz','s3://human-pangenomics/working/HPRC/HG01934/raw_data/hic/HG01934-1_FC1_S51_L003_R2_001.fastq.gz','s3://human-pangenomics/working/HPRC/HG01934/raw_data/hic/HG01934-1_FC3_S51_L003_R1_001.fastq.gz','s3://human-pangenomics/working/HPRC/HG01934/raw_data/hic/HG01934-1_FC3_S51_L003_R2_001.fastq.gz','s3://human-pangenomics/working/HPRC/HG01934/raw_data/hic/HG01934-1_FC4_S51_L003_R1_001.fastq.gz','s3://human-pangenomics/working/HPRC/HG01934/raw_data/hic/HG01934-1_FC4_S51_L003_R2_001.fastq.gz','s3://human-pangenomics/working/HPRC/HG01934/raw_data/hic/HG01934-1_FC2_S51_L003_R1_001.fastq.gz','s3://human-pangenomics/working/HPRC/HG01934/raw_data/hic/HG01934-1_FC2_S51_L003_R2_001.fastq.gz','s3://human-pangenomics/working/HPRC/HG01934/raw_data/hic/HG01934-2_FC4_S64_L004_R1_001.fastq.gz','s3://human-pangenomics/working/HPRC/HG01934/raw_data/hic/HG01934-2_FC4_S64_L004_R2_001.fastq.gz','s3://human-pangenomics/working/HPRC/HG01934/raw_data/hic/HG01934-2_FC1_S64_L004_R1_001.fastq.gz','s3://human-pangenomics/working/HPRC/HG01934/raw_data/hic/HG01934-2_FC1_S64_L004_R2_001.fastq.gz','s3://human-pangenomics/working/HPRC/HG01934/raw_data/hic/HG01934-2_FC3_S64_L004_R1_001.fastq.gz','s3://human-pangenomics/working/HPRC/HG01934/raw_data/hic/HG01934-2_FC3_S64_L004_R2_001.fastq.gz','s3://human-pangenomics/working/HPRC/HG01934/raw_data/hic/HG01934-2_FC2_S64_L004_R1_001.fastq.gz','s3://human-pangenomics/working/HPRC/HG01934/raw_data/hic/HG01934-2_FC2_S64_L004_R2_001.fastq.gz']	['s3://human-pangenomics/working/HPRC/HG01934/raw_data/PacBio_HiFi/deepconsensus/v1pt2/HG01934.m64136_210723_184622.dc.q20.fastq.gz','s3://human-pangenomics/working/HPRC/HG01934/raw_data/PacBio_HiFi/deepconsensus/v1pt2/HG01934.m64136_210725_054129.dc.q20.fastq.gz','s3://human-pangenomics/working/HPRC/HG01934/raw_data/PacBio_HiFi/deepconsensus/v1pt2/HG01934.m64136_210726_163800.dc.q20.fastq.gz','s3://human-pangenomics/working/HPRC/HG01934/raw_data/PacBio_HiFi/deepconsensus/v1pt2/HG01934.m64136_210728_163638.dc.q20.fastq.gz','s3://human-pangenomics/working/HPRC/HG01934/raw_data/PacBio_HiFi/m84081_231117_201125_s2.hifi_reads.bc2088.bam','s3://human-pangenomics/working/HPRC/HG01934/raw_data/PacBio_HiFi/m84081_231117_193129_s1.hifi_reads.bc2088.bam','s3://human-pangenomics/working/HPRC/HG01934/raw_data/PacBio_HiFi/m84081_231117_204232_s3.hifi_reads.bc2088.bam']	['s3://human-pangenomics/working/HPRC/HG01934/raw_data/Illumina/child/HG01934.final.cram']	['s3://human-pangenomics/working/HPRC/HG01934/raw_data/nanopore/sup5.0.0_5mCG_5hmCG/12_02_24_R1041_UL_HPRC_HG01934_1_dorado0.9.0_sup5.0.0_5mCG_5hmCG.bam','s3://human-pangenomics/working/HPRC/HG01934/raw_data/nanopore/sup5.0.0_5mCG_5hmCG/12_02_24_R1041_UL_HPRC_HG01934_2_dorado0.9.0_sup5.0.0_5mCG_5hmCG.bam','s3://human-pangenomics/working/HPRC/HG01934/raw_data/nanopore/guppy_6/07_27_21_R941_HG01934_1_Guppy_6.4.6_450bps_modbases_5mc_cg_sup_prom_pass.bam','s3://human-pangenomics/working/HPRC/HG01934/raw_data/nanopore/guppy_6/07_27_21_R941_HG01934_2_Guppy_6.4.6_450bps_modbases_5mc_cg_sup_prom_pass.bam','s3://human-pangenomics/working/HPRC/HG01934/raw_data/nanopore/guppy_6/07_27_21_R941_HG01934_3_Guppy_6.4.6_450bps_modbases_5mc_cg_sup_prom_pass.bam','s3://human-pangenomics/working/HPRC/HG01934/raw_data/nanopore/guppy_6/07_27_21_R941_HG01934_4_Guppy_6.4.6_450bps_modbases_5mc_cg_sup_prom_pass.bam']	[--unitig-abundance 8]
HG01940	['s3://human-pangenomics/working/HPRC/HG01940/raw_data/hic/HG01940-2_S10_L004_R1_001.fastq.gz','s3://human-pangenomics/working/HPRC/HG01940/raw_data/hic/HG01940-2_S10_L004_R2_001.fastq.gz']	['s3://human-pangenomics/working/HPRC/HG01940/raw_data/PacBio_HiFi/deepconsensus/v1pt2/HG01940.m64330e_220415_164034.dc.q20.fastq.gz','s3://human-pangenomics/working/HPRC/HG01940/raw_data/PacBio_HiFi/deepconsensus/v1pt2/HG01940.m64334e_220304_185513.dc.q20.fastq.gz','s3://human-pangenomics/working/HPRC/HG01940/raw_data/PacBio_HiFi/deepconsensus/v1pt2/HG01940.m64334e_220422_151506.dc.q20.fastq.gz','s3://human-pangenomics/working/HPRC/HG01940/raw_data/PacBio_HiFi/deepconsensus/v1pt2/HG01940.m64334e_220424_021126.dc.q20.fastq.gz','s3://human-pangenomics/working/HPRC/HG01940/raw_data/PacBio_HiFi/deepconsensus/v1pt2/HG01940.m64334e_220426_185110.dc.q20.fastq.gz','s3://human-pangenomics/working/HPRC/HG01940/raw_data/PacBio_HiFi/m84091_240110_191713_s4.hifi_reads.bc1010.bam']	['s3://human-pangenomics/working/HPRC/HG01940/raw_data/Illumina/child/HG01940.final.cram']	['s3://human-pangenomics/working/HPRC/HG01940/raw_data/nanopore/sup5.0.0_5mCG_5hmCG/11_04_24_R1041_UL_HPRC_HG01940_1_dorado0.9.1_sup5.0.0_5mCG_5hmCG.bam','s3://human-pangenomics/working/HPRC/HG01940/raw_data/nanopore/sup5.0.0_5mCG_5hmCG/11_04_24_R1041_UL_HPRC_HG01940_2_dorado0.9.1_sup5.0.0_5mCG_5hmCG.bam','s3://human-pangenomics/working/HPRC/HG01940/raw_data/nanopore/sup5.0.0_5mCG_5hmCG/11_18_24_R1041_UL_HPRC_HG01940_1_dorado0.9.1_sup5.0.0_5mCG_5hmCG.bam','s3://human-pangenomics/working/HPRC/HG01940/raw_data/nanopore/guppy_6/03_01_22_R941_HG01940_1_Guppy_6.5.7_450bps_modbases_5mc_cg_sup_prom_pass.bam','s3://human-pangenomics/working/HPRC/HG01940/raw_data/nanopore/guppy_6/03_01_22_R941_HG01940_2_Guppy_6.5.7_450bps_modbases_5mc_cg_sup_prom_pass.bam','s3://human-pangenomics/working/HPRC/HG01940/raw_data/nanopore/guppy_6/03_01_22_R941_HG01940_3_Guppy_6.5.7_450bps_modbases_5mc_cg_sup_prom_pass.bam']	[--unitig-abundance 8]
HG01943	['s3://human-pangenomics/working/HPRC/HG01943/raw_data/hic/HG01943-51f-2_S16_L004_R1_001.fastq.gz','s3://human-pangenomics/working/HPRC/HG01943/raw_data/hic/HG01943-51f-2_S16_L004_R2_001.fastq.gz','s3://human-pangenomics/working/HPRC/HG01943/raw_data/hic/HG01943-51f-2_S16_L002_R1_001.fastq.gz','s3://human-pangenomics/working/HPRC/HG01943/raw_data/hic/HG01943-51f-2_S16_L002_R2_001.fastq.gz','s3://human-pangenomics/working/HPRC/HG01943/raw_data/hic/HG01943-51f-2_S16_L003_R1_001.fastq.gz','s3://human-pangenomics/working/HPRC/HG01943/raw_data/hic/HG01943-51f-2_S16_L003_R2_001.fastq.gz','s3://human-pangenomics/working/HPRC/HG01943/raw_data/hic/HG01943-51f-2_S16_L001_R1_001.fastq.gz','s3://human-pangenomics/working/HPRC/HG01943/raw_data/hic/HG01943-51f-2_S16_L001_R2_001.fastq.gz','s3://human-pangenomics/working/HPRC/HG01943/raw_data/hic/HG01943-51f-1_S15_L004_R1_001.fastq.gz','s3://human-pangenomics/working/HPRC/HG01943/raw_data/hic/HG01943-51f-1_S15_L004_R2_001.fastq.gz','s3://human-pangenomics/working/HPRC/HG01943/raw_data/hic/HG01943-51f-1_S15_L002_R1_001.fastq.gz','s3://human-pangenomics/working/HPRC/HG01943/raw_data/hic/HG01943-51f-1_S15_L002_R2_001.fastq.gz','s3://human-pangenomics/working/HPRC/HG01943/raw_data/hic/HG01943-51f-1_S15_L003_R1_001.fastq.gz','s3://human-pangenomics/working/HPRC/HG01943/raw_data/hic/HG01943-51f-1_S15_L003_R2_001.fastq.gz','s3://human-pangenomics/working/HPRC/HG01943/raw_data/hic/HG01943-51f-1_S15_L001_R1_001.fastq.gz','s3://human-pangenomics/working/HPRC/HG01943/raw_data/hic/HG01943-51f-1_S15_L001_R2_001.fastq.gz']	['s3://human-pangenomics/working/HPRC/HG01943/raw_data/PacBio_HiFi/deepconsensus/v1pt2/HG01943.m64043_210716_230222.dc.q20.fastq.gz','s3://human-pangenomics/working/HPRC/HG01943/raw_data/PacBio_HiFi/deepconsensus/v1pt2/HG01943.m64043_210718_100009.dc.q20.fastq.gz','s3://human-pangenomics/working/HPRC/HG01943/raw_data/PacBio_HiFi/deepconsensus/v1pt2/HG01943.m64043_210719_210019.dc.q20.fastq.gz','s3://human-pangenomics/working/HPRC/HG01943/raw_data/PacBio_HiFi/m84081_231122_210358_s4.hifi_reads.bc2093.bam','s3://human-pangenomics/working/HPRC/HG01943/raw_data/PacBio_HiFi/m84081_231124_031433_s4.hifi_reads.bc2093.bam']	['s3://human-pangenomics/working/HPRC/HG01943/raw_data/Illumina/child/HG01943.final.cram']	['s3://human-pangenomics/working/HPRC/HG01943/raw_data/nanopore/sup5.0.0_5mCG_5hmCG/12_02_24_R1041_UL_HPRC_HG01943_1_dorado0.9.0_sup5.0.0_5mCG_5hmCG.bam','s3://human-pangenomics/working/HPRC/HG01943/raw_data/nanopore/sup5.0.0_5mCG_5hmCG/12_02_24_R1041_UL_HPRC_HG01943_2_dorado0.9.5_sup5.0.0_5mCG_5hmCG.bam','s3://human-pangenomics/working/HPRC/HG01943/raw_data/nanopore/sup5.0.0_5mCG_5hmCG/12_09_24_R1041_UL_HPRC_HG01943_1_dorado0.9.5_sup5.0.0_5mCG_5hmCG.bam','s3://human-pangenomics/working/HPRC/HG01943/raw_data/nanopore/guppy_6/08_17_21_R941_HG01943_1_Guppy_6.4.6_450bps_modbases_5mc_cg_sup_prom_pass.bam','s3://human-pangenomics/working/HPRC/HG01943/raw_data/nanopore/guppy_6/08_17_21_R941_HG01943_2_Guppy_6.4.6_450bps_modbases_5mc_cg_sup_prom_pass.bam','s3://human-pangenomics/working/HPRC/HG01943/raw_data/nanopore/guppy_6/08_17_21_R941_HG01943_3_Guppy_6.4.6_450bps_modbases_5mc_cg_sup_prom_pass.bam']	[--unitig-abundance 8]
HG01952	['s3://human-pangenomics/working/HPRC/HG01952/raw_data/hic/NWM220c-2_S9_L001_R1_001.fastq.gz','s3://human-pangenomics/working/HPRC/HG01952/raw_data/hic/NWM220c-2_S9_L001_R2_001.fastq.gz','s3://human-pangenomics/working/HPRC/HG01952/raw_data/hic/NWM220c-2_S9_L002_R1_001.fastq.gz','s3://human-pangenomics/working/HPRC/HG01952/raw_data/hic/NWM220c-2_S9_L002_R2_001.fastq.gz','s3://human-pangenomics/working/HPRC/HG01952/raw_data/hic/NWM220c-2_S9_L003_R1_001.fastq.gz','s3://human-pangenomics/working/HPRC/HG01952/raw_data/hic/NWM220c-2_S9_L003_R2_001.fastq.gz','s3://human-pangenomics/working/HPRC/HG01952/raw_data/hic/NWM220c-1_S2_L001_R1_001.fastq.gz','s3://human-pangenomics/working/HPRC/HG01952/raw_data/hic/NWM220c-1_S2_L001_R2_001.fastq.gz','s3://human-pangenomics/working/HPRC/HG01952/raw_data/hic/NWM220c-2_S9_L004_R1_001.fastq.gz','s3://human-pangenomics/working/HPRC/HG01952/raw_data/hic/NWM220c-2_S9_L004_R2_001.fastq.gz','s3://human-pangenomics/working/HPRC/HG01952/raw_data/hic/NWM220c-1_S2_L002_R1_001.fastq.gz','s3://human-pangenomics/working/HPRC/HG01952/raw_data/hic/NWM220c-1_S2_L002_R2_001.fastq.gz','s3://human-pangenomics/working/HPRC/HG01952/raw_data/hic/NWM220c-1_S2_L003_R1_001.fastq.gz','s3://human-pangenomics/working/HPRC/HG01952/raw_data/hic/NWM220c-1_S2_L003_R2_001.fastq.gz','s3://human-pangenomics/working/HPRC/HG01952/raw_data/hic/NWM220c-1_S2_L004_R1_001.fastq.gz','s3://human-pangenomics/working/HPRC/HG01952/raw_data/hic/NWM220c-1_S2_L004_R2_001.fastq.gz']	['s3://human-pangenomics/working/HPRC/HG01952/raw_data/PacBio_HiFi/deepconsensus/v1pt2/HG01952.m64136_200612_201033.dc.q20.fastq.gz','s3://human-pangenomics/working/HPRC/HG01952/raw_data/PacBio_HiFi/deepconsensus/v1pt2/HG01952.m64136_200614_192134.dc.q20.fastq.gz','s3://human-pangenomics/working/HPRC/HG01952/raw_data/PacBio_HiFi/deepconsensus/v1pt2/HG01952.m64136_200616_013426.dc.q20.fastq.gz','s3://human-pangenomics/working/HPRC/HG01952/raw_data/PacBio_HiFi/deepconsensus/v1pt2/HG01952.m64136_200617_080019.dc.q20.fastq.gz','s3://human-pangenomics/working/HPRC/HG01952/raw_data/PacBio_HiFi/m84081_231222_081401_s1.hifi_reads.bc2029.bam','s3://human-pangenomics/working/HPRC/HG01952/raw_data/PacBio_HiFi/m84081_231222_101332_s2.hifi_reads.bc2029.bam','s3://human-pangenomics/working/HPRC/HG01952/raw_data/PacBio_HiFi/m84081_231222_141231_s4.hifi_reads.bc2029.bam','s3://human-pangenomics/working/HPRC/HG01952/raw_data/PacBio_HiFi/m84081_231222_121301_s3.hifi_reads.bc2029.bam']	['s3://human-pangenomics/working/HPRC/HG01952/raw_data/Illumina/child/HG01952.final.cram']	['s3://human-pangenomics/working/HPRC/HG01952/raw_data/nanopore/sup5.0.0_5mCG_5hmCG/09_16_24_R1041_UL_HPRC_HG01952_2_dorado1.0.0_sup5.0.0_5mCG_5hmCG.bam','s3://human-pangenomics/working/HPRC/HG01952/raw_data/nanopore/sup5.0.0_5mCG_5hmCG/09_16_24_R1041_UL_HPRC_HG01952_1_dorado1.0.0_sup5.0.0_5mCG_5hmCG.bam','s3://human-pangenomics/working/HPRC/HG01952/raw_data/nanopore/guppy_6/03_14_23_R941_HG01952_1_Guppy_6.5.7_450bps_modbases_5mc_cg_sup_prom_pass.bam','s3://human-pangenomics/working/HPRC/HG01952/raw_data/nanopore/guppy_6/03_14_23_R941_HG01952_2_Guppy_6.5.7_450bps_modbases_5mc_cg_sup_prom_pass.bam','s3://human-pangenomics/working/HPRC/HG01952/raw_data/nanopore/guppy_6/HG01952_1_Guppy_6.5.7_450bps_modbases_5mc_cg_sup_prom_pass.bam','s3://human-pangenomics/working/HPRC/HG01952/raw_data/nanopore/guppy_6/HG01952_3_Guppy_6.5.7_450bps_modbases_5mc_cg_sup_prom_pass.bam','s3://human-pangenomics/working/HPRC/HG01952/raw_data/nanopore/guppy_6/HG01952_5_Guppy_6.5.7_450bps_modbases_5mc_cg_sup_prom_pass.bam']	[--unitig-abundance 8]
HG01960	['s3://human-pangenomics/working/HPRC/HG01960/raw_data/hic/HG01960-2_S3_L002_R1_001.fastq.gz','s3://human-pangenomics/working/HPRC/HG01960/raw_data/hic/HG01960-2_S3_L002_R2_001.fastq.gz','s3://human-pangenomics/working/HPRC/HG01960/raw_data/hic/HG01960-1_S3_L001_R1_001.fastq.gz','s3://human-pangenomics/working/HPRC/HG01960/raw_data/hic/HG01960-1_S3_L001_R2_001.fastq.gz']	['s3://human-pangenomics/working/HPRC/HG01960/raw_data/PacBio_HiFi/deepconsensus/v1pt2/HG01960.m54306Ue_220409_033640.dc.q20.fastq.gz','s3://human-pangenomics/working/HPRC/HG01960/raw_data/PacBio_HiFi/deepconsensus/v1pt2/HG01960.m54306Ue_220410_130603.dc.q20.fastq.gz','s3://human-pangenomics/working/HPRC/HG01960/raw_data/PacBio_HiFi/deepconsensus/v1pt2/HG01960.m64330e_220401_181429.dc.q20.fastq.gz','s3://human-pangenomics/working/HPRC/HG01960/raw_data/PacBio_HiFi/deepconsensus/v1pt2/HG01960.m64330e_220412_185021.dc.q20.fastq.gz','s3://human-pangenomics/working/HPRC/HG01960/raw_data/PacBio_HiFi/m84091_230817_150246_s3.hifi_reads.bc1012.bam']	['s3://human-pangenomics/working/HPRC/HG01960/raw_data/Illumina/child/HG01960.final.cram']	['s3://human-pangenomics/working/HPRC/HG01960/raw_data/nanopore/sup5.0.0_5mCG_5hmCG/11_04_24_R1041_UL_HPRC_HG01960_1_dorado0.9.1_sup5.0.0_5mCG_5hmCG.bam','s3://human-pangenomics/working/HPRC/HG01960/raw_data/nanopore/sup5.0.0_5mCG_5hmCG/11_04_24_R1041_UL_HPRC_HG01960_2_dorado0.9.1_sup5.0.0_5mCG_5hmCG.bam','s3://human-pangenomics/working/HPRC/HG01960/raw_data/nanopore/guppy_6/08_03_21_R941_HG01960_1_Guppy_6.5.7_450bps_modbases_5mc_cg_sup_prom_pass.bam','s3://human-pangenomics/working/HPRC/HG01960/raw_data/nanopore/guppy_6/08_03_21_R941_HG01960_2_Guppy_6.5.7_450bps_modbases_5mc_cg_sup_prom_pass.bam','s3://human-pangenomics/working/HPRC/HG01960/raw_data/nanopore/guppy_6/08_03_21_R941_HG01960_3_Guppy_6.5.7_450bps_modbases_5mc_cg_sup_prom_pass.bam','s3://human-pangenomics/working/HPRC/HG01960/raw_data/nanopore/guppy_6/08_03_21_R941_HG01960_4_Guppy_6.5.7_450bps_modbases_5mc_cg_sup_prom_pass.bam']	[--unitig-abundance 8]
HG01969	['s3://human-pangenomics/working/HPRC/HG01969/raw_data/hic/HG01969-2_S3_L003_R1_001.fastq.gz','s3://human-pangenomics/working/HPRC/HG01969/raw_data/hic/HG01969-2_S3_L003_R2_001.fastq.gz','s3://human-pangenomics/working/HPRC/HG01969/raw_data/hic/HG01969-1_S3_L002_R1_001.fastq.gz','s3://human-pangenomics/working/HPRC/HG01969/raw_data/hic/HG01969-1_S3_L002_R2_001.fastq.gz']	['s3://human-pangenomics/working/HPRC/HG01969/raw_data/PacBio_HiFi/deepconsensus/v1pt2/HG01969.m54306Ue_220227_055825.dc.q20.fastq.gz','s3://human-pangenomics/working/HPRC/HG01969/raw_data/PacBio_HiFi/deepconsensus/v1pt2/HG01969.m54306Ue_220422_144937.dc.q20.fastq.gz','s3://human-pangenomics/working/HPRC/HG01969/raw_data/PacBio_HiFi/deepconsensus/v1pt2/HG01969.m64055e_220506_051029.dc.q20.fastq.gz','s3://human-pangenomics/working/HPRC/HG01969/raw_data/PacBio_HiFi/deepconsensus/v1pt2/HG01969.m64055e_220517_182131.dc.q20.fastq.gz','s3://human-pangenomics/working/HPRC/HG01969/raw_data/PacBio_HiFi/deepconsensus/v1pt2/HG01969.m64330e_220305_053001.dc.q20.fastq.gz','s3://human-pangenomics/working/HPRC/HG01969/raw_data/PacBio_HiFi/deepconsensus/v1pt2/HG01969.m64334e_220415_144515.dc.q20.fastq.gz','s3://human-pangenomics/working/HPRC/HG01969/raw_data/PacBio_HiFi/m84091_240110_201841_s2.hifi_reads.bc1002.bam']	['s3://human-pangenomics/working/HPRC/HG01969/raw_data/Illumina/child/HG01969.final.cram']	['s3://human-pangenomics/working/HPRC/HG01969/raw_data/nanopore/sup5.0.0_5mCG_5hmCG/11_04_24_R1041_UL_HPRC_HG01969_1_dorado0.9.1_sup5.0.0_5mCG_5hmCG.bam','s3://human-pangenomics/working/HPRC/HG01969/raw_data/nanopore/sup5.0.0_5mCG_5hmCG/11_04_24_R1041_UL_HPRC_HG01969_2_dorado0.9.1_sup5.0.0_5mCG_5hmCG.bam','s3://human-pangenomics/working/HPRC/HG01969/raw_data/nanopore/guppy_6/03_01_22_R941_HG01969_1_Guppy_6.5.7_450bps_modbases_5mc_cg_sup_prom_pass.bam','s3://human-pangenomics/working/HPRC/HG01969/raw_data/nanopore/guppy_6/03_01_22_R941_HG01969_2_Guppy_6.5.7_450bps_modbases_5mc_cg_sup_prom_pass.bam','s3://human-pangenomics/working/HPRC/HG01969/raw_data/nanopore/guppy_6/03_01_22_R941_HG01969_3_Guppy_6.5.7_450bps_modbases_5mc_cg_sup_prom_pass.bam']	[--unitig-abundance 8]
HG01975	['s3://human-pangenomics/working/HPRC/HG01975/raw_data/hic/HG01975-1_S4_L001_R1_001.fastq.gz','s3://human-pangenomics/working/HPRC/HG01975/raw_data/hic/HG01975-1_S4_L001_R2_001.fastq.gz','s3://human-pangenomics/working/HPRC/HG01975/raw_data/hic/HG01975-2_S4_L002_R1_001.fastq.gz','s3://human-pangenomics/working/HPRC/HG01975/raw_data/hic/HG01975-2_S4_L002_R2_001.fastq.gz']	['s3://human-pangenomics/working/HPRC/HG01975/raw_data/PacBio_HiFi/deepconsensus/v1pt2/HG01975.m64043_211113_003158.dc.q20.fastq.gz','s3://human-pangenomics/working/HPRC/HG01975/raw_data/PacBio_HiFi/deepconsensus/v1pt2/HG01975.m64043_211114_112934.dc.q20.fastq.gz','s3://human-pangenomics/working/HPRC/HG01975/raw_data/PacBio_HiFi/deepconsensus/v1pt2/HG01975.m64043_211115_222749.dc.q20.fastq.gz','s3://human-pangenomics/working/HPRC/HG01975/raw_data/PacBio_HiFi/deepconsensus/v1pt2/HG01975.m64043_211222_184851.dc.q20.fastq.gz','s3://human-pangenomics/working/HPRC/HG01975/raw_data/PacBio_HiFi/m84081_230721_192906_s4.hifi_reads.bc2025.bam','s3://human-pangenomics/working/HPRC/HG01975/raw_data/PacBio_HiFi/m84081_230721_185800_s3.hifi_reads.bc2025.bam']	['s3://human-pangenomics/working/HPRC/HG01975/raw_data/Illumina/child/HG01975.final.cram']	['s3://human-pangenomics/working/HPRC/HG01975/raw_data/nanopore/sup5.0.0_5mCG_5hmCG/11_18_24_R1041_UL_HPRC_HG01975_1_dorado0.9.1_sup5.0.0_5mCG_5hmCG.bam','s3://human-pangenomics/working/HPRC/HG01975/raw_data/nanopore/sup5.0.0_5mCG_5hmCG/11_18_24_R1041_UL_HPRC_HG01975_2_dorado0.9.1_sup5.0.0_5mCG_5hmCG.bam','s3://human-pangenomics/working/HPRC/HG01975/raw_data/nanopore/guppy_6/08_03_21_R941_HG01975_1_Guppy_6.5.7_450bps_modbases_5mc_cg_sup_prom_pass.bam','s3://human-pangenomics/working/HPRC/HG01975/raw_data/nanopore/guppy_6/08_03_21_R941_HG01975_2_Guppy_6.5.7_450bps_modbases_5mc_cg_sup_prom_pass.bam','s3://human-pangenomics/working/HPRC/HG01975/raw_data/nanopore/guppy_6/08_03_21_R941_HG01975_3_Guppy_6.5.7_450bps_modbases_5mc_cg_sup_prom_pass.bam']	[--unitig-abundance 8]
HG01978	['s3://human-pangenomics/working/HPRC/HG01978/raw_data/hic/NWM202a-1_S17_L003_R1_001.fastq.gz','s3://human-pangenomics/working/HPRC/HG01978/raw_data/hic/NWM202a-1_S17_L003_R2_001.fastq.gz','s3://human-pangenomics/working/HPRC/HG01978/raw_data/hic/NWM202a-2_S19_L003_R1_001.fastq.gz','s3://human-pangenomics/working/HPRC/HG01978/raw_data/hic/NWM202a-2_S19_L003_R2_001.fastq.gz','s3://human-pangenomics/working/HPRC/HG01978/raw_data/hic/NWM202a-1_S17_L004_R1_001.fastq.gz','s3://human-pangenomics/working/HPRC/HG01978/raw_data/hic/NWM202a-1_S17_L004_R2_001.fastq.gz','s3://human-pangenomics/working/HPRC/HG01978/raw_data/hic/NWM202a-1_S17_L001_R1_001.fastq.gz','s3://human-pangenomics/working/HPRC/HG01978/raw_data/hic/NWM202a-1_S17_L001_R2_001.fastq.gz','s3://human-pangenomics/working/HPRC/HG01978/raw_data/hic/NWM202a-1_S17_L002_R1_001.fastq.gz','s3://human-pangenomics/working/HPRC/HG01978/raw_data/hic/NWM202a-1_S17_L002_R2_001.fastq.gz','s3://human-pangenomics/working/HPRC/HG01978/raw_data/hic/NWM202a-2_S19_L004_R1_001.fastq.gz','s3://human-pangenomics/working/HPRC/HG01978/raw_data/hic/NWM202a-2_S19_L004_R2_001.fastq.gz','s3://human-pangenomics/working/HPRC/HG01978/raw_data/hic/NWM202a-2_S19_L001_R1_001.fastq.gz','s3://human-pangenomics/working/HPRC/HG01978/raw_data/hic/NWM202a-2_S19_L001_R2_001.fastq.gz','s3://human-pangenomics/working/HPRC/HG01978/raw_data/hic/NWM202a-2_S19_L002_R1_001.fastq.gz','s3://human-pangenomics/working/HPRC/HG01978/raw_data/hic/NWM202a-2_S19_L002_R2_001.fastq.gz']	['s3://human-pangenomics/working/HPRC/HG01978/raw_data/PacBio_HiFi/deepconsensus/v1pt2/HG01978.m64136_200530_164818.dc.q20.fastq.gz','s3://human-pangenomics/working/HPRC/HG01978/raw_data/PacBio_HiFi/deepconsensus/v1pt2/HG01978.m64136_200602_153012.dc.q20.fastq.gz','s3://human-pangenomics/working/HPRC/HG01978/raw_data/PacBio_HiFi/deepconsensus/v1pt2/HG01978.m64136_200603_214308.dc.q20.fastq.gz','s3://human-pangenomics/working/HPRC/HG01978/raw_data/PacBio_HiFi/deepconsensus/v1pt2/HG01978.m64136_200605_040848.dc.q20.fastq.gz','s3://human-pangenomics/working/HPRC/HG01978/raw_data/PacBio_HiFi/deepconsensus/v1pt2/HG01978.m64136_220520_191100.dc.q20.fastq.gz','s3://human-pangenomics/working/HPRC/HG01978/raw_data/PacBio_HiFi/deepconsensus/v1pt2/HG01978.m64136_220522_143827.dc.q20.fastq.gz','s3://human-pangenomics/working/HPRC/HG01978/raw_data/PacBio_HiFi/m84081_231222_081401_s1.hifi_reads.bc2021.bam','s3://human-pangenomics/working/HPRC/HG01978/raw_data/PacBio_HiFi/m84081_231222_121301_s3.hifi_reads.bc2021.bam','s3://human-pangenomics/working/HPRC/HG01978/raw_data/PacBio_HiFi/m84081_231222_101332_s2.hifi_reads.bc2021.bam','s3://human-pangenomics/working/HPRC/HG01978/raw_data/PacBio_HiFi/m84081_231222_141231_s4.hifi_reads.bc2021.bam']	['s3://human-pangenomics/working/HPRC/HG01978/raw_data/Illumina/child/HG01978.final.cram']	['s3://human-pangenomics/working/HPRC/HG01978/raw_data/nanopore/sup5.0.0_5mCG_5hmCG/09_16_24_R1041_UL_HPRC_HG01978_2_dorado1.0.0_sup5.0.0_5mCG_5hmCG.bam','s3://human-pangenomics/working/HPRC/HG01978/raw_data/nanopore/sup5.0.0_5mCG_5hmCG/09_16_24_R1041_UL_HPRC_HG01978_1_dorado1.0.0_sup5.0.0_5mCG_5hmCG.bam','s3://human-pangenomics/working/HPRC/HG01978/raw_data/nanopore/guppy_6/HG01978_1_Guppy_6.5.7_450bps_modbases_5mc_cg_sup_prom_pass.bam','s3://human-pangenomics/working/HPRC/HG01978/raw_data/nanopore/guppy_6/HG01978_3_Guppy_6.5.7_450bps_modbases_5mc_cg_sup_prom_pass.bam','s3://human-pangenomics/working/HPRC/HG01978/raw_data/nanopore/guppy_6/HG01978_5_Guppy_6.5.7_450bps_modbases_5mc_cg_sup_prom_pass.bam','s3://human-pangenomics/working/HPRC/HG01978/raw_data/nanopore/guppy_6/HG01978_PAK27968_Guppy_6.5.7_450bps_modbases_5mc_cg_sup_prom_pass.bam','s3://human-pangenomics/working/HPRC/HG01978/raw_data/nanopore/guppy_6/HG01978_PAM54485_Guppy_6.5.7_450bps_modbases_5mc_cg_sup_prom_pass.bam','s3://human-pangenomics/working/HPRC/HG01978/raw_data/nanopore/guppy_6/HG01978_PAM54633_Guppy_6.5.7_450bps_modbases_5mc_cg_sup_prom_pass.bam','s3://human-pangenomics/working/HPRC/HG01978/raw_data/nanopore/guppy_6/HG01978_PAM59653_Guppy_6.5.7_450bps_modbases_5mc_cg_sup_prom_pass.bam','s3://human-pangenomics/working/HPRC/HG01978/raw_data/nanopore/guppy_6/HG01978_PAM62027_Guppy_6.5.7_450bps_modbases_5mc_cg_sup_prom_pass.bam','s3://human-pangenomics/working/HPRC/HG01978/raw_data/nanopore/guppy_6/HG01978_PAM62481_Guppy_6.5.7_450bps_modbases_5mc_cg_sup_prom_pass.bam']	[--unitig-abundance 8]
HG01981	['s3://human-pangenomics/working/HPRC/HG01981/raw_data/hic/HG01981-51d-2_S2_L004_R1_001.fastq.gz','s3://human-pangenomics/working/HPRC/HG01981/raw_data/hic/HG01981-51d-2_S2_L004_R2_001.fastq.gz','s3://human-pangenomics/working/HPRC/HG01981/raw_data/hic/HG01981-51d-1_S1_L004_R1_001.fastq.gz','s3://human-pangenomics/working/HPRC/HG01981/raw_data/hic/HG01981-51d-1_S1_L004_R2_001.fastq.gz','s3://human-pangenomics/working/HPRC/HG01981/raw_data/hic/HG01981-51d-2_S2_L003_R1_001.fastq.gz','s3://human-pangenomics/working/HPRC/HG01981/raw_data/hic/HG01981-51d-2_S2_L003_R2_001.fastq.gz','s3://human-pangenomics/working/HPRC/HG01981/raw_data/hic/HG01981-51d-1_S1_L003_R1_001.fastq.gz','s3://human-pangenomics/working/HPRC/HG01981/raw_data/hic/HG01981-51d-1_S1_L003_R2_001.fastq.gz','s3://human-pangenomics/working/HPRC/HG01981/raw_data/hic/HG01981-51d-2_S2_L002_R1_001.fastq.gz','s3://human-pangenomics/working/HPRC/HG01981/raw_data/hic/HG01981-51d-2_S2_L002_R2_001.fastq.gz','s3://human-pangenomics/working/HPRC/HG01981/raw_data/hic/HG01981-51d-2_S2_L001_R1_001.fastq.gz','s3://human-pangenomics/working/HPRC/HG01981/raw_data/hic/HG01981-51d-2_S2_L001_R2_001.fastq.gz','s3://human-pangenomics/working/HPRC/HG01981/raw_data/hic/HG01981-51d-1_S1_L002_R1_001.fastq.gz','s3://human-pangenomics/working/HPRC/HG01981/raw_data/hic/HG01981-51d-1_S1_L002_R2_001.fastq.gz','s3://human-pangenomics/working/HPRC/HG01981/raw_data/hic/HG01981-51d-1_S1_L001_R1_001.fastq.gz','s3://human-pangenomics/working/HPRC/HG01981/raw_data/hic/HG01981-51d-1_S1_L001_R2_001.fastq.gz']	['s3://human-pangenomics/working/HPRC/HG01981/raw_data/PacBio_HiFi/deepconsensus/v1pt2/HG01981.m64136_210625_184731.dc.q20.fastq.gz','s3://human-pangenomics/working/HPRC/HG01981/raw_data/PacBio_HiFi/deepconsensus/v1pt2/HG01981.m64136_210627_054246.dc.q20.fastq.gz','s3://human-pangenomics/working/HPRC/HG01981/raw_data/PacBio_HiFi/deepconsensus/v1pt2/HG01981.m64136_210628_163953.dc.q20.fastq.gz','s3://human-pangenomics/working/HPRC/HG01981/raw_data/PacBio_HiFi/m84081_231124_021221_s2.hifi_reads.bc2091.bam','s3://human-pangenomics/working/HPRC/HG01981/raw_data/PacBio_HiFi/m84081_231124_024327_s3.hifi_reads.bc2091.bam','s3://human-pangenomics/working/HPRC/HG01981/raw_data/PacBio_HiFi/m84081_231124_014115_s1.hifi_reads.bc2091.bam']	['s3://human-pangenomics/working/HPRC/HG01981/raw_data/Illumina/child/HG01981.final.cram']	['s3://human-pangenomics/working/HPRC/HG01981/raw_data/nanopore/sup5.0.0_5mCG_5hmCG/11_12_24_R1041_UL_HPRC_HG01981_1_dorado0.9.0_sup5.0.0_5mCG_5hmCG.bam','s3://human-pangenomics/working/HPRC/HG01981/raw_data/nanopore/sup5.0.0_5mCG_5hmCG/11_12_24_R1041_UL_HPRC_HG01981_2_dorado0.9.0_sup5.0.0_5mCG_5hmCG.bam','s3://human-pangenomics/working/HPRC/HG01981/raw_data/nanopore/guppy_6/08_25_21_R941_HG01981_1_Guppy_6.4.6_450bps_modbases_5mc_cg_sup_prom_pass.bam','s3://human-pangenomics/working/HPRC/HG01981/raw_data/nanopore/guppy_6/08_25_21_R941_HG01981_2_Guppy_6.4.6_450bps_modbases_5mc_cg_sup_prom_pass.bam','s3://human-pangenomics/working/HPRC/HG01981/raw_data/nanopore/guppy_6/08_25_21_R941_HG01981_3_Guppy_6.4.6_450bps_modbases_5mc_cg_sup_prom_pass.bam']	[--unitig-abundance 8]
HG01993	['s3://human-pangenomics/working/HPRC/HG01993/raw_data/hic/HG01993-32a-1_S7_L004_R1_001.fastq.gz','s3://human-pangenomics/working/HPRC/HG01993/raw_data/hic/HG01993-32a-1_S7_L004_R2_001.fastq.gz','s3://human-pangenomics/working/HPRC/HG01993/raw_data/hic/HG01993-32a-1_S7_L002_R1_001.fastq.gz','s3://human-pangenomics/working/HPRC/HG01993/raw_data/hic/HG01993-32a-1_S7_L002_R2_001.fastq.gz','s3://human-pangenomics/working/HPRC/HG01993/raw_data/hic/HG01993-32a-1_S7_L003_R1_001.fastq.gz','s3://human-pangenomics/working/HPRC/HG01993/raw_data/hic/HG01993-32a-1_S7_L003_R2_001.fastq.gz','s3://human-pangenomics/working/HPRC/HG01993/raw_data/hic/HG01993-32a-1_S7_L001_R1_001.fastq.gz','s3://human-pangenomics/working/HPRC/HG01993/raw_data/hic/HG01993-32a-1_S7_L001_R2_001.fastq.gz','s3://human-pangenomics/working/HPRC/HG01993/raw_data/hic/HG01993-32a-2_S8_L004_R1_001.fastq.gz','s3://human-pangenomics/working/HPRC/HG01993/raw_data/hic/HG01993-32a-2_S8_L004_R2_001.fastq.gz','s3://human-pangenomics/working/HPRC/HG01993/raw_data/hic/HG01993-32a-2_S8_L002_R1_001.fastq.gz','s3://human-pangenomics/working/HPRC/HG01993/raw_data/hic/HG01993-32a-2_S8_L002_R2_001.fastq.gz','s3://human-pangenomics/working/HPRC/HG01993/raw_data/hic/HG01993-32a-2_S8_L001_R1_001.fastq.gz','s3://human-pangenomics/working/HPRC/HG01993/raw_data/hic/HG01993-32a-2_S8_L001_R2_001.fastq.gz','s3://human-pangenomics/working/HPRC/HG01993/raw_data/hic/HG01993-32a-2_S8_L003_R1_001.fastq.gz','s3://human-pangenomics/working/HPRC/HG01993/raw_data/hic/HG01993-32a-2_S8_L003_R2_001.fastq.gz']	['s3://human-pangenomics/working/HPRC/HG01993/raw_data/PacBio_HiFi/deepconsensus/v1pt2/HG01993.m64043_210620_041711.dc.q20.fastq.gz','s3://human-pangenomics/working/HPRC/HG01993/raw_data/PacBio_HiFi/deepconsensus/v1pt2/HG01993.m64043_210622_163331.dc.q20.fastq.gz','s3://human-pangenomics/working/HPRC/HG01993/raw_data/PacBio_HiFi/deepconsensus/v1pt2/HG01993.m64043_210624_032817.dc.q20.fastq.gz','s3://human-pangenomics/working/HPRC/HG01993/raw_data/PacBio_HiFi/m84081_231119_015049_s1.hifi_reads.bc2085.bam','s3://human-pangenomics/working/HPRC/HG01993/raw_data/PacBio_HiFi/m84081_231119_025301_s3.hifi_reads.bc2085.bam','s3://human-pangenomics/working/HPRC/HG01993/raw_data/PacBio_HiFi/m84081_231119_022155_s2.hifi_reads.bc2085.bam']	['s3://human-pangenomics/working/HPRC/HG01993/raw_data/Illumina/child/HG01993.final.cram']	['s3://human-pangenomics/working/HPRC/HG01993/raw_data/nanopore/sup5.0.0_5mCG_5hmCG/11_12_24_R1041_UL_HPRC_HG01993_1_dorado0.9.0_sup5.0.0_5mCG_5hmCG.bam','s3://human-pangenomics/working/HPRC/HG01993/raw_data/nanopore/sup5.0.0_5mCG_5hmCG/11_12_24_R1041_UL_HPRC_HG01993_2_dorado0.9.0_sup5.0.0_5mCG_5hmCG.bam','s3://human-pangenomics/working/HPRC/HG01993/raw_data/nanopore/guppy_6/08_10_21_R941_HG01993_1_Guppy_6.4.6_450bps_modbases_5mc_cg_sup_prom_pass.bam','s3://human-pangenomics/working/HPRC/HG01993/raw_data/nanopore/guppy_6/08_10_21_R941_HG01993_2_Guppy_6.4.6_450bps_modbases_5mc_cg_sup_prom_pass.bam','s3://human-pangenomics/working/HPRC/HG01993/raw_data/nanopore/guppy_6/08_10_21_R941_HG01993_3_Guppy_6.4.6_450bps_modbases_5mc_cg_sup_prom_pass.bam']	[--unitig-abundance 8]
HG02004	['s3://human-pangenomics/working/HPRC/HG02004/raw_data/hic/HG02004-41a-1_S19_L002_R1_001.fastq.gz','s3://human-pangenomics/working/HPRC/HG02004/raw_data/hic/HG02004-41a-1_S19_L002_R2_001.fastq.gz','s3://human-pangenomics/working/HPRC/HG02004/raw_data/hic/HG02004-41a-1_S19_L003_R1_001.fastq.gz','s3://human-pangenomics/working/HPRC/HG02004/raw_data/hic/HG02004-41a-1_S19_L003_R2_001.fastq.gz','s3://human-pangenomics/working/HPRC/HG02004/raw_data/hic/HG02004-41a-2_S20_L002_R1_001.fastq.gz','s3://human-pangenomics/working/HPRC/HG02004/raw_data/hic/HG02004-41a-2_S20_L002_R2_001.fastq.gz','s3://human-pangenomics/working/HPRC/HG02004/raw_data/hic/HG02004-41a-2_S20_L003_R1_001.fastq.gz','s3://human-pangenomics/working/HPRC/HG02004/raw_data/hic/HG02004-41a-2_S20_L003_R2_001.fastq.gz','s3://human-pangenomics/working/HPRC/HG02004/raw_data/hic/HG02004-41a-1_S19_L004_R1_001.fastq.gz','s3://human-pangenomics/working/HPRC/HG02004/raw_data/hic/HG02004-41a-1_S19_L004_R2_001.fastq.gz','s3://human-pangenomics/working/HPRC/HG02004/raw_data/hic/HG02004-41a-1_S19_L001_R1_001.fastq.gz','s3://human-pangenomics/working/HPRC/HG02004/raw_data/hic/HG02004-41a-1_S19_L001_R2_001.fastq.gz','s3://human-pangenomics/working/HPRC/HG02004/raw_data/hic/HG02004-41a-2_S20_L004_R1_001.fastq.gz','s3://human-pangenomics/working/HPRC/HG02004/raw_data/hic/HG02004-41a-2_S20_L004_R2_001.fastq.gz','s3://human-pangenomics/working/HPRC/HG02004/raw_data/hic/HG02004-41a-2_S20_L001_R1_001.fastq.gz','s3://human-pangenomics/working/HPRC/HG02004/raw_data/hic/HG02004-41a-2_S20_L001_R2_001.fastq.gz']	['s3://human-pangenomics/working/HPRC/HG02004/raw_data/PacBio_HiFi/deepconsensus/v1pt2/HG02004.m64043_210709_205614.dc.q20.fastq.gz','s3://human-pangenomics/working/HPRC/HG02004/raw_data/PacBio_HiFi/deepconsensus/v1pt2/HG02004.m64136_210702_183526.dc.q20.fastq.gz','s3://human-pangenomics/working/HPRC/HG02004/raw_data/PacBio_HiFi/deepconsensus/v1pt2/HG02004.m64136_210704_053041.dc.q20.fastq.gz','s3://human-pangenomics/working/HPRC/HG02004/raw_data/PacBio_HiFi/deepconsensus/v1pt2/HG02004.m64136_210705_162724.dc.q20.fastq.gz','s3://human-pangenomics/working/HPRC/HG02004/raw_data/PacBio_HiFi/m84081_231029_030755_s4.hifi_reads.default.bam','s3://human-pangenomics/working/HPRC/HG02004/raw_data/PacBio_HiFi/m84081_231027_205726_s4.hifi_reads.default.bam']	['s3://human-pangenomics/working/HPRC/HG02004/raw_data/Illumina/child/HG02004.final.cram']	['s3://human-pangenomics/working/HPRC/HG02004/raw_data/nanopore/sup5.0.0_5mCG_5hmCG/11_12_24_R1041_UL_HPRC_HG02004_1_dorado0.9.0_sup5.0.0_5mCG_5hmCG.bam','s3://human-pangenomics/working/HPRC/HG02004/raw_data/nanopore/sup5.0.0_5mCG_5hmCG/11_12_24_R1041_UL_HPRC_HG02004_2_dorado0.9.0_sup5.0.0_5mCG_5hmCG.bam','s3://human-pangenomics/working/HPRC/HG02004/raw_data/nanopore/guppy_6/08_25_21_R941_HG02004_1_Guppy_6.4.6_450bps_modbases_5mc_cg_sup_prom_pass.bam','s3://human-pangenomics/working/HPRC/HG02004/raw_data/nanopore/guppy_6/08_25_21_R941_HG02004_2_Guppy_6.4.6_450bps_modbases_5mc_cg_sup_prom_pass.bam','s3://human-pangenomics/working/HPRC/HG02004/raw_data/nanopore/guppy_6/08_25_21_R941_HG02004_3_Guppy_6.4.6_450bps_modbases_5mc_cg_sup_prom_pass.bam']	[--unitig-abundance 8]
HG02015	['s3://human-pangenomics/working/HPRC/HG02015/raw_data/hic/HG02015-1_S3_L004_R1_001.fastq.gz','s3://human-pangenomics/working/HPRC/HG02015/raw_data/hic/HG02015-1_S3_L004_R2_001.fastq.gz']	['s3://human-pangenomics/working/HPRC/HG02015/raw_data/PacBio_HiFi/deepconsensus/v1pt2/HG02015.m64043_210901_164337.dc.q20.fastq.gz','s3://human-pangenomics/working/HPRC/HG02015/raw_data/PacBio_HiFi/deepconsensus/v1pt2/HG02015.m64043_210903_163032.dc.q20.fastq.gz','s3://human-pangenomics/working/HPRC/HG02015/raw_data/PacBio_HiFi/deepconsensus/v1pt2/HG02015.m64043_210905_032603.dc.q20.fastq.gz','s3://human-pangenomics/working/HPRC/HG02015/raw_data/PacBio_HiFi/m84081_230721_175633_s1.hifi_reads.bc1022.bam','s3://human-pangenomics/working/HPRC/HG02015/raw_data/PacBio_HiFi/m84081_230721_182654_s2.hifi_reads.bc1022.bam']	['s3://human-pangenomics/working/HPRC/HG02015/raw_data/Illumina/child/HG02015.final.cram']	['s3://human-pangenomics/working/HPRC/HG02015/raw_data/nanopore/sup5.0.0_5mCG_5hmCG/12_09_24_R1041_UL_HPRC_HG02015_1_dorado0.9.1_sup5.0.0_5mCG_5hmCG.bam','s3://human-pangenomics/working/HPRC/HG02015/raw_data/nanopore/sup5.0.0_5mCG_5hmCG/12_09_24_R1041_UL_HPRC_HG02015_2_dorado0.9.1_sup5.0.0_5mCG_5hmCG.bam','s3://human-pangenomics/working/HPRC/HG02015/raw_data/nanopore/guppy_6/10_12_21_R941_HG02015_1_Guppy_6.5.7_450bps_modbases_5mc_cg_sup_prom_pass.bam','s3://human-pangenomics/working/HPRC/HG02015/raw_data/nanopore/guppy_6/10_12_21_R941_HG02015_2_Guppy_6.5.7_450bps_modbases_5mc_cg_sup_prom_pass.bam','s3://human-pangenomics/working/HPRC/HG02015/raw_data/nanopore/guppy_6/10_12_21_R941_HG02015_3_Guppy_6.5.7_450bps_modbases_5mc_cg_sup_prom_pass.bam','s3://human-pangenomics/working/HPRC/HG02015/raw_data/nanopore/guppy_6/10_12_21_R941_HG02015_4_Guppy_6.5.7_450bps_modbases_5mc_cg_sup_prom_pass.bam']	[--unitig-abundance 8]
HG02027	['s3://human-pangenomics/working/HPRC/HG02027/raw_data/hic/HG02027-2_FC4_S76_L004_R1_001.fastq.gz','s3://human-pangenomics/working/HPRC/HG02027/raw_data/hic/HG02027-2_FC4_S76_L004_R2_001.fastq.gz','s3://human-pangenomics/working/HPRC/HG02027/raw_data/hic/HG02027-2_FC3_S76_L004_R1_001.fastq.gz','s3://human-pangenomics/working/HPRC/HG02027/raw_data/hic/HG02027-2_FC3_S76_L004_R2_001.fastq.gz','s3://human-pangenomics/working/HPRC/HG02027/raw_data/hic/HG02027-2_FC1_S76_L004_R1_001.fastq.gz','s3://human-pangenomics/working/HPRC/HG02027/raw_data/hic/HG02027-2_FC1_S76_L004_R2_001.fastq.gz','s3://human-pangenomics/working/HPRC/HG02027/raw_data/hic/HG02027-1_FC4_S73_L004_R1_001.fastq.gz','s3://human-pangenomics/working/HPRC/HG02027/raw_data/hic/HG02027-1_FC4_S73_L004_R2_001.fastq.gz','s3://human-pangenomics/working/HPRC/HG02027/raw_data/hic/HG02027-2_FC2_S76_L004_R1_001.fastq.gz','s3://human-pangenomics/working/HPRC/HG02027/raw_data/hic/HG02027-2_FC2_S76_L004_R2_001.fastq.gz','s3://human-pangenomics/working/HPRC/HG02027/raw_data/hic/HG02027-1_FC3_S73_L004_R1_001.fastq.gz','s3://human-pangenomics/working/HPRC/HG02027/raw_data/hic/HG02027-1_FC3_S73_L004_R2_001.fastq.gz','s3://human-pangenomics/working/HPRC/HG02027/raw_data/hic/HG02027-1_FC1_S73_L004_R1_001.fastq.gz','s3://human-pangenomics/working/HPRC/HG02027/raw_data/hic/HG02027-1_FC1_S73_L004_R2_001.fastq.gz','s3://human-pangenomics/working/HPRC/HG02027/raw_data/hic/HG02027-1_FC2_S73_L004_R1_001.fastq.gz','s3://human-pangenomics/working/HPRC/HG02027/raw_data/hic/HG02027-1_FC2_S73_L004_R2_001.fastq.gz']	['s3://human-pangenomics/working/HPRC/HG02027/raw_data/PacBio_HiFi/deepconsensus/v1pt2/HG02027.m64136_210205_190622.dc.q20.fastq.gz','s3://human-pangenomics/working/HPRC/HG02027/raw_data/PacBio_HiFi/deepconsensus/v1pt2/HG02027.m64136_210207_012053.dc.q20.fastq.gz','s3://human-pangenomics/working/HPRC/HG02027/raw_data/PacBio_HiFi/deepconsensus/v1pt2/HG02027.m64136_210209_184241.dc.q20.fastq.gz','s3://human-pangenomics/working/HPRC/HG02027/raw_data/PacBio_HiFi/deepconsensus/v1pt2/HG02027.m64136_210211_010151.dc.q20.fastq.gz','s3://human-pangenomics/working/HPRC/HG02027/raw_data/PacBio_HiFi/m84081_231119_032407_s4.hifi_reads.bc2081.bam','s3://human-pangenomics/working/HPRC/HG02027/raw_data/PacBio_HiFi/m84081_231117_211338_s4.hifi_reads.bc2081.bam']	['s3://human-pangenomics/working/HPRC/HG02027/raw_data/Illumina/child/HG02027.final.cram']	['s3://human-pangenomics/working/HPRC/HG02027/raw_data/nanopore/sup5.0.0_5mCG_5hmCG/05_12_25_R1041_UL_HPRC_HG02027_2_dorado1.0.0_supv5.2.0.bam','s3://human-pangenomics/working/HPRC/HG02027/raw_data/nanopore/sup5.0.0_5mCG_5hmCG/05_12_25_R1041_UL_HPRC_HG02027_1_dorado1.0.0_supv5.2.0.bam','s3://human-pangenomics/working/HPRC/HG02027/raw_data/nanopore/sup5.0.0_5mCG_5hmCG/06_23_25_R1041_UL_HPRC_HG02027_2_dorado1.0.0_supv5.2.0_5mCG_5hmCG.bam','s3://human-pangenomics/working/HPRC/HG02027/raw_data/nanopore/sup5.0.0_5mCG_5hmCG/06_23_25_R1041_UL_HPRC_HG02027_1_dorado1.0.0_supv5.2.0_5mCG_5hmCG.bam','s3://human-pangenomics/working/HPRC/HG02027/raw_data/nanopore/guppy_6/12_08_21_R941_HG02027_1_Guppy_6.4.6_450bps_modbases_5mc_cg_sup_prom_pass.bam','s3://human-pangenomics/working/HPRC/HG02027/raw_data/nanopore/guppy_6/12_08_21_R941_HG02027_2_Guppy_6.4.6_450bps_modbases_5mc_cg_sup_prom_pass.bam','s3://human-pangenomics/working/HPRC/HG02027/raw_data/nanopore/guppy_6/12_08_21_R941_HG02027_3_Guppy_6.4.6_450bps_modbases_5mc_cg_sup_prom_pass.bam']	[--unitig-abundance 8]
HG02040	['s3://human-pangenomics/working/HPRC/HG02040/raw_data/hic/HG02040-1_S1_L001_R1_001.fastq.gz','s3://human-pangenomics/working/HPRC/HG02040/raw_data/hic/HG02040-1_S1_L001_R2_001.fastq.gz','s3://human-pangenomics/working/HPRC/HG02040/raw_data/hic/HG02040-1_S1_L004_R1_001.fastq.gz','s3://human-pangenomics/working/HPRC/HG02040/raw_data/hic/HG02040-1_S1_L004_R2_001.fastq.gz','s3://human-pangenomics/working/HPRC/HG02040/raw_data/hic/HG02040-1_S1_L002_R1_001.fastq.gz','s3://human-pangenomics/working/HPRC/HG02040/raw_data/hic/HG02040-1_S1_L002_R2_001.fastq.gz','s3://human-pangenomics/working/HPRC/HG02040/raw_data/hic/HG02040-1_S1_L003_R1_001.fastq.gz','s3://human-pangenomics/working/HPRC/HG02040/raw_data/hic/HG02040-1_S1_L003_R2_001.fastq.gz','s3://human-pangenomics/working/HPRC/HG02040/raw_data/hic/HG02040-2_S9_L001_R1_001.fastq.gz','s3://human-pangenomics/working/HPRC/HG02040/raw_data/hic/HG02040-2_S9_L001_R2_001.fastq.gz','s3://human-pangenomics/working/HPRC/HG02040/raw_data/hic/HG02040-2_S9_L004_R1_001.fastq.gz','s3://human-pangenomics/working/HPRC/HG02040/raw_data/hic/HG02040-2_S9_L004_R2_001.fastq.gz','s3://human-pangenomics/working/HPRC/HG02040/raw_data/hic/HG02040-2_S9_L002_R1_001.fastq.gz','s3://human-pangenomics/working/HPRC/HG02040/raw_data/hic/HG02040-2_S9_L002_R2_001.fastq.gz','s3://human-pangenomics/working/HPRC/HG02040/raw_data/hic/HG02040-2_S9_L003_R1_001.fastq.gz','s3://human-pangenomics/working/HPRC/HG02040/raw_data/hic/HG02040-2_S9_L003_R2_001.fastq.gz']	['s3://human-pangenomics/working/HPRC/HG02040/raw_data/PacBio_HiFi/deepconsensus/v1pt2/HG02040.m64076_220908_204946.dc.q20.fastq.gz','s3://human-pangenomics/working/HPRC/HG02040/raw_data/PacBio_HiFi/deepconsensus/v1pt2/HG02040.m64076_220910_174812.dc.q20.fastq.gz','s3://human-pangenomics/working/HPRC/HG02040/raw_data/PacBio_HiFi/deepconsensus/v1pt2/HG02040.m64076_220912_140850.dc.q20.fastq.gz','s3://human-pangenomics/working/HPRC/HG02040/raw_data/PacBio_HiFi/m84046_230531_221339_s3.hifi_reads.bc2056.bam']	['s3://human-pangenomics/working/HPRC/HG02040/raw_data/Illumina/child/HG02040.final.cram']	['s3://human-pangenomics/working/HPRC/HG02040/raw_data/nanopore/sup5.0.0_5mCG_5hmCG/11_18_24_R1041_UL_HPRC_HG02040_1_dorado0.9.1_sup5.0.0_5mCG_5hmCG.bam','s3://human-pangenomics/working/HPRC/HG02040/raw_data/nanopore/sup5.0.0_5mCG_5hmCG/11_18_24_R1041_UL_HPRC_HG02040_2_dorado0.9.1_sup5.0.0_5mCG_5hmCG.bam','s3://human-pangenomics/working/HPRC/HG02040/raw_data/nanopore/guppy_6/06_28_22_R941_HG02040_1_Guppy_6.5.7_450bps_modbases_5mc_cg_sup_prom_pass.bam','s3://human-pangenomics/working/HPRC/HG02040/raw_data/nanopore/guppy_6/06_28_22_R941_HG02040_2_Guppy_6.5.7_450bps_modbases_5mc_cg_sup_prom_pass.bam','s3://human-pangenomics/working/HPRC/HG02040/raw_data/nanopore/guppy_6/06_28_22_R941_HG02040_3_Guppy_6.5.7_450bps_modbases_5mc_cg_sup_prom_pass.bam']	[--unitig-abundance 8]
HG02056	['s3://human-pangenomics/working/HPRC/HG02056/raw_data/hic/HG02056-2_S5_L003_R1_001.fastq.gz','s3://human-pangenomics/working/HPRC/HG02056/raw_data/hic/HG02056-2_S5_L003_R2_001.fastq.gz','s3://human-pangenomics/working/HPRC/HG02056/raw_data/hic/HG02056-1_S1_L003_R1_001.fastq.gz','s3://human-pangenomics/working/HPRC/HG02056/raw_data/hic/HG02056-1_S1_L003_R2_001.fastq.gz']	['s3://human-pangenomics/working/HPRC/HG02056/raw_data/PacBio_HiFi/deepconsensus/v1pt2/HG02056.m64043_220114_181052.dc.q20.fastq.gz','s3://human-pangenomics/working/HPRC/HG02056/raw_data/PacBio_HiFi/deepconsensus/v1pt2/HG02056.m64136_211118_185339.dc.q20.fastq.gz','s3://human-pangenomics/working/HPRC/HG02056/raw_data/PacBio_HiFi/deepconsensus/v1pt2/HG02056.m64136_211120_043838.dc.q20.fastq.gz','s3://human-pangenomics/working/HPRC/HG02056/raw_data/PacBio_HiFi/deepconsensus/v1pt2/HG02056.m64136_211121_153454.dc.q20.fastq.gz','s3://human-pangenomics/working/HPRC/HG02056/raw_data/PacBio_HiFi/m84081_230727_190726_s1.hifi_reads.bc2030.bam','s3://human-pangenomics/working/HPRC/HG02056/raw_data/PacBio_HiFi/m84081_230727_193748_s2.hifi_reads.bc2030.bam']	['s3://human-pangenomics/working/HPRC/HG02056/raw_data/Illumina/child/HG02056.final.cram']	['s3://human-pangenomics/working/HPRC/HG02056/raw_data/nanopore/sup5.0.0_5mCG_5hmCG/11_18_24_R1041_UL_HPRC_HG02056_1_dorado0.9.1_sup5.0.0_5mCG_5hmCG.bam','s3://human-pangenomics/working/HPRC/HG02056/raw_data/nanopore/sup5.0.0_5mCG_5hmCG/11_18_24_R1041_UL_HPRC_HG02056_2_dorado0.9.1_sup5.0.0_5mCG_5hmCG.bam','s3://human-pangenomics/working/HPRC/HG02056/raw_data/nanopore/guppy_6/10_12_21_R941_HG02056_1_Guppy_6.5.7_450bps_modbases_5mc_cg_sup_prom_pass.bam','s3://human-pangenomics/working/HPRC/HG02056/raw_data/nanopore/guppy_6/10_12_21_R941_HG02056_2_Guppy_6.5.7_450bps_modbases_5mc_cg_sup_prom_pass.bam','s3://human-pangenomics/working/HPRC/HG02056/raw_data/nanopore/guppy_6/10_12_21_R941_HG02056_3_Guppy_6.5.7_450bps_modbases_5mc_cg_sup_prom_pass.bam']	[--unitig-abundance 8]
HG02071	['s3://human-pangenomics/working/HPRC/HG02071/raw_data/hic/HG02071-10a-1_S9_L004_R1_001.fastq.gz','s3://human-pangenomics/working/HPRC/HG02071/raw_data/hic/HG02071-10a-1_S9_L004_R2_001.fastq.gz','s3://human-pangenomics/working/HPRC/HG02071/raw_data/hic/HG02071-10a-1_S9_L003_R1_001.fastq.gz','s3://human-pangenomics/working/HPRC/HG02071/raw_data/hic/HG02071-10a-1_S9_L003_R2_001.fastq.gz','s3://human-pangenomics/working/HPRC/HG02071/raw_data/hic/HG02071-10a-1_S9_L002_R1_001.fastq.gz','s3://human-pangenomics/working/HPRC/HG02071/raw_data/hic/HG02071-10a-1_S9_L002_R2_001.fastq.gz','s3://human-pangenomics/working/HPRC/HG02071/raw_data/hic/HG02071-10a-1_S9_L001_R1_001.fastq.gz','s3://human-pangenomics/working/HPRC/HG02071/raw_data/hic/HG02071-10a-1_S9_L001_R2_001.fastq.gz','s3://human-pangenomics/working/HPRC/HG02071/raw_data/hic/HG02071-10a-2_S10_L004_R2_001.fastq.gz','s3://human-pangenomics/working/HPRC/HG02071/raw_data/hic/HG02071-10a-2_S10_L004_R1_001.fastq.gz','s3://human-pangenomics/working/HPRC/HG02071/raw_data/hic/HG02071-10a-2_S10_L003_R1_001.fastq.gz','s3://human-pangenomics/working/HPRC/HG02071/raw_data/hic/HG02071-10a-2_S10_L003_R2_001.fastq.gz','s3://human-pangenomics/working/HPRC/HG02071/raw_data/hic/HG02071-10a-2_S10_L002_R1_001.fastq.gz','s3://human-pangenomics/working/HPRC/HG02071/raw_data/hic/HG02071-10a-2_S10_L002_R2_001.fastq.gz','s3://human-pangenomics/working/HPRC/HG02071/raw_data/hic/HG02071-10a-2_S10_L001_R1_001.fastq.gz','s3://human-pangenomics/working/HPRC/HG02071/raw_data/hic/HG02071-10a-2_S10_L001_R2_001.fastq.gz']	['s3://human-pangenomics/working/HPRC/HG02071/raw_data/PacBio_HiFi/deepconsensus/v1pt2/HG02071.m54329U_210507_224951.dc.q20.fastq.gz','s3://human-pangenomics/working/HPRC/HG02071/raw_data/PacBio_HiFi/deepconsensus/v1pt2/HG02071.m64076_210604_225751.dc.q20.fastq.gz','s3://human-pangenomics/working/HPRC/HG02071/raw_data/PacBio_HiFi/deepconsensus/v1pt2/HG02071.m64076_210607_215041.dc.q20.fastq.gz','s3://human-pangenomics/working/HPRC/HG02071/raw_data/PacBio_HiFi/deepconsensus/v1pt2/HG02071.m64076_210609_084637.dc.q20.fastq.gz','s3://human-pangenomics/working/HPRC/HG02071/raw_data/PacBio_HiFi/m84046_230712_000908_s4.hifi_reads.default.bam']	['s3://human-pangenomics/working/HPRC/HG02071/raw_data/Illumina/child/HG02071.final.cram']	['s3://human-pangenomics/working/HPRC/HG02071/raw_data/nanopore/sup5.0.0_5mCG_5hmCG/11_12_24_R1041_UL_HPRC_HG02071_1_dorado0.9.0_sup5.0.0_5mCG_5hmCG.bam','s3://human-pangenomics/working/HPRC/HG02071/raw_data/nanopore/sup5.0.0_5mCG_5hmCG/11_12_24_R1041_UL_HPRC_HG02071_2_dorado0.9.0_sup5.0.0_5mCG_5hmCG.bam','s3://human-pangenomics/working/HPRC/HG02071/raw_data/nanopore/guppy_6/07_13_21_R941_HG02071_1_Guppy_6.4.6_450bps_modbases_5mc_cg_sup_prom_pass.bam','s3://human-pangenomics/working/HPRC/HG02071/raw_data/nanopore/guppy_6/07_13_21_R941_HG02071_2_Guppy_6.4.6_450bps_modbases_5mc_cg_sup_prom_pass.bam','s3://human-pangenomics/working/HPRC/HG02071/raw_data/nanopore/guppy_6/07_13_21_R941_HG02071_3_Guppy_6.4.6_450bps_modbases_5mc_cg_sup_prom_pass.bam']	[--unitig-abundance 8]
HG02074	['s3://human-pangenomics/working/HPRC/HG02074/raw_data/hic/HG02074-08c-1_S15_L004_R1_001.fastq.gz','s3://human-pangenomics/working/HPRC/HG02074/raw_data/hic/HG02074-08c-1_S15_L004_R2_001.fastq.gz','s3://human-pangenomics/working/HPRC/HG02074/raw_data/hic/HG02074-08c-1_S15_L003_R1_001.fastq.gz','s3://human-pangenomics/working/HPRC/HG02074/raw_data/hic/HG02074-08c-1_S15_L003_R2_001.fastq.gz','s3://human-pangenomics/working/HPRC/HG02074/raw_data/hic/HG02074-08c-1_S15_L002_R1_001.fastq.gz','s3://human-pangenomics/working/HPRC/HG02074/raw_data/hic/HG02074-08c-1_S15_L002_R2_001.fastq.gz','s3://human-pangenomics/working/HPRC/HG02074/raw_data/hic/HG02074-08c-1_S15_L001_R1_001.fastq.gz','s3://human-pangenomics/working/HPRC/HG02074/raw_data/hic/HG02074-08c-1_S15_L001_R2_001.fastq.gz','s3://human-pangenomics/working/HPRC/HG02074/raw_data/hic/HG02074-08c-2_S16_L004_R1_001.fastq.gz','s3://human-pangenomics/working/HPRC/HG02074/raw_data/hic/HG02074-08c-2_S16_L004_R2_001.fastq.gz','s3://human-pangenomics/working/HPRC/HG02074/raw_data/hic/HG02074-08c-2_S16_L003_R1_001.fastq.gz','s3://human-pangenomics/working/HPRC/HG02074/raw_data/hic/HG02074-08c-2_S16_L003_R2_001.fastq.gz','s3://human-pangenomics/working/HPRC/HG02074/raw_data/hic/HG02074-08c-2_S16_L002_R1_001.fastq.gz','s3://human-pangenomics/working/HPRC/HG02074/raw_data/hic/HG02074-08c-2_S16_L002_R2_001.fastq.gz','s3://human-pangenomics/working/HPRC/HG02074/raw_data/hic/HG02074-08c-2_S16_L001_R1_001.fastq.gz','s3://human-pangenomics/working/HPRC/HG02074/raw_data/hic/HG02074-08c-2_S16_L001_R2_001.fastq.gz']	['s3://human-pangenomics/working/HPRC/HG02074/raw_data/PacBio_HiFi/deepconsensus/v1pt2/HG02074.m54329U_210507_224951.dc.q20.fastq.gz','s3://human-pangenomics/working/HPRC/HG02074/raw_data/PacBio_HiFi/deepconsensus/v1pt2/HG02074.m54329U_210626_074001.dc.q20.fastq.gz','s3://human-pangenomics/working/HPRC/HG02074/raw_data/PacBio_HiFi/deepconsensus/v1pt2/HG02074.m54329U_210630_194237.dc.q20.fastq.gz','s3://human-pangenomics/working/HPRC/HG02074/raw_data/PacBio_HiFi/deepconsensus/v1pt2/HG02074.m64076_210630_101034.dc.q20.fastq.gz','s3://human-pangenomics/working/HPRC/HG02074/raw_data/PacBio_HiFi/m84046_230624_204605_s4.hifi_reads.default.bam']	['s3://human-pangenomics/working/HPRC/HG02074/raw_data/Illumina/child/HG02074.final.cram']	['s3://human-pangenomics/working/HPRC/HG02074/raw_data/nanopore/sup5.0.0_5mCG_5hmCG/12_02_24_R1041_UL_HPRC_HG02074_1_dorado0.9.0_sup5.0.0_5mCG_5hmCG.bam','s3://human-pangenomics/working/HPRC/HG02074/raw_data/nanopore/sup5.0.0_5mCG_5hmCG/12_02_24_R1041_UL_HPRC_HG02074_2_dorado0.9.0_sup5.0.0_5mCG_5hmCG.bam','s3://human-pangenomics/working/HPRC/HG02074/raw_data/nanopore/guppy_6/07_13_21_R941_HG02074_1_Guppy_6.4.6_450bps_modbases_5mc_cg_sup_prom_pass.bam','s3://human-pangenomics/working/HPRC/HG02074/raw_data/nanopore/guppy_6/07_13_21_R941_HG02074_2_Guppy_6.4.6_450bps_modbases_5mc_cg_sup_prom_pass.bam','s3://human-pangenomics/working/HPRC/HG02074/raw_data/nanopore/guppy_6/07_13_21_R941_HG02074_3_Guppy_6.4.6_450bps_modbases_5mc_cg_sup_prom_pass.bam']	[--unitig-abundance 8]
HG02083	['s3://human-pangenomics/working/HPRC/HG02083/raw_data/hic/HG02083-2_FC4_S77_L004_R1_001.fastq.gz','s3://human-pangenomics/working/HPRC/HG02083/raw_data/hic/HG02083-2_FC4_S77_L004_R2_001.fastq.gz','s3://human-pangenomics/working/HPRC/HG02083/raw_data/hic/HG02083-2_FC3_S77_L004_R1_001.fastq.gz','s3://human-pangenomics/working/HPRC/HG02083/raw_data/hic/HG02083-2_FC3_S77_L004_R2_001.fastq.gz','s3://human-pangenomics/working/HPRC/HG02083/raw_data/hic/HG02083-2_FC1_S77_L004_R1_001.fastq.gz','s3://human-pangenomics/working/HPRC/HG02083/raw_data/hic/HG02083-2_FC1_S77_L004_R2_001.fastq.gz','s3://human-pangenomics/working/HPRC/HG02083/raw_data/hic/HG02083-2_FC2_S77_L004_R1_001.fastq.gz','s3://human-pangenomics/working/HPRC/HG02083/raw_data/hic/HG02083-2_FC2_S77_L004_R2_001.fastq.gz','s3://human-pangenomics/working/HPRC/HG02083/raw_data/hic/HG02083-1_FC4_S74_L004_R1_001.fastq.gz','s3://human-pangenomics/working/HPRC/HG02083/raw_data/hic/HG02083-1_FC4_S74_L004_R2_001.fastq.gz','s3://human-pangenomics/working/HPRC/HG02083/raw_data/hic/HG02083-1_FC3_S74_L004_R1_001.fastq.gz','s3://human-pangenomics/working/HPRC/HG02083/raw_data/hic/HG02083-1_FC3_S74_L004_R2_001.fastq.gz','s3://human-pangenomics/working/HPRC/HG02083/raw_data/hic/HG02083-1_FC1_S74_L004_R1_001.fastq.gz','s3://human-pangenomics/working/HPRC/HG02083/raw_data/hic/HG02083-1_FC1_S74_L004_R2_001.fastq.gz','s3://human-pangenomics/working/HPRC/HG02083/raw_data/hic/HG02083-1_FC2_S74_L004_R1_001.fastq.gz','s3://human-pangenomics/working/HPRC/HG02083/raw_data/hic/HG02083-1_FC2_S74_L004_R2_001.fastq.gz']	['s3://human-pangenomics/working/HPRC/HG02083/raw_data/PacBio_HiFi/deepconsensus/v1pt2/HG02083.m64136_210317_200525.dc.q20.fastq.gz','s3://human-pangenomics/working/HPRC/HG02083/raw_data/PacBio_HiFi/deepconsensus/v1pt2/HG02083.m64136_210319_191015.dc.q20.fastq.gz','s3://human-pangenomics/working/HPRC/HG02083/raw_data/PacBio_HiFi/deepconsensus/v1pt2/HG02083.m64136_210321_022417.dc.q20.fastq.gz','s3://human-pangenomics/working/HPRC/HG02083/raw_data/PacBio_HiFi/deepconsensus/v1pt2/HG02083.m64136_210323_162524.dc.q20.fastq.gz','s3://human-pangenomics/working/HPRC/HG02083/raw_data/PacBio_HiFi/m84081_231027_192451_s1.hifi_reads.default.bam','s3://human-pangenomics/working/HPRC/HG02083/raw_data/PacBio_HiFi/m84081_231029_013437_s1.hifi_reads.default.bam']	['s3://human-pangenomics/working/HPRC/HG02083/raw_data/Illumina/child/HG02083.final.cram']	['s3://human-pangenomics/working/HPRC/HG02083/raw_data/nanopore/sup5.0.0_5mCG_5hmCG/05_19_25_R1041_UL_HRPC_HG02083_1_dorado1.0.0_supv5.0.0_5mCG_5hmCG.bam','s3://human-pangenomics/working/HPRC/HG02083/raw_data/nanopore/sup5.0.0_5mCG_5hmCG/05_12_25_R1041_UL_HPRC_HG02083_2_dorado1.0.0_supv5.2.0.bam','s3://human-pangenomics/working/HPRC/HG02083/raw_data/nanopore/sup5.0.0_5mCG_5hmCG/05_12_25_R1041_UL_HPRC_HG02083_1_dorado1.0.0_supv5.2.0.bam','s3://human-pangenomics/working/HPRC/HG02083/raw_data/nanopore/guppy_6/12_08_21_R941_HG02083_1_Guppy_6.4.6_450bps_modbases_5mc_cg_sup_prom_pass.bam','s3://human-pangenomics/working/HPRC/HG02083/raw_data/nanopore/guppy_6/12_08_21_R941_HG02083_2_Guppy_6.4.6_450bps_modbases_5mc_cg_sup_prom_pass.bam','s3://human-pangenomics/working/HPRC/HG02083/raw_data/nanopore/guppy_6/12_08_21_R941_HG02083_3_Guppy_6.4.6_450bps_modbases_5mc_cg_sup_prom_pass.bam']	[--unitig-abundance 8]
HG02129	['s3://human-pangenomics/working/HPRC/HG02129/raw_data/hic/HG02129-2_S6_L003_R1_001.fastq.gz','s3://human-pangenomics/working/HPRC/HG02129/raw_data/hic/HG02129-2_S6_L003_R2_001.fastq.gz','s3://human-pangenomics/working/HPRC/HG02129/raw_data/hic/HG02129-1_S2_L003_R1_001.fastq.gz','s3://human-pangenomics/working/HPRC/HG02129/raw_data/hic/HG02129-1_S2_L003_R2_001.fastq.gz']	['s3://human-pangenomics/working/HPRC/HG02129/raw_data/PacBio_HiFi/deepconsensus/v1pt2/HG02129.m64136_220422_181133.dc.q20.fastq.gz','s3://human-pangenomics/working/HPRC/HG02129/raw_data/PacBio_HiFi/deepconsensus/v1pt2/HG02129.m64136_220424_050632.dc.q20.fastq.gz','s3://human-pangenomics/working/HPRC/HG02129/raw_data/PacBio_HiFi/deepconsensus/v1pt2/HG02129.m64136_220426_155627.dc.q20.fastq.gz','s3://human-pangenomics/working/HPRC/HG02129/raw_data/PacBio_HiFi/m84081_230727_190726_s1.hifi_reads.bc2026.bam','s3://human-pangenomics/working/HPRC/HG02129/raw_data/PacBio_HiFi/m84081_230727_193748_s2.hifi_reads.bc2026.bam']	['s3://human-pangenomics/working/HPRC/HG02129/raw_data/Illumina/child/HG02129.final.cram']	['s3://human-pangenomics/working/HPRC/HG02129/raw_data/nanopore/sup5.0.0_5mCG_5hmCG/11_04_24_R1041_UL_HPRC_HG02129_1_dorado0.9.1_sup5.0.0_5mCG_5hmCG.bam','s3://human-pangenomics/working/HPRC/HG02129/raw_data/nanopore/sup5.0.0_5mCG_5hmCG/11_04_24_R1041_UL_HPRC_HG02129_2_dorado0.9.1_sup5.0.0_5mCG_5hmCG.bam','s3://human-pangenomics/working/HPRC/HG02129/raw_data/nanopore/sup5.0.0_5mCG_5hmCG/11_18_24_R1041_UL_HPRC_HG02129_1_dorado0.9.1_sup5.0.0_5mCG_5hmCG.bam','s3://human-pangenomics/working/HPRC/HG02129/raw_data/nanopore/guppy_6/10_12_21_R941_HG02129_1_Guppy_6.5.7_450bps_modbases_5mc_cg_sup_prom_pass.bam','s3://human-pangenomics/working/HPRC/HG02129/raw_data/nanopore/guppy_6/10_12_21_R941_HG02129_2_Guppy_6.5.7_450bps_modbases_5mc_cg_sup_prom_pass.bam','s3://human-pangenomics/working/HPRC/HG02129/raw_data/nanopore/guppy_6/10_12_21_R941_HG02129_3_Guppy_6.5.7_450bps_modbases_5mc_cg_sup_prom_pass.bam']	[--unitig-abundance 8]
HG02132	['s3://human-pangenomics/working/HPRC/HG02132/raw_data/hic/HG02132-07a-2_S8_L004_R1_001.fastq.gz','s3://human-pangenomics/working/HPRC/HG02132/raw_data/hic/HG02132-07a-2_S8_L004_R2_001.fastq.gz','s3://human-pangenomics/working/HPRC/HG02132/raw_data/hic/HG02132-07a-1_S7_L004_R1_001.fastq.gz','s3://human-pangenomics/working/HPRC/HG02132/raw_data/hic/HG02132-07a-1_S7_L004_R2_001.fastq.gz','s3://human-pangenomics/working/HPRC/HG02132/raw_data/hic/HG02132-07a-1_S7_L002_R1_001.fastq.gz','s3://human-pangenomics/working/HPRC/HG02132/raw_data/hic/HG02132-07a-1_S7_L002_R2_001.fastq.gz','s3://human-pangenomics/working/HPRC/HG02132/raw_data/hic/HG02132-07a-1_S7_L001_R2_001.fastq.gz','s3://human-pangenomics/working/HPRC/HG02132/raw_data/hic/HG02132-07a-2_S8_L002_R1_001.fastq.gz','s3://human-pangenomics/working/HPRC/HG02132/raw_data/hic/HG02132-07a-2_S8_L002_R2_001.fastq.gz','s3://human-pangenomics/working/HPRC/HG02132/raw_data/hic/HG02132-07a-1_S7_L001_R1_001.fastq.gz','s3://human-pangenomics/working/HPRC/HG02132/raw_data/hic/HG02132-07a-1_S7_L003_R1_001.fastq.gz','s3://human-pangenomics/working/HPRC/HG02132/raw_data/hic/HG02132-07a-1_S7_L003_R2_001.fastq.gz','s3://human-pangenomics/working/HPRC/HG02132/raw_data/hic/HG02132-07a-2_S8_L001_R1_001.fastq.gz','s3://human-pangenomics/working/HPRC/HG02132/raw_data/hic/HG02132-07a-2_S8_L001_R2_001.fastq.gz','s3://human-pangenomics/working/HPRC/HG02132/raw_data/hic/HG02132-07a-2_S8_L003_R1_001.fastq.gz','s3://human-pangenomics/working/HPRC/HG02132/raw_data/hic/HG02132-07a-2_S8_L003_R2_001.fastq.gz']	['s3://human-pangenomics/working/HPRC/HG02132/raw_data/PacBio_HiFi/deepconsensus/v1pt2/HG02132.m54329U_210627_170630.dc.q20.fastq.gz','s3://human-pangenomics/working/HPRC/HG02132/raw_data/PacBio_HiFi/deepconsensus/v1pt2/HG02132.m64076_210525_000003.dc.q20.fastq.gz','s3://human-pangenomics/working/HPRC/HG02132/raw_data/PacBio_HiFi/deepconsensus/v1pt2/HG02132.m54329U_210704_040110.dc.q20.fastq.gz','s3://human-pangenomics/working/HPRC/HG02132/raw_data/PacBio_HiFi/deepconsensus/v1pt2/HG02132.m54329U_210705_145805.dc.q20.fastq.gz','s3://human-pangenomics/working/HPRC/HG02132/raw_data/PacBio_HiFi/m84046_230603_204152_s4.hifi_reads.default.bam']	['s3://human-pangenomics/working/HPRC/HG02132/raw_data/Illumina/child/HG02132.final.cram']	['s3://human-pangenomics/working/HPRC/HG02132/raw_data/nanopore/sup5.0.0_5mCG_5hmCG/12_02_24_R1041_UL_HPRC_HG02132_1_dorado0.9.0_sup5.0.0_5mCG_5hmCG.bam','s3://human-pangenomics/working/HPRC/HG02132/raw_data/nanopore/sup5.0.0_5mCG_5hmCG/12_02_24_R1041_UL_HPRC_HG02132_2_dorado0.9.0_sup5.0.0_5mCG_5hmCG.bam','s3://human-pangenomics/working/HPRC/HG02132/raw_data/nanopore/guppy_6/07_13_21_R941_HG02132_1_Guppy_6.4.6_450bps_modbases_5mc_cg_sup_prom_pass.bam','s3://human-pangenomics/working/HPRC/HG02132/raw_data/nanopore/guppy_6/07_13_21_R941_HG02132_2_Guppy_6.4.6_450bps_modbases_5mc_cg_sup_prom_pass.bam','s3://human-pangenomics/working/HPRC/HG02132/raw_data/nanopore/guppy_6/07_13_21_R941_HG02132_3_Guppy_6.4.6_450bps_modbases_5mc_cg_sup_prom_pass.bam']	[--unitig-abundance 8]
HG02135	['s3://human-pangenomics/working/HPRC/HG02135/raw_data/hic/HG02135-09a-2_S8_L004_R1_001.fastq.gz','s3://human-pangenomics/working/HPRC/HG02135/raw_data/hic/HG02135-09a-2_S8_L004_R2_001.fastq.gz','s3://human-pangenomics/working/HPRC/HG02135/raw_data/hic/HG02135-09a-2_S8_L003_R1_001.fastq.gz','s3://human-pangenomics/working/HPRC/HG02135/raw_data/hic/HG02135-09a-2_S8_L003_R2_001.fastq.gz','s3://human-pangenomics/working/HPRC/HG02135/raw_data/hic/HG02135-09a-2_S8_L002_R1_001.fastq.gz','s3://human-pangenomics/working/HPRC/HG02135/raw_data/hic/HG02135-09a-2_S8_L002_R2_001.fastq.gz','s3://human-pangenomics/working/HPRC/HG02135/raw_data/hic/HG02135-09a-2_S8_L001_R1_001.fastq.gz','s3://human-pangenomics/working/HPRC/HG02135/raw_data/hic/HG02135-09a-2_S8_L001_R2_001.fastq.gz','s3://human-pangenomics/working/HPRC/HG02135/raw_data/hic/HG02135-09a-1_S7_L004_R1_001.fastq.gz','s3://human-pangenomics/working/HPRC/HG02135/raw_data/hic/HG02135-09a-1_S7_L004_R2_001.fastq.gz','s3://human-pangenomics/working/HPRC/HG02135/raw_data/hic/HG02135-09a-1_S7_L003_R1_001.fastq.gz','s3://human-pangenomics/working/HPRC/HG02135/raw_data/hic/HG02135-09a-1_S7_L003_R2_001.fastq.gz','s3://human-pangenomics/working/HPRC/HG02135/raw_data/hic/HG02135-09a-1_S7_L002_R1_001.fastq.gz','s3://human-pangenomics/working/HPRC/HG02135/raw_data/hic/HG02135-09a-1_S7_L002_R2_001.fastq.gz','s3://human-pangenomics/working/HPRC/HG02135/raw_data/hic/HG02135-09a-1_S7_L001_R1_001.fastq.gz','s3://human-pangenomics/working/HPRC/HG02135/raw_data/hic/HG02135-09a-1_S7_L001_R2_001.fastq.gz']	['s3://human-pangenomics/working/HPRC/HG02135/raw_data/PacBio_HiFi/deepconsensus/v1pt2/HG02135.m54329U_210507_224951.dc.q20.fastq.gz','s3://human-pangenomics/working/HPRC/HG02135/raw_data/PacBio_HiFi/deepconsensus/v1pt2/HG02135.m54329U_210615_233707.dc.q20.fastq.gz','s3://human-pangenomics/working/HPRC/HG02135/raw_data/PacBio_HiFi/deepconsensus/v1pt2/HG02135.m54329U_210715_074913.dc.q20.fastq.gz','s3://human-pangenomics/working/HPRC/HG02135/raw_data/PacBio_HiFi/deepconsensus/v1pt2/HG02135.m64076_210529_081414.dc.q20.fastq.gz','s3://human-pangenomics/working/HPRC/HG02135/raw_data/PacBio_HiFi/deepconsensus/v1pt2/HG02135.m64076_210602_215048.dc.q20.fastq.gz','s3://human-pangenomics/working/HPRC/HG02135/raw_data/PacBio_HiFi/deepconsensus/v1pt2/HG02135.m64076_210719_222908.dc.q20.fastq.gz','s3://human-pangenomics/working/HPRC/HG02135/raw_data/PacBio_HiFi/m84046_230707_202610_s3.hifi_reads.default.bam','s3://human-pangenomics/working/HPRC/HG02135/raw_data/PacBio_HiFi/m84046_230623_210640_s1.hifi_reads.default.bam','s3://human-pangenomics/working/HPRC/HG02135/raw_data/PacBio_HiFi/m84046_230628_175536_s3.hifi_reads.default.bam','s3://human-pangenomics/working/HPRC/HG02135/raw_data/PacBio_HiFi/m84046_230712_224626_s1.hifi_reads.default.bam','s3://human-pangenomics/working/HPRC/HG02135/raw_data/PacBio_HiFi/m84046_230602_220440_s3.hifi_reads.default.bam']	['s3://human-pangenomics/working/HPRC/HG02135/raw_data/Illumina/child/HG02135.final.cram']	['s3://human-pangenomics/working/HPRC/HG02135/raw_data/nanopore/sup5.0.0_5mCG_5hmCG/11_18_24_R1041_UL_HPRC_HG02135_1_dorado0.9.0_sup5.0.0_5mCG_5hmCG.bam','s3://human-pangenomics/working/HPRC/HG02135/raw_data/nanopore/sup5.0.0_5mCG_5hmCG/11_18_24_R1041_UL_HPRC_HG02135_2_dorado0.9.0_sup5.0.0_5mCG_5hmCG.bam','s3://human-pangenomics/working/HPRC/HG02135/raw_data/nanopore/guppy_6/06_22_21_R941_HG02135_1_Guppy_6.4.6_450bps_modbases_5mc_cg_sup_prom_pass.bam','s3://human-pangenomics/working/HPRC/HG02135/raw_data/nanopore/guppy_6/07_13_21_R941_HG02135_2_Guppy_6.4.6_450bps_modbases_5mc_cg_sup_prom_pass.bam','s3://human-pangenomics/working/HPRC/HG02135/raw_data/nanopore/guppy_6/07_13_21_R941_HG02135_3_Guppy_6.4.6_450bps_modbases_5mc_cg_sup_prom_pass.bam']	[--unitig-abundance 8]
HG02140	['s3://human-pangenomics/working/HPRC/HG02140/raw_data/hic/HG02140-1_FC1_S5_L001_R1_001.fastq.gz','s3://human-pangenomics/working/HPRC/HG02140/raw_data/hic/HG02140-1_FC1_S5_L001_R2_001.fastq.gz','s3://human-pangenomics/working/HPRC/HG02140/raw_data/hic/HG02140-1_FC2_S5_L001_R1_001.fastq.gz','s3://human-pangenomics/working/HPRC/HG02140/raw_data/hic/HG02140-1_FC2_S5_L001_R2_001.fastq.gz','s3://human-pangenomics/working/HPRC/HG02140/raw_data/hic/HG02140-2_FC1_S6_L001_R1_001.fastq.gz','s3://human-pangenomics/working/HPRC/HG02140/raw_data/hic/HG02140-2_FC1_S6_L001_R2_001.fastq.gz','s3://human-pangenomics/working/HPRC/HG02140/raw_data/hic/HG02140-2_FC2_S6_L001_R1_001.fastq.gz','s3://human-pangenomics/working/HPRC/HG02140/raw_data/hic/HG02140-2_FC2_S6_L001_R2_001.fastq.gz']	['s3://human-pangenomics/working/HPRC/HG02140/raw_data/PacBio_HiFi/m84081_240524_172659_s2.hifi_reads.bc2025.bam','s3://human-pangenomics/working/HPRC/HG02140/raw_data/PacBio_HiFi/m84081_240524_192615_s3.hifi_reads.bc2025.bam']	['s3://human-pangenomics/working/HPRC/HG02140/raw_data/Illumina/child/HG02140.final.fq.gz']	['s3://human-pangenomics/working/HPRC/HG02140/raw_data/nanopore/sup5.0.0_5mCG_5hmCG/10_14_24_R1041_UL_HPRC_HG02140_1_dorado0.9.1_sup5.0.0_5mCG_5hmCG.bam','s3://human-pangenomics/working/HPRC/HG02140/raw_data/nanopore/sup5.0.0_5mCG_5hmCG/10_14_24_R1041_UL_HPRC_HG02140_2_dorado0.9.1_sup5.0.0_5mCG_5hmCG.bam']	[--unitig-abundance 8]
HG02148	['s3://human-pangenomics/working/HPRC/HG02148/raw_data/hic/NWM219c-1_S1_L001_R1_001.fastq.gz','s3://human-pangenomics/working/HPRC/HG02148/raw_data/hic/NWM219c-1_S1_L001_R2_001.fastq.gz','s3://human-pangenomics/working/HPRC/HG02148/raw_data/hic/NWM219c-1_S1_L002_R1_001.fastq.gz','s3://human-pangenomics/working/HPRC/HG02148/raw_data/hic/NWM219c-1_S1_L002_R2_001.fastq.gz','s3://human-pangenomics/working/HPRC/HG02148/raw_data/hic/NWM219c-1_S1_L003_R1_001.fastq.gz','s3://human-pangenomics/working/HPRC/HG02148/raw_data/hic/NWM219c-1_S1_L003_R2_001.fastq.gz','s3://human-pangenomics/working/HPRC/HG02148/raw_data/hic/NWM219c-1_S1_L004_R1_001.fastq.gz','s3://human-pangenomics/working/HPRC/HG02148/raw_data/hic/NWM219c-1_S1_L004_R2_001.fastq.gz','s3://human-pangenomics/working/HPRC/HG02148/raw_data/hic/NWM219c-2_S8_L001_R1_001.fastq.gz','s3://human-pangenomics/working/HPRC/HG02148/raw_data/hic/NWM219c-2_S8_L001_R2_001.fastq.gz','s3://human-pangenomics/working/HPRC/HG02148/raw_data/hic/NWM219c-2_S8_L002_R1_001.fastq.gz','s3://human-pangenomics/working/HPRC/HG02148/raw_data/hic/NWM219c-2_S8_L002_R2_001.fastq.gz','s3://human-pangenomics/working/HPRC/HG02148/raw_data/hic/NWM219c-2_S8_L003_R1_001.fastq.gz','s3://human-pangenomics/working/HPRC/HG02148/raw_data/hic/NWM219c-2_S8_L003_R2_001.fastq.gz','s3://human-pangenomics/working/HPRC/HG02148/raw_data/hic/NWM219c-2_S8_L004_R1_001.fastq.gz','s3://human-pangenomics/working/HPRC/HG02148/raw_data/hic/NWM219c-2_S8_L004_R2_001.fastq.gz']	['s3://human-pangenomics/working/HPRC/HG02148/raw_data/PacBio_HiFi/deepconsensus/v1pt2/HG02148.m64136_200618_202033.dc.q20.fastq.gz','s3://human-pangenomics/working/HPRC/HG02148/raw_data/PacBio_HiFi/deepconsensus/v1pt2/HG02148.m64136_200620_173618.dc.q20.fastq.gz','s3://human-pangenomics/working/HPRC/HG02148/raw_data/PacBio_HiFi/deepconsensus/v1pt2/HG02148.m64136_200621_234916.dc.q20.fastq.gz','s3://human-pangenomics/working/HPRC/HG02148/raw_data/PacBio_HiFi/deepconsensus/v1pt2/HG02148.m64136_200623_061529.dc.q20.fastq.gz','s3://human-pangenomics/working/HPRC/HG02148/raw_data/PacBio_HiFi/m84081_231222_081401_s1.hifi_reads.bc2023.bam','s3://human-pangenomics/working/HPRC/HG02148/raw_data/PacBio_HiFi/m84081_231222_121301_s3.hifi_reads.bc2023.bam','s3://human-pangenomics/working/HPRC/HG02148/raw_data/PacBio_HiFi/m84081_231222_101332_s2.hifi_reads.bc2023.bam','s3://human-pangenomics/working/HPRC/HG02148/raw_data/PacBio_HiFi/m84081_231222_141231_s4.hifi_reads.bc2023.bam']	['s3://human-pangenomics/working/HPRC/HG02148/raw_data/Illumina/child/HG02148.final.cram']	['s3://human-pangenomics/working/HPRC/HG02148/raw_data/nanopore/sup5.0.0_5mCG_5hmCG/09_16_24_R1041_UL_HPRC_HG02148_1_dorado1.0.0_sup5.0.0_5mCG_5hmCG.bam','s3://human-pangenomics/working/HPRC/HG02148/raw_data/nanopore/sup5.0.0_5mCG_5hmCG/09_16_24_R1041_UL_HPRC_HG02148_2_dorado1.0.0_sup5.0.0_5mCG_5hmCG.bam','s3://human-pangenomics/working/HPRC/HG02148/raw_data/nanopore/guppy_6/03_14_23_R941_HG02148_1_Guppy_6.5.7_450bps_modbases_5mc_cg_sup_prom_pass.bam','s3://human-pangenomics/working/HPRC/HG02148/raw_data/nanopore/guppy_6/03_14_23_R941_HG02148_2_Guppy_6.5.7_450bps_modbases_5mc_cg_sup_prom_pass.bam','s3://human-pangenomics/working/HPRC/HG02148/raw_data/nanopore/guppy_6/HG02148_1_Guppy_6.5.7_450bps_modbases_5mc_cg_sup_prom_pass.bam','s3://human-pangenomics/working/HPRC/HG02148/raw_data/nanopore/guppy_6/HG02148_3_Guppy_6.5.7_450bps_modbases_5mc_cg_sup_prom_pass.bam','s3://human-pangenomics/working/HPRC/HG02148/raw_data/nanopore/guppy_6/HG02148_5_Guppy_6.5.7_450bps_modbases_5mc_cg_sup_prom_pass.bam']	[--unitig-abundance 8]
HG02155	['s3://human-pangenomics/working/HPRC/HG02155/raw_data/hic/HG02155-1_S24_L003_R1_001.fastq.gz','s3://human-pangenomics/working/HPRC/HG02155/raw_data/hic/HG02155-1_S24_L003_R2_001.fastq.gz','s3://human-pangenomics/working/HPRC/HG02155/raw_data/hic/HG02155-1_S24_L001_R1_001.fastq.gz','s3://human-pangenomics/working/HPRC/HG02155/raw_data/hic/HG02155-1_S24_L001_R2_001.fastq.gz','s3://human-pangenomics/working/HPRC/HG02155/raw_data/hic/HG02155-1_S24_L004_R1_001.fastq.gz','s3://human-pangenomics/working/HPRC/HG02155/raw_data/hic/HG02155-1_S24_L004_R2_001.fastq.gz','s3://human-pangenomics/working/HPRC/HG02155/raw_data/hic/HG02155-1_S24_L002_R1_001.fastq.gz','s3://human-pangenomics/working/HPRC/HG02155/raw_data/hic/HG02155-1_S24_L002_R2_001.fastq.gz','s3://human-pangenomics/working/HPRC/HG02155/raw_data/hic/HG02155-2_S32_L003_R1_001.fastq.gz','s3://human-pangenomics/working/HPRC/HG02155/raw_data/hic/HG02155-2_S32_L003_R2_001.fastq.gz','s3://human-pangenomics/working/HPRC/HG02155/raw_data/hic/HG02155-2_S32_L004_R1_001.fastq.gz','s3://human-pangenomics/working/HPRC/HG02155/raw_data/hic/HG02155-2_S32_L004_R2_001.fastq.gz','s3://human-pangenomics/working/HPRC/HG02155/raw_data/hic/HG02155-2_S32_L001_R1_001.fastq.gz','s3://human-pangenomics/working/HPRC/HG02155/raw_data/hic/HG02155-2_S32_L001_R2_001.fastq.gz','s3://human-pangenomics/working/HPRC/HG02155/raw_data/hic/HG02155-2_S32_L002_R1_001.fastq.gz','s3://human-pangenomics/working/HPRC/HG02155/raw_data/hic/HG02155-2_S32_L002_R2_001.fastq.gz']	['s3://human-pangenomics/working/HPRC/HG02155/raw_data/PacBio_HiFi/deepconsensus/v1pt2/HG02155.m64043_220728_173215.dc.q20.fastq.gz','s3://human-pangenomics/working/HPRC/HG02155/raw_data/PacBio_HiFi/deepconsensus/v1pt2/HG02155.m64136_220701_181202.dc.q20.fastq.gz','s3://human-pangenomics/working/HPRC/HG02155/raw_data/PacBio_HiFi/deepconsensus/v1pt2/HG02155.m64136_220703_150713.dc.q20.fastq.gz','s3://human-pangenomics/working/HPRC/HG02155/raw_data/PacBio_HiFi/deepconsensus/v1pt2/HG02155.m64136_220705_120453.dc.q20.fastq.gz','s3://human-pangenomics/working/HPRC/HG02155/raw_data/PacBio_HiFi/m84081_230628_194051_s3.hifi_reads.bc1012.bam','s3://human-pangenomics/working/HPRC/HG02155/raw_data/PacBio_HiFi/m84081_230628_201157_s4.hifi_reads.bc1012.bam']	['s3://human-pangenomics/working/HPRC/HG02155/raw_data/Illumina/child/HG02155.final.cram']	['s3://human-pangenomics/working/HPRC/HG02155/raw_data/nanopore/sup5.0.0_5mCG_5hmCG/11_04_24_R1041_UL_HPRC_HG02155_1_dorado0.9.1_sup5.0.0_5mCG_5hmCG.bam','s3://human-pangenomics/working/HPRC/HG02155/raw_data/nanopore/sup5.0.0_5mCG_5hmCG/11_04_24_R1041_UL_HPRC_HG02155_2_dorado0.9.1_sup5.0.0_5mCG_5hmCG.bam','s3://human-pangenomics/working/HPRC/HG02155/raw_data/nanopore/sup5.0.0_5mCG_5hmCG/11_18_24_R1041_UL_HPRC_HG02155_1_dorado0.9.1_sup5.0.0_5mCG_5hmCG.bam','s3://human-pangenomics/working/HPRC/HG02155/raw_data/nanopore/guppy_6/06_28_22_R941_HG02155_1_Guppy_6.5.7_450bps_modbases_5mc_cg_sup_prom_pass.bam','s3://human-pangenomics/working/HPRC/HG02155/raw_data/nanopore/guppy_6/06_28_22_R941_HG02155_2_Guppy_6.5.7_450bps_modbases_5mc_cg_sup_prom_pass.bam','s3://human-pangenomics/working/HPRC/HG02155/raw_data/nanopore/guppy_6/06_28_22_R941_HG02155_3_Guppy_6.5.7_450bps_modbases_5mc_cg_sup_prom_pass.bam']	[--unitig-abundance 8]
HG02165	['s3://human-pangenomics/working/HPRC/HG02165/raw_data/hic/HG02165-1_S2_L001_R1_001.fastq.gz','s3://human-pangenomics/working/HPRC/HG02165/raw_data/hic/HG02165-1_S2_L001_R2_001.fastq.gz','s3://human-pangenomics/working/HPRC/HG02165/raw_data/hic/HG02165-1_S2_L004_R1_001.fastq.gz','s3://human-pangenomics/working/HPRC/HG02165/raw_data/hic/HG02165-1_S2_L004_R2_001.fastq.gz','s3://human-pangenomics/working/HPRC/HG02165/raw_data/hic/HG02165-1_S2_L002_R1_001.fastq.gz','s3://human-pangenomics/working/HPRC/HG02165/raw_data/hic/HG02165-1_S2_L002_R2_001.fastq.gz','s3://human-pangenomics/working/HPRC/HG02165/raw_data/hic/HG02165-1_S2_L003_R1_001.fastq.gz','s3://human-pangenomics/working/HPRC/HG02165/raw_data/hic/HG02165-1_S2_L003_R2_001.fastq.gz','s3://human-pangenomics/working/HPRC/HG02165/raw_data/hic/HG02165-2_S10_L001_R1_001.fastq.gz','s3://human-pangenomics/working/HPRC/HG02165/raw_data/hic/HG02165-2_S10_L001_R2_001.fastq.gz','s3://human-pangenomics/working/HPRC/HG02165/raw_data/hic/HG02165-2_S10_L004_R1_001.fastq.gz','s3://human-pangenomics/working/HPRC/HG02165/raw_data/hic/HG02165-2_S10_L004_R2_001.fastq.gz','s3://human-pangenomics/working/HPRC/HG02165/raw_data/hic/HG02165-2_S10_L002_R1_001.fastq.gz','s3://human-pangenomics/working/HPRC/HG02165/raw_data/hic/HG02165-2_S10_L002_R2_001.fastq.gz','s3://human-pangenomics/working/HPRC/HG02165/raw_data/hic/HG02165-2_S10_L003_R1_001.fastq.gz','s3://human-pangenomics/working/HPRC/HG02165/raw_data/hic/HG02165-2_S10_L003_R2_001.fastq.gz']	['s3://human-pangenomics/working/HPRC/HG02165/raw_data/PacBio_HiFi/deepconsensus/v1pt2/HG02165.m64076_220902_143723.dc.q20.fastq.gz','s3://human-pangenomics/working/HPRC/HG02165/raw_data/PacBio_HiFi/deepconsensus/v1pt2/HG02165.m64076_220904_113359.dc.q20.fastq.gz','s3://human-pangenomics/working/HPRC/HG02165/raw_data/PacBio_HiFi/deepconsensus/v1pt2/HG02165.m64076_220906_083112.dc.q20.fastq.gz','s3://human-pangenomics/working/HPRC/HG02165/raw_data/PacBio_HiFi/m84046_230617_040148_s2.hifi_reads.bc2054.bam']	['s3://human-pangenomics/working/HPRC/HG02165/raw_data/Illumina/child/HG02165.final.cram']	['s3://human-pangenomics/working/HPRC/HG02165/raw_data/nanopore/sup5.0.0_5mCG_5hmCG/11_12_24_R1041_UL_HPRC_HG02165_1_dorado0.9.1_sup5.0.0_5mCG_5hmCG.bam','s3://human-pangenomics/working/HPRC/HG02165/raw_data/nanopore/sup5.0.0_5mCG_5hmCG/11_12_24_R1041_UL_HPRC_HG02165_2_dorado0.9.1_sup5.0.0_5mCG_5hmCG.bam','s3://human-pangenomics/working/HPRC/HG02165/raw_data/nanopore/guppy_6/06_28_22_R941_HG02165_1_Guppy_6.5.7_450bps_modbases_5mc_cg_sup_prom_pass.bam','s3://human-pangenomics/working/HPRC/HG02165/raw_data/nanopore/guppy_6/06_28_22_R941_HG02165_2_Guppy_6.5.7_450bps_modbases_5mc_cg_sup_prom_pass.bam','s3://human-pangenomics/working/HPRC/HG02165/raw_data/nanopore/guppy_6/06_28_22_R941_HG02165_3_Guppy_6.5.7_450bps_modbases_5mc_cg_sup_prom_pass.bam']	[--unitig-abundance 8]
HG02178	['s3://human-pangenomics/working/HPRC/HG02178/raw_data/hic/HG02178-2_FC2_S10_L001_R1_001.fastq.gz','s3://human-pangenomics/working/HPRC/HG02178/raw_data/hic/HG02178-2_FC2_S10_L001_R2_001.fastq.gz','s3://human-pangenomics/working/HPRC/HG02178/raw_data/hic/HG02178-2_FC1_S10_L001_R1_001.fastq.gz','s3://human-pangenomics/working/HPRC/HG02178/raw_data/hic/HG02178-2_FC1_S10_L001_R2_001.fastq.gz','s3://human-pangenomics/working/HPRC/HG02178/raw_data/hic/HG02178-1_FC2_S9_L001_R1_001.fastq.gz','s3://human-pangenomics/working/HPRC/HG02178/raw_data/hic/HG02178-1_FC2_S9_L001_R2_001.fastq.gz','s3://human-pangenomics/working/HPRC/HG02178/raw_data/hic/HG02178-1_FC1_S9_L001_R1_001.fastq.gz','s3://human-pangenomics/working/HPRC/HG02178/raw_data/hic/HG02178-1_FC1_S9_L001_R2_001.fastq.gz']	['s3://human-pangenomics/working/HPRC/HG02178/raw_data/PacBio_HiFi/m84091_230710_180033_s3.hifi_reads.bc1008.bam','s3://human-pangenomics/working/HPRC/HG02178/raw_data/PacBio_HiFi/m84091_230629_191221_s4.hifi_reads.bc1008.bam','s3://human-pangenomics/working/HPRC/HG02178/raw_data/PacBio_HiFi/m84091_230705_181402_s3.hifi_reads.bc1008.bam']	['s3://human-pangenomics/working/HPRC/HG02178/raw_data/Illumina/child/HG02178.final.cram']	['s3://human-pangenomics/working/HPRC/HG02178/raw_data/nanopore/sup5.0.0_5mCG_5hmCG/12_12_23_R1041_HPRC_HG02178_1_dorado0.9.5_sup5.0.0_5mCG_5hmCG.bam','s3://human-pangenomics/working/HPRC/HG02178/raw_data/nanopore/sup5.0.0_5mCG_5hmCG/12_12_23_R1041_HPRC_HG02178_2_dorado0.9.5_sup5.0.0_5mCG_5hmCG.bam','s3://human-pangenomics/working/HPRC/HG02178/raw_data/nanopore/sup5.0.0_5mCG_5hmCG/12_12_23_R1041_HPRC_HG02178_3_dorado0.9.5_sup5.0.0_5mCG_5hmCG.bam']	[--unitig-abundance 8]
HG02257	['s3://human-pangenomics/working/HPRC/HG02257/raw_data/hic/NWM188b-1_S5_L001_R1_001.fastq.gz','s3://human-pangenomics/working/HPRC/HG02257/raw_data/hic/NWM188b-1_S5_L001_R2_001.fastq.gz','s3://human-pangenomics/working/HPRC/HG02257/raw_data/hic/NWM188b-1_S5_L003_R1_001.fastq.gz','s3://human-pangenomics/working/HPRC/HG02257/raw_data/hic/NWM188b-1_S5_L003_R2_001.fastq.gz','s3://human-pangenomics/working/HPRC/HG02257/raw_data/hic/NWM188b-1_S5_L002_R1_001.fastq.gz','s3://human-pangenomics/working/HPRC/HG02257/raw_data/hic/NWM188b-1_S5_L002_R2_001.fastq.gz','s3://human-pangenomics/working/HPRC/HG02257/raw_data/hic/NWM188b-2_S13_L001_R1_001.fastq.gz','s3://human-pangenomics/working/HPRC/HG02257/raw_data/hic/NWM188b-2_S13_L001_R2_001.fastq.gz','s3://human-pangenomics/working/HPRC/HG02257/raw_data/hic/NWM188b-1_S5_L004_R1_001.fastq.gz','s3://human-pangenomics/working/HPRC/HG02257/raw_data/hic/NWM188b-1_S5_L004_R2_001.fastq.gz','s3://human-pangenomics/working/HPRC/HG02257/raw_data/hic/NWM188b-2_S13_L003_R1_001.fastq.gz','s3://human-pangenomics/working/HPRC/HG02257/raw_data/hic/NWM188b-2_S13_L003_R2_001.fastq.gz','s3://human-pangenomics/working/HPRC/HG02257/raw_data/hic/NWM188b-2_S13_L002_R1_001.fastq.gz','s3://human-pangenomics/working/HPRC/HG02257/raw_data/hic/NWM188b-2_S13_L002_R2_001.fastq.gz','s3://human-pangenomics/working/HPRC/HG02257/raw_data/hic/NWM188b-2_S13_L004_R1_001.fastq.gz','s3://human-pangenomics/working/HPRC/HG02257/raw_data/hic/NWM188b-2_S13_L004_R2_001.fastq.gz']	['s3://human-pangenomics/working/HPRC/HG02257/raw_data/PacBio_HiFi/deepconsensus/v1pt2/HG02257.m64076_200125_231256.dc.q20.fastq.gz','s3://human-pangenomics/working/HPRC/HG02257/raw_data/PacBio_HiFi/deepconsensus/v1pt2/HG02257.m64076_200127_180545.dc.q20.fastq.gz','s3://human-pangenomics/working/HPRC/HG02257/raw_data/PacBio_HiFi/deepconsensus/v1pt2/HG02257.m64076_200129_001835.dc.q20.fastq.gz','s3://human-pangenomics/working/HPRC/HG02257/raw_data/PacBio_HiFi/deepconsensus/v1pt2/HG02257.m64076_200130_064345.dc.q20.fastq.gz','s3://human-pangenomics/working/HPRC/HG02257/raw_data/PacBio_HiFi/m84046_230628_182559_s4.hifi_reads.bc2064.bam']	['s3://human-pangenomics/working/HPRC/HG02257/raw_data/Illumina/child/HG02257.final.cram']	['s3://human-pangenomics/working/HPRC/HG02257/raw_data/nanopore/sup5.0.0_5mCG_5hmCG/08_26_24_R1041_UL_HPRC_HG02257_1_dorado1.0.0_sup5.0.0_5mCG_5hmCG.bam','s3://human-pangenomics/working/HPRC/HG02257/raw_data/nanopore/sup5.0.0_5mCG_5hmCG/08_26_24_R1041_UL_HPRC_HG02257_2_dorado1.0.0_sup5.0.0_5mCG_5hmCG.bam','s3://human-pangenomics/working/HPRC/HG02257/raw_data/nanopore/guppy_6/12_7_22_R941_HG02257_1_Guppy_6.5.7_450bps_modbases_5mc_cg_sup_prom_pass.bam','s3://human-pangenomics/working/HPRC/HG02257/raw_data/nanopore/guppy_6/12_7_22_R941_HG02257_2_Guppy_6.5.7_450bps_modbases_5mc_cg_sup_prom_pass.bam','s3://human-pangenomics/working/HPRC/HG02257/raw_data/nanopore/guppy_6/HG02257_1_Guppy_6.5.7_450bps_modbases_5mc_cg_sup_prom_pass.bam','s3://human-pangenomics/working/HPRC/HG02257/raw_data/nanopore/guppy_6/HG02257_3_Guppy_6.5.7_450bps_modbases_5mc_cg_sup_prom_pass.bam','s3://human-pangenomics/working/HPRC/HG02257/raw_data/nanopore/guppy_6/HG02257_5_Guppy_6.5.7_450bps_modbases_5mc_cg_sup_prom_pass.bam']	[--unitig-abundance 8]
HG02258	['s3://human-pangenomics/working/HPRC/HG02258/raw_data/hic/HG02258-2_S7_L003_R1_001.fastq.gz','s3://human-pangenomics/working/HPRC/HG02258/raw_data/hic/HG02258-2_S7_L003_R2_001.fastq.gz']	['s3://human-pangenomics/working/HPRC/HG02258/raw_data/PacBio_HiFi/deepconsensus/v1pt2/HG02258.m64043_211217_180919.dc.q20.fastq.gz','s3://human-pangenomics/working/HPRC/HG02258/raw_data/PacBio_HiFi/deepconsensus/v1pt2/HG02258.m64043_211219_050421.dc.q20.fastq.gz','s3://human-pangenomics/working/HPRC/HG02258/raw_data/PacBio_HiFi/deepconsensus/v1pt2/HG02258.m64043_211220_160211.dc.q20.fastq.gz','s3://human-pangenomics/working/HPRC/HG02258/raw_data/PacBio_HiFi/deepconsensus/v1pt2/HG02258.m64043_220114_181052.dc.q20.fastq.gz','s3://human-pangenomics/working/HPRC/HG02258/raw_data/PacBio_HiFi/m84081_230721_192906_s4.hifi_reads.bc1011.bam','s3://human-pangenomics/working/HPRC/HG02258/raw_data/PacBio_HiFi/m84081_230721_185800_s3.hifi_reads.bc1011.bam']	['s3://human-pangenomics/working/HPRC/HG02258/raw_data/Illumina/child/HG02258.final.cram']	['s3://human-pangenomics/working/HPRC/HG02258/raw_data/nanopore/sup5.0.0_5mCG_5hmCG/11_04_24_R1041_UL_HPRC_HG02258_1_dorado0.9.1_sup5.0.0_5mCG_5hmCG.bam','s3://human-pangenomics/working/HPRC/HG02258/raw_data/nanopore/sup5.0.0_5mCG_5hmCG/11_04_24_R1041_UL_HPRC_HG02258_2_dorado0.9.1_sup5.0.0_5mCG_5hmCG.bam','s3://human-pangenomics/working/HPRC/HG02258/raw_data/nanopore/sup5.0.0_5mCG_5hmCG/11_18_24_R1041_UL_HPRC_HG02258_1_dorado0.9.1_sup5.0.0_5mCG_5hmCG.bam','s3://human-pangenomics/working/HPRC/HG02258/raw_data/nanopore/guppy_6/02_08_22_R941_HG02258_1_Guppy_6.5.7_450bps_modbases_5mc_cg_sup_prom_pass.bam','s3://human-pangenomics/working/HPRC/HG02258/raw_data/nanopore/guppy_6/02_08_22_R941_HG02258_2_Guppy_6.5.7_450bps_modbases_5mc_cg_sup_prom_pass.bam','s3://human-pangenomics/working/HPRC/HG02258/raw_data/nanopore/guppy_6/02_08_22_R941_HG02258_3_Guppy_6.5.7_450bps_modbases_5mc_cg_sup_prom_pass.bam','s3://human-pangenomics/working/HPRC/HG02258/raw_data/nanopore/guppy_6/02_08_22_R941_HG02258_4_Guppy_6.5.7_450bps_modbases_5mc_cg_sup_prom_pass.bam']	[--unitig-abundance 8]
HG02273	['s3://human-pangenomics/working/HPRC/HG02273/raw_data/hic/HG02273-2_S19_L003_R1_001.fastq.gz','s3://human-pangenomics/working/HPRC/HG02273/raw_data/hic/HG02273-2_S19_L003_R2_001.fastq.gz','s3://human-pangenomics/working/HPRC/HG02273/raw_data/hic/HG02273-2_S19_L004_R1_001.fastq.gz','s3://human-pangenomics/working/HPRC/HG02273/raw_data/hic/HG02273-2_S19_L004_R2_001.fastq.gz','s3://human-pangenomics/working/HPRC/HG02273/raw_data/hic/HG02273-1_S17_L004_R1_001.fastq.gz','s3://human-pangenomics/working/HPRC/HG02273/raw_data/hic/HG02273-1_S17_L004_R2_001.fastq.gz','s3://human-pangenomics/working/HPRC/HG02273/raw_data/hic/HG02273-2_S19_L001_R1_001.fastq.gz','s3://human-pangenomics/working/HPRC/HG02273/raw_data/hic/HG02273-2_S19_L001_R2_001.fastq.gz','s3://human-pangenomics/working/HPRC/HG02273/raw_data/hic/HG02273-1_S17_L003_R1_001.fastq.gz','s3://human-pangenomics/working/HPRC/HG02273/raw_data/hic/HG02273-1_S17_L003_R2_001.fastq.gz','s3://human-pangenomics/working/HPRC/HG02273/raw_data/hic/HG02273-2_S19_L002_R1_001.fastq.gz','s3://human-pangenomics/working/HPRC/HG02273/raw_data/hic/HG02273-2_S19_L002_R2_001.fastq.gz','s3://human-pangenomics/working/HPRC/HG02273/raw_data/hic/HG02273-1_S17_L001_R1_001.fastq.gz','s3://human-pangenomics/working/HPRC/HG02273/raw_data/hic/HG02273-1_S17_L001_R2_001.fastq.gz','s3://human-pangenomics/working/HPRC/HG02273/raw_data/hic/HG02273-1_S17_L002_R1_001.fastq.gz','s3://human-pangenomics/working/HPRC/HG02273/raw_data/hic/HG02273-1_S17_L002_R2_001.fastq.gz','s3://human-pangenomics/working/HPRC/HG02273/raw_data/hic/HG02273-1_S17i_L004_R1_001.fastq.gz','s3://human-pangenomics/working/HPRC/HG02273/raw_data/hic/HG02273-1_S17i_L004_R2_001.fastq.gz','s3://human-pangenomics/working/HPRC/HG02273/raw_data/hic/HG02273-2_S19i_L004_R1_001.fastq.gz','s3://human-pangenomics/working/HPRC/HG02273/raw_data/hic/HG02273-2_S19i_L004_R2_001.fastq.gz','s3://human-pangenomics/working/HPRC/HG02273/raw_data/hic/HG02273-1_S17i_L003_R1_001.fastq.gz','s3://human-pangenomics/working/HPRC/HG02273/raw_data/hic/HG02273-1_S17i_L003_R2_001.fastq.gz','s3://human-pangenomics/working/HPRC/HG02273/raw_data/hic/HG02273-1_S17i_L001_R1_001.fastq.gz','s3://human-pangenomics/working/HPRC/HG02273/raw_data/hic/HG02273-1_S17i_L001_R2_001.fastq.gz','s3://human-pangenomics/working/HPRC/HG02273/raw_data/hic/HG02273-2_S19i_L003_R1_001.fastq.gz','s3://human-pangenomics/working/HPRC/HG02273/raw_data/hic/HG02273-2_S19i_L003_R2_001.fastq.gz','s3://human-pangenomics/working/HPRC/HG02273/raw_data/hic/HG02273-1_S17i_L002_R1_001.fastq.gz','s3://human-pangenomics/working/HPRC/HG02273/raw_data/hic/HG02273-1_S17i_L002_R2_001.fastq.gz','s3://human-pangenomics/working/HPRC/HG02273/raw_data/hic/HG02273-2_S19i_L001_R1_001.fastq.gz','s3://human-pangenomics/working/HPRC/HG02273/raw_data/hic/HG02273-2_S19i_L001_R2_001.fastq.gz','s3://human-pangenomics/working/HPRC/HG02273/raw_data/hic/HG02273-2_S19i_L002_R1_001.fastq.gz','s3://human-pangenomics/working/HPRC/HG02273/raw_data/hic/HG02273-2_S19i_L002_R2_001.fastq.gz']	['s3://human-pangenomics/working/HPRC/HG02273/raw_data/PacBio_HiFi/deepconsensus/v1pt2/HG02273.m64043_220429_171542.dc.q20.fastq.gz','s3://human-pangenomics/working/HPRC/HG02273/raw_data/PacBio_HiFi/deepconsensus/v1pt2/HG02273.m64043_220501_041051.dc.q20.fastq.gz','s3://human-pangenomics/working/HPRC/HG02273/raw_data/PacBio_HiFi/deepconsensus/v1pt2/HG02273.m64043_220503_153752.dc.q20.fastq.gz','s3://human-pangenomics/working/HPRC/HG02273/raw_data/PacBio_HiFi/m84081_230630_193909_s2.hifi_reads.bc1002.bam','s3://human-pangenomics/working/HPRC/HG02273/raw_data/PacBio_HiFi/m84081_230630_190803_s1.hifi_reads.bc1002.bam']	['s3://human-pangenomics/working/HPRC/HG02273/raw_data/Illumina/child/HG02273.final.cram']	['s3://human-pangenomics/working/HPRC/HG02273/raw_data/nanopore/sup5.0.0_5mCG_5hmCG/11_18_24_R1041_UL_HPRC_HG02273_1_dorado0.9.1_sup5.0.0_5mCG_5hmCG.bam','s3://human-pangenomics/working/HPRC/HG02273/raw_data/nanopore/sup5.0.0_5mCG_5hmCG/11_18_24_R1041_UL_HPRC_HG02273_2_dorado0.9.1_sup5.0.0_5mCG_5hmCG.bam','s3://human-pangenomics/working/HPRC/HG02273/raw_data/nanopore/guppy_6/04_12_22_R941_HG02273_1_Guppy_6.5.7_450bps_modbases_5mc_cg_sup_prom_pass.bam','s3://human-pangenomics/working/HPRC/HG02273/raw_data/nanopore/guppy_6/04_12_22_R941_HG02273_2_Guppy_6.5.7_450bps_modbases_5mc_cg_sup_prom_pass.bam','s3://human-pangenomics/working/HPRC/HG02273/raw_data/nanopore/guppy_6/04_12_22_R941_HG02273_3_Guppy_6.5.7_450bps_modbases_5mc_cg_sup_prom_pass.bam']	[--unitig-abundance 8]
HG02280	['s3://human-pangenomics/working/HPRC/HG02280/raw_data/hic/HG02280-46c-2_S14_L004_R1_001.fastq.gz','s3://human-pangenomics/working/HPRC/HG02280/raw_data/hic/HG02280-46c-2_S14_L004_R2_001.fastq.gz','s3://human-pangenomics/working/HPRC/HG02280/raw_data/hic/HG02280-46c-2_S14_L002_R1_001.fastq.gz','s3://human-pangenomics/working/HPRC/HG02280/raw_data/hic/HG02280-46c-2_S14_L002_R2_001.fastq.gz','s3://human-pangenomics/working/HPRC/HG02280/raw_data/hic/HG02280-46c-2_S14_L003_R1_001.fastq.gz','s3://human-pangenomics/working/HPRC/HG02280/raw_data/hic/HG02280-46c-2_S14_L003_R2_001.fastq.gz','s3://human-pangenomics/working/HPRC/HG02280/raw_data/hic/HG02280-46c-2_S14_L001_R1_001.fastq.gz','s3://human-pangenomics/working/HPRC/HG02280/raw_data/hic/HG02280-46c-2_S14_L001_R2_001.fastq.gz','s3://human-pangenomics/working/HPRC/HG02280/raw_data/hic/HG02280-46c-1_S13_L004_R1_001.fastq.gz','s3://human-pangenomics/working/HPRC/HG02280/raw_data/hic/HG02280-46c-1_S13_L004_R2_001.fastq.gz','s3://human-pangenomics/working/HPRC/HG02280/raw_data/hic/HG02280-46c-1_S13_L002_R1_001.fastq.gz','s3://human-pangenomics/working/HPRC/HG02280/raw_data/hic/HG02280-46c-1_S13_L002_R2_001.fastq.gz','s3://human-pangenomics/working/HPRC/HG02280/raw_data/hic/HG02280-46c-1_S13_L003_R1_001.fastq.gz','s3://human-pangenomics/working/HPRC/HG02280/raw_data/hic/HG02280-46c-1_S13_L003_R2_001.fastq.gz','s3://human-pangenomics/working/HPRC/HG02280/raw_data/hic/HG02280-46c-1_S13_L001_R1_001.fastq.gz','s3://human-pangenomics/working/HPRC/HG02280/raw_data/hic/HG02280-46c-1_S13_L001_R2_001.fastq.gz']	['s3://human-pangenomics/working/HPRC/HG02280/raw_data/PacBio_HiFi/deepconsensus/v1pt2/HG02280.m64136_210716_230343.dc.q20.fastq.gz','s3://human-pangenomics/working/HPRC/HG02280/raw_data/PacBio_HiFi/deepconsensus/v1pt2/HG02280.m64136_210718_091611.dc.q20.fastq.gz','s3://human-pangenomics/working/HPRC/HG02280/raw_data/PacBio_HiFi/deepconsensus/v1pt2/HG02280.m64136_210719_201505.dc.q20.fastq.gz','s3://human-pangenomics/working/HPRC/HG02280/raw_data/PacBio_HiFi/m84081_231119_032407_s4.hifi_reads.bc2087.bam','s3://human-pangenomics/working/HPRC/HG02280/raw_data/PacBio_HiFi/m84081_231117_211338_s4.hifi_reads.bc2087.bam']	['s3://human-pangenomics/working/HPRC/HG02280/raw_data/Illumina/child/HG02280.final.cram']	['s3://human-pangenomics/working/HPRC/HG02280/raw_data/nanopore/sup5.0.0_5mCG_5hmCG/11_04_24_R1041_UL_HPRC_HG02280_1_dorado0.9.0_sup5.0.0_5mCG_5hmCG.bam','s3://human-pangenomics/working/HPRC/HG02280/raw_data/nanopore/sup5.0.0_5mCG_5hmCG/11_04_24_R1041_UL_HPRC_HG02280_2_dorado0.9.5_sup5.0.0_5mCG_5hmCG.bam','s3://human-pangenomics/working/HPRC/HG02280/raw_data/nanopore/guppy_6/08_17_21_R941_HG02280_1_Guppy_6.4.6_450bps_modbases_5mc_cg_sup_prom_pass.bam','s3://human-pangenomics/working/HPRC/HG02280/raw_data/nanopore/guppy_6/08_17_21_R941_HG02280_2_Guppy_6.4.6_450bps_modbases_5mc_cg_sup_prom_pass.bam','s3://human-pangenomics/working/HPRC/HG02280/raw_data/nanopore/guppy_6/08_17_21_R941_HG02280_3_Guppy_6.4.6_450bps_modbases_5mc_cg_sup_prom_pass.bam']	[--unitig-abundance 8]
HG02293	['s3://human-pangenomics/working/HPRC/HG02293/raw_data/hic/HG02293-54d-2_S8_L004_R1_001.fastq.gz','s3://human-pangenomics/working/HPRC/HG02293/raw_data/hic/HG02293-54d-2_S8_L004_R2_001.fastq.gz','s3://human-pangenomics/working/HPRC/HG02293/raw_data/hic/HG02293-54d-2_S8_L003_R1_001.fastq.gz','s3://human-pangenomics/working/HPRC/HG02293/raw_data/hic/HG02293-54d-2_S8_L003_R2_001.fastq.gz','s3://human-pangenomics/working/HPRC/HG02293/raw_data/hic/HG02293-54d-2_S8_L001_R1_001.fastq.gz','s3://human-pangenomics/working/HPRC/HG02293/raw_data/hic/HG02293-54d-2_S8_L001_R2_001.fastq.gz','s3://human-pangenomics/working/HPRC/HG02293/raw_data/hic/HG02293-54d-2_S8_L002_R1_001.fastq.gz','s3://human-pangenomics/working/HPRC/HG02293/raw_data/hic/HG02293-54d-2_S8_L002_R2_001.fastq.gz','s3://human-pangenomics/working/HPRC/HG02293/raw_data/hic/HG02293-54d-1_S7_L004_R1_001.fastq.gz','s3://human-pangenomics/working/HPRC/HG02293/raw_data/hic/HG02293-54d-1_S7_L004_R2_001.fastq.gz','s3://human-pangenomics/working/HPRC/HG02293/raw_data/hic/HG02293-54d-1_S7_L003_R1_001.fastq.gz','s3://human-pangenomics/working/HPRC/HG02293/raw_data/hic/HG02293-54d-1_S7_L003_R2_001.fastq.gz','s3://human-pangenomics/working/HPRC/HG02293/raw_data/hic/HG02293-54d-1_S7_L001_R1_001.fastq.gz','s3://human-pangenomics/working/HPRC/HG02293/raw_data/hic/HG02293-54d-1_S7_L001_R2_001.fastq.gz','s3://human-pangenomics/working/HPRC/HG02293/raw_data/hic/HG02293-54d-1_S7_L002_R1_001.fastq.gz','s3://human-pangenomics/working/HPRC/HG02293/raw_data/hic/HG02293-54d-1_S7_L002_R2_001.fastq.gz']	['s3://human-pangenomics/working/HPRC/HG02293/raw_data/PacBio_HiFi/deepconsensus/v1pt2/HG02293.m54329U_210719_222842.dc.q20.fastq.gz','s3://human-pangenomics/working/HPRC/HG02293/raw_data/PacBio_HiFi/deepconsensus/v1pt2/HG02293.m54329U_210721_092510.dc.q20.fastq.gz','s3://human-pangenomics/working/HPRC/HG02293/raw_data/PacBio_HiFi/deepconsensus/v1pt2/HG02293.m64076_210716_220011.dc.q20.fastq.gz','s3://human-pangenomics/working/HPRC/HG02293/raw_data/PacBio_HiFi/m84046_230724_203319_s4.hifi_reads.default.bam','s3://human-pangenomics/working/HPRC/HG02293/raw_data/PacBio_HiFi/m84046_230718_233949_s3.hifi_reads.default.bam','s3://human-pangenomics/working/HPRC/HG02293/raw_data/PacBio_HiFi/m84046_230707_205716_s4.default--default.bam']	['s3://human-pangenomics/working/HPRC/HG02293/raw_data/Illumina/child/HG02293.final.cram']	['s3://human-pangenomics/working/HPRC/HG02293/raw_data/nanopore/sup5.0.0_5mCG_5hmCG/12_09_24_R1041_UL_HPRC_HG02293_1_dorado0.9.5_sup5.0.0_5mCG_5hmCG.bam','s3://human-pangenomics/working/HPRC/HG02293/raw_data/nanopore/sup5.0.0_5mCG_5hmCG/12_16_24_R1041_UL_HPRC_HG02293_1_dorado0.9.5_sup5.0.0_5mCG_5hmCG.bam','s3://human-pangenomics/working/HPRC/HG02293/raw_data/nanopore/guppy_6/08_17_21_R941_HG02293_1_Guppy_6.4.6_450bps_modbases_5mc_cg_sup_prom_pass.bam','s3://human-pangenomics/working/HPRC/HG02293/raw_data/nanopore/guppy_6/08_17_21_R941_HG02293_2_Guppy_6.4.6_450bps_modbases_5mc_cg_sup_prom_pass.bam','s3://human-pangenomics/working/HPRC/HG02293/raw_data/nanopore/guppy_6/08_17_21_R941_HG02293_3_Guppy_6.4.6_450bps_modbases_5mc_cg_sup_prom_pass.bam']	[--unitig-abundance 8]
HG02300	['s3://human-pangenomics/working/HPRC/HG02300/raw_data/hic/HG02300-42a-1_S21_L002_R1_001.fastq.gz','s3://human-pangenomics/working/HPRC/HG02300/raw_data/hic/HG02300-42a-1_S21_L002_R2_001.fastq.gz','s3://human-pangenomics/working/HPRC/HG02300/raw_data/hic/HG02300-42a-1_S21_L003_R1_001.fastq.gz','s3://human-pangenomics/working/HPRC/HG02300/raw_data/hic/HG02300-42a-1_S21_L003_R2_001.fastq.gz','s3://human-pangenomics/working/HPRC/HG02300/raw_data/hic/HG02300-42a-1_S21_L004_R1_001.fastq.gz','s3://human-pangenomics/working/HPRC/HG02300/raw_data/hic/HG02300-42a-1_S21_L004_R2_001.fastq.gz','s3://human-pangenomics/working/HPRC/HG02300/raw_data/hic/HG02300-42a-1_S21_L001_R1_001.fastq.gz','s3://human-pangenomics/working/HPRC/HG02300/raw_data/hic/HG02300-42a-1_S21_L001_R2_001.fastq.gz','s3://human-pangenomics/working/HPRC/HG02300/raw_data/hic/HG02300-42a-2_S22_L002_R1_001.fastq.gz','s3://human-pangenomics/working/HPRC/HG02300/raw_data/hic/HG02300-42a-2_S22_L002_R2_001.fastq.gz','s3://human-pangenomics/working/HPRC/HG02300/raw_data/hic/HG02300-42a-2_S22_L003_R1_001.fastq.gz','s3://human-pangenomics/working/HPRC/HG02300/raw_data/hic/HG02300-42a-2_S22_L003_R2_001.fastq.gz','s3://human-pangenomics/working/HPRC/HG02300/raw_data/hic/HG02300-42a-2_S22_L004_R1_001.fastq.gz','s3://human-pangenomics/working/HPRC/HG02300/raw_data/hic/HG02300-42a-2_S22_L004_R2_001.fastq.gz','s3://human-pangenomics/working/HPRC/HG02300/raw_data/hic/HG02300-42a-2_S22_L001_R1_001.fastq.gz','s3://human-pangenomics/working/HPRC/HG02300/raw_data/hic/HG02300-42a-2_S22_L001_R2_001.fastq.gz']	['s3://human-pangenomics/working/HPRC/HG02300/raw_data/PacBio_HiFi/deepconsensus/v1pt2/HG02300.m54329U_210702_182525.dc.q20.fastq.gz','s3://human-pangenomics/working/HPRC/HG02300/raw_data/PacBio_HiFi/deepconsensus/v1pt2/HG02300.m54329U_210710_123004.dc.q20.fastq.gz','s3://human-pangenomics/working/HPRC/HG02300/raw_data/PacBio_HiFi/deepconsensus/v1pt2/HG02300.m54329U_210711_215946.dc.q20.fastq.gz','s3://human-pangenomics/working/HPRC/HG02300/raw_data/PacBio_HiFi/m84046_230628_210130_s1.default--default.bam','s3://human-pangenomics/working/HPRC/HG02300/raw_data/PacBio_HiFi/m84046_230617_040148_s2.hifi_reads.default.bam','s3://human-pangenomics/working/HPRC/HG02300/raw_data/PacBio_HiFi/m84046_230519_231055_s2.hifi_reads.default.bam']	['s3://human-pangenomics/working/HPRC/HG02300/raw_data/Illumina/child/HG02300.final.cram']	['s3://human-pangenomics/working/HPRC/HG02300/raw_data/nanopore/sup5.0.0_5mCG_5hmCG/12_02_24_R1041_UL_HPRC_HG02300_1_dorado0.9.0_sup5.0.0_5mCG_5hmCG.bam','s3://human-pangenomics/working/HPRC/HG02300/raw_data/nanopore/sup5.0.0_5mCG_5hmCG/12_02_24_R1041_UL_HPRC_HG02300_2_dorado0.9.0_sup5.0.0_5mCG_5hmCG.bam','s3://human-pangenomics/working/HPRC/HG02300/raw_data/nanopore/guppy_6/08_17_21_R941_HG02300_1_Guppy_6.4.6_450bps_modbases_5mc_cg_sup_prom_pass.bam','s3://human-pangenomics/working/HPRC/HG02300/raw_data/nanopore/guppy_6/08_17_21_R941_HG02300_2_Guppy_6.4.6_450bps_modbases_5mc_cg_sup_prom_pass.bam','s3://human-pangenomics/working/HPRC/HG02300/raw_data/nanopore/guppy_6/08_17_21_R941_HG02300_3_Guppy_6.4.6_450bps_modbases_5mc_cg_sup_prom_pass.bam']	[--unitig-abundance 8]
HG02337	['s3://human-pangenomics/working/HPRC/HG02337/raw_data/hic/HG02337-1_FC2_S17_L002_R1_001.fastq.gz','s3://human-pangenomics/working/HPRC/HG02337/raw_data/hic/HG02337-1_FC1_S17_L002_R2_001.fastq.gz','s3://human-pangenomics/working/HPRC/HG02337/raw_data/hic/HG02337-1_FC2_S17_L002_R2_001.fastq.gz','s3://human-pangenomics/working/HPRC/HG02337/raw_data/hic/HG02337-2_FC1_S18_L002_R2_001.fastq.gz','s3://human-pangenomics/working/HPRC/HG02337/raw_data/hic/HG02337-1_FC1_S17_L002_R1_001.fastq.gz','s3://human-pangenomics/working/HPRC/HG02337/raw_data/hic/HG02337-2_FC1_S18_L002_R1_001.fastq.gz','s3://human-pangenomics/working/HPRC/HG02337/raw_data/hic/HG02337-2_FC2_S18_L002_R2_001.fastq.gz','s3://human-pangenomics/working/HPRC/HG02337/raw_data/hic/HG02337-2_FC2_S18_L002_R1_001.fastq.gz']	['s3://human-pangenomics/working/HPRC/HG02337/raw_data/PacBio_HiFi/m84081_240421_084514_s3.hifi_reads.bc2053.bam','s3://human-pangenomics/working/HPRC/HG02337/raw_data/PacBio_HiFi/m84081_240421_104442_s4.hifi_reads.bc2053.bam']	['s3://human-pangenomics/working/HPRC/HG02337/raw_data/Illumina/child/HG02337.final.fq.gz']	['s3://human-pangenomics/working/HPRC/HG02337/raw_data/nanopore/sup5.0.0_5mCG_5hmCG/10_07_24_R1041_UL_HPRC_HG02337_1_dorado0.9.1_sup5.0.0_5mCG_5hmCG.bam','s3://human-pangenomics/working/HPRC/HG02337/raw_data/nanopore/sup5.0.0_5mCG_5hmCG/10_07_24_R1041_UL_HPRC_HG02337_2_dorado0.9.1_sup5.0.0_5mCG_5hmCG.bam','s3://human-pangenomics/working/HPRC/HG02337/raw_data/nanopore/sup5.0.0_5mCG_5hmCG/12_09_24_R1041_UL_HPRC_HG02337_1_dorado1.1.1_sup5.0.0_5mCG_5hmCG.bam']	[--unitig-abundance 8]
HG02364	['s3://human-pangenomics/working/HPRC/HG02364/raw_data/hic/HG02364-1_FC1_S49_L004_R1_001.fastq.gz','s3://human-pangenomics/working/HPRC/HG02364/raw_data/hic/HG02364-1_FC1_S49_L004_R2_001.fastq.gz','s3://human-pangenomics/working/HPRC/HG02364/raw_data/hic/HG02364-1_FC2_S49_L004_R1_001.fastq.gz','s3://human-pangenomics/working/HPRC/HG02364/raw_data/hic/HG02364-1_FC2_S49_L004_R2_001.fastq.gz','s3://human-pangenomics/working/HPRC/HG02364/raw_data/hic/HG02364-2_FC1_S50_L004_R1_001.fastq.gz','s3://human-pangenomics/working/HPRC/HG02364/raw_data/hic/HG02364-2_FC1_S50_L004_R2_001.fastq.gz','s3://human-pangenomics/working/HPRC/HG02364/raw_data/hic/HG02364-2_FC2_S50_L004_R1_001.fastq.gz','s3://human-pangenomics/working/HPRC/HG02364/raw_data/hic/HG02364-2_FC2_S50_L004_R2_001.fastq.gz']	['s3://human-pangenomics/working/HPRC/HG02364/raw_data/PacBio_HiFi/m84046_240206_003032_s3.hifi_reads.bc2001.bam','s3://human-pangenomics/working/HPRC/HG02364/raw_data/PacBio_HiFi/m84046_240201_142515_s3.hifi_reads.bc2001.bam','s3://human-pangenomics/working/HPRC/HG02364/raw_data/PacBio_HiFi/m84046_240129_224143_s2.hifi_reads.bc2001.bam','s3://human-pangenomics/working/HPRC/HG02364/raw_data/PacBio_HiFi/m84046_240130_004103_s3.hifi_reads.bc2001.bam']	['s3://human-pangenomics/working/HPRC/HG02364/raw_data/Illumina/child/HG02364.final.fq.gz']	['s3://human-pangenomics/working/HPRC/HG02364/raw_data/nanopore/sup5.0.0_5mCG_5hmCG/10_07_24_R1041_UL_HPRC_HG02364_1_dorado0.9.1_sup5.0.0_5mCG_5hmCG.bam','s3://human-pangenomics/working/HPRC/HG02364/raw_data/nanopore/sup5.0.0_5mCG_5hmCG/10_07_24_R1041_UL_HPRC_HG02364_2_dorado0.9.1_sup5.0.0_5mCG_5hmCG.bam','s3://human-pangenomics/working/HPRC/HG02364/raw_data/nanopore/sup5.0.0_5mCG_5hmCG/12_09_24_R1041_UL_HPRC_HG02364_1_dorado1.1.1_sup5.0.0_5mCG_5hmCG.bam']	[--unitig-abundance 8]
HG02373	['s3://human-pangenomics/working/HPRC/HG02373/raw_data/hic/HG02373-1_FC1_S15_L002_R2_001.fastq.gz','s3://human-pangenomics/working/HPRC/HG02373/raw_data/hic/HG02373-1_FC1_S15_L002_R1_001.fastq.gz','s3://human-pangenomics/working/HPRC/HG02373/raw_data/hic/HG02373-1_FC2_S15_L002_R2_001.fastq.gz','s3://human-pangenomics/working/HPRC/HG02373/raw_data/hic/HG02373-1_FC2_S15_L002_R1_001.fastq.gz','s3://human-pangenomics/working/HPRC/HG02373/raw_data/hic/HG02373-2_FC1_S16_L002_R1_001.fastq.gz','s3://human-pangenomics/working/HPRC/HG02373/raw_data/hic/HG02373-2_FC2_S16_L002_R2_001.fastq.gz','s3://human-pangenomics/working/HPRC/HG02373/raw_data/hic/HG02373-2_FC1_S16_L002_R2_001.fastq.gz','s3://human-pangenomics/working/HPRC/HG02373/raw_data/hic/HG02373-2_FC2_S16_L002_R1_001.fastq.gz']	['s3://human-pangenomics/working/HPRC/HG02373/raw_data/PacBio_HiFi/m84046_240617_225739_s3.hifi_reads.bc2003.bam','s3://human-pangenomics/working/HPRC/HG02373/raw_data/PacBio_HiFi/m84046_240608_005036_s1.hifi_reads.bc2003.bam','s3://human-pangenomics/working/HPRC/HG02373/raw_data/PacBio_HiFi/m84046_240606_010120_s2.hifi_reads.bc2003.bam','s3://human-pangenomics/working/HPRC/HG02373/raw_data/PacBio_HiFi/m84046_240610_201454_s3.hifi_reads.bc2003.bam','s3://human-pangenomics/working/HPRC/HG02373/raw_data/PacBio_HiFi/m84046_240614_204841_s3.hifi_reads.bc2003.bam']	['s3://human-pangenomics/working/HPRC/HG02373/raw_data/Illumina/child/HG02373.final.fq.gz']	['s3://human-pangenomics/working/HPRC/HG02373/raw_data/nanopore/sup5.0.0_5mCG_5hmCG/10_07_24_R1041_UL_HPRC_HG02373_1_dorado0.9.1_sup5.0.0_5mCG_5hmCG.bam','s3://human-pangenomics/working/HPRC/HG02373/raw_data/nanopore/sup5.0.0_5mCG_5hmCG/10_07_24_R1041_UL_HPRC_HG02373_2_dorado0.9.1_sup5.0.0_5mCG_5hmCG.bam','s3://human-pangenomics/working/HPRC/HG02373/raw_data/nanopore/sup5.0.0_5mCG_5hmCG/10_07_24_R1041_UL_HPRC_HG02373_3_dorado0.9.1_sup5.0.0_5mCG_5hmCG.bam','s3://human-pangenomics/working/HPRC/HG02373/raw_data/nanopore/sup5.0.0_5mCG_5hmCG/12_09_24_R1041_UL_HPRC_HG02373_1_dorado1.1.1_sup5.0.0_5mCG_5hmCG.bam']	[--unitig-abundance 8]
HG02391	['s3://human-pangenomics/working/HPRC/HG02391/raw_data/hic/HG02391-1_S5_L001_R1_001.fastq.gz','s3://human-pangenomics/working/HPRC/HG02391/raw_data/hic/HG02391-1_S5_L001_R2_001.fastq.gz','s3://human-pangenomics/working/HPRC/HG02391/raw_data/hic/HG02391-1_S5_L004_R1_001.fastq.gz','s3://human-pangenomics/working/HPRC/HG02391/raw_data/hic/HG02391-1_S5_L004_R2_001.fastq.gz','s3://human-pangenomics/working/HPRC/HG02391/raw_data/hic/HG02391-1_S5_L002_R1_001.fastq.gz','s3://human-pangenomics/working/HPRC/HG02391/raw_data/hic/HG02391-1_S5_L002_R2_001.fastq.gz','s3://human-pangenomics/working/HPRC/HG02391/raw_data/hic/HG02391-1_S5_L003_R1_001.fastq.gz','s3://human-pangenomics/working/HPRC/HG02391/raw_data/hic/HG02391-1_S5_L003_R2_001.fastq.gz','s3://human-pangenomics/working/HPRC/HG02391/raw_data/hic/HG02391-2_S13_L001_R1_001.fastq.gz','s3://human-pangenomics/working/HPRC/HG02391/raw_data/hic/HG02391-2_S13_L001_R2_001.fastq.gz','s3://human-pangenomics/working/HPRC/HG02391/raw_data/hic/HG02391-2_S13_L004_R1_001.fastq.gz','s3://human-pangenomics/working/HPRC/HG02391/raw_data/hic/HG02391-2_S13_L004_R2_001.fastq.gz','s3://human-pangenomics/working/HPRC/HG02391/raw_data/hic/HG02391-2_S13_L002_R1_001.fastq.gz','s3://human-pangenomics/working/HPRC/HG02391/raw_data/hic/HG02391-2_S13_L002_R2_001.fastq.gz','s3://human-pangenomics/working/HPRC/HG02391/raw_data/hic/HG02391-2_S13_L003_R1_001.fastq.gz','s3://human-pangenomics/working/HPRC/HG02391/raw_data/hic/HG02391-2_S13_L003_R2_001.fastq.gz']	['s3://human-pangenomics/working/HPRC/HG02391/raw_data/PacBio_HiFi/deepconsensus/v1pt2/HG02391.m54306Ue_220821_023435.dc.q20.fastq.gz','s3://human-pangenomics/working/HPRC/HG02391/raw_data/PacBio_HiFi/deepconsensus/v1pt2/HG02391.m64055e_220821_033925.dc.q20.fastq.gz','s3://human-pangenomics/working/HPRC/HG02391/raw_data/PacBio_HiFi/deepconsensus/v1pt2/HG02391.m64330e_220805_094849.dc.q20.fastq.gz','s3://human-pangenomics/working/HPRC/HG02391/raw_data/PacBio_HiFi/m84091_231120_185935_s2.hifi_reads.bc1010.bam']	['s3://human-pangenomics/working/HPRC/HG02391/raw_data/Illumina/child/HG02391.final.cram']	['s3://human-pangenomics/working/HPRC/HG02391/raw_data/nanopore/sup5.0.0_5mCG_5hmCG/11_18_24_R1041_UL_HPRC_HG02391_1_dorado0.9.1_sup5.0.0_5mCG_5hmCG.bam','s3://human-pangenomics/working/HPRC/HG02391/raw_data/nanopore/sup5.0.0_5mCG_5hmCG/11_18_24_R1041_UL_HPRC_HG02391_2_dorado0.9.1_sup5.0.0_5mCG_5hmCG.bam','s3://human-pangenomics/working/HPRC/HG02391/raw_data/nanopore/guppy_6/08_10_22_R941_HG02391_1_Guppy_6.5.7_450bps_modbases_5mc_cg_sup_prom_pass.bam','s3://human-pangenomics/working/HPRC/HG02391/raw_data/nanopore/guppy_6/08_10_22_R941_HG02391_2_Guppy_6.5.7_450bps_modbases_5mc_cg_sup_prom_pass.bam','s3://human-pangenomics/working/HPRC/HG02391/raw_data/nanopore/guppy_6/08_10_22_R941_HG02391_3_Guppy_6.5.7_450bps_modbases_5mc_cg_sup_prom_pass.bam','s3://human-pangenomics/working/HPRC/HG02391/raw_data/nanopore/guppy_6/08_10_22_R941_HG02391_4_Guppy_6.5.7_450bps_modbases_5mc_cg_sup_prom_pass.bam']	[--unitig-abundance 8]
HG02392	['s3://human-pangenomics/working/HPRC/HG02392/raw_data/hic/HG02392-2_FC2_S6_L001_R1_001.fastq.gz','s3://human-pangenomics/working/HPRC/HG02392/raw_data/hic/HG02392-2_FC2_S6_L001_R2_001.fastq.gz','s3://human-pangenomics/working/HPRC/HG02392/raw_data/hic/HG02392-2_FC1_S6_L001_R1_001.fastq.gz','s3://human-pangenomics/working/HPRC/HG02392/raw_data/hic/HG02392-2_FC1_S6_L001_R2_001.fastq.gz','s3://human-pangenomics/working/HPRC/HG02392/raw_data/hic/HG02392-1_FC2_S5_L001_R1_001.fastq.gz','s3://human-pangenomics/working/HPRC/HG02392/raw_data/hic/HG02392-1_FC2_S5_L001_R2_001.fastq.gz','s3://human-pangenomics/working/HPRC/HG02392/raw_data/hic/HG02392-1_FC1_S5_L001_R1_001.fastq.gz','s3://human-pangenomics/working/HPRC/HG02392/raw_data/hic/HG02392-1_FC1_S5_L001_R2_001.fastq.gz']	['s3://human-pangenomics/working/HPRC/HG02392/raw_data/PacBio_HiFi/m84091_230727_143029_s4.hifi_reads.bc1002.bam','s3://human-pangenomics/working/HPRC/HG02392/raw_data/PacBio_HiFi/m84091_230817_153352_s4.hifi_reads.bc1002.bam','s3://human-pangenomics/working/HPRC/HG02392/raw_data/PacBio_HiFi/m84091_230710_180033_s3.hifi_reads.bc1002.bam','s3://human-pangenomics/working/HPRC/HG02392/raw_data/PacBio_HiFi/m84091_230705_171239_s1.hifi_reads.bc1002.bam','s3://human-pangenomics/working/HPRC/HG02392/raw_data/PacBio_HiFi/m84091_230629_181009_s2.hifi_reads.bc1002.bam']	['s3://human-pangenomics/working/HPRC/HG02392/raw_data/Illumina/child/HG02392.final.cram']	['s3://human-pangenomics/working/HPRC/HG02392/raw_data/nanopore/sup5.0.0_5mCG_5hmCG/10_31_23_R1041_HPRC_HG02392_1_dorado0.9.5_sup5.0.0_5mCG_5hmCG.bam','s3://human-pangenomics/working/HPRC/HG02392/raw_data/nanopore/sup5.0.0_5mCG_5hmCG/10_31_23_R1041_HPRC_HG02392_2_dorado0.9.5_sup5.0.0_5mCG_5hmCG.bam','s3://human-pangenomics/working/HPRC/HG02392/raw_data/nanopore/sup5.0.0_5mCG_5hmCG/10_31_23_R1041_HPRC_HG02392_3_dorado0.9.5_sup5.0.0_5mCG_5hmCG.bam']	[--unitig-abundance 8]
HG02451	['s3://human-pangenomics/working/HPRC/HG02451/raw_data/hic/HG02451-2_S8_L004_R1_001.fastq.gz','s3://human-pangenomics/working/HPRC/HG02451/raw_data/hic/HG02451-2_S8_L004_R2_001.fastq.gz','s3://human-pangenomics/working/HPRC/HG02451/raw_data/hic/HG02451-1_S2_L004_R1_001.fastq.gz','s3://human-pangenomics/working/HPRC/HG02451/raw_data/hic/HG02451-1_S2_L004_R2_001.fastq.gz']	['s3://human-pangenomics/working/HPRC/HG02451/raw_data/PacBio_HiFi/deepconsensus/v1pt2/HG02451.m64076_211109_232223.dc.q20.fastq.gz','s3://human-pangenomics/working/HPRC/HG02451/raw_data/PacBio_HiFi/deepconsensus/v1pt2/HG02451.m64076_211208_005550.dc.q20.fastq.gz','s3://human-pangenomics/working/HPRC/HG02451/raw_data/PacBio_HiFi/deepconsensus/v1pt2/HG02451.m64076_211211_014755.dc.q20.fastq.gz','s3://human-pangenomics/working/HPRC/HG02451/raw_data/PacBio_HiFi/deepconsensus/v1pt2/HG02451.m64076_211212_112351.dc.q20.fastq.gz','s3://human-pangenomics/working/HPRC/HG02451/raw_data/PacBio_HiFi/m84046_230720_185410_s2.hifi_reads.bc2006.bam']	['s3://human-pangenomics/working/HPRC/HG02451/raw_data/Illumina/child/HG02451.final.cram']	['s3://human-pangenomics/working/HPRC/HG02451/raw_data/nanopore/sup5.0.0_5mCG_5hmCG/11_12_24_R1041_UL_HPRC_HG02451_1_dorado0.9.1_sup5.0.0_5mCG_5hmCG.bam','s3://human-pangenomics/working/HPRC/HG02451/raw_data/nanopore/sup5.0.0_5mCG_5hmCG/11_12_24_R1041_UL_HPRC_HG02451_2_dorado0.9.1_sup5.0.0_5mCG_5hmCG.bam','s3://human-pangenomics/working/HPRC/HG02451/raw_data/nanopore/guppy_6/08_17_21_R941_HG02451_1_Guppy_6.4.6_450bps_modbases_5mc_cg_sup_prom_pass.bam','s3://human-pangenomics/working/HPRC/HG02451/raw_data/nanopore/guppy_6/08_17_21_R941_HG02451_2_Guppy_6.4.6_450bps_modbases_5mc_cg_sup_prom_pass.bam','s3://human-pangenomics/working/HPRC/HG02451/raw_data/nanopore/guppy_6/08_17_21_R941_HG02451_3_Guppy_6.4.6_450bps_modbases_5mc_cg_sup_prom_pass.bam']	[--unitig-abundance 8]
HG02470	['s3://human-pangenomics/working/HPRC/HG02470/raw_data/hic/HG02470-1_FC2_S39_L004_R2_001.fastq.gz','s3://human-pangenomics/working/HPRC/HG02470/raw_data/hic/HG02470-1_FC1_S39_L004_R2_001.fastq.gz','s3://human-pangenomics/working/HPRC/HG02470/raw_data/hic/HG02470-2_FC1_S40_L004_R2_001.fastq.gz','s3://human-pangenomics/working/HPRC/HG02470/raw_data/hic/HG02470-1_FC1_S39_L004_R1_001.fastq.gz','s3://human-pangenomics/working/HPRC/HG02470/raw_data/hic/HG02470-2_FC2_S40_L004_R2_001.fastq.gz','s3://human-pangenomics/working/HPRC/HG02470/raw_data/hic/HG02470-1_FC2_S39_L004_R1_001.fastq.gz','s3://human-pangenomics/working/HPRC/HG02470/raw_data/hic/HG02470-2_FC2_S40_L004_R1_001.fastq.gz','s3://human-pangenomics/working/HPRC/HG02470/raw_data/hic/HG02470-2_FC1_S40_L004_R1_001.fastq.gz']	['s3://human-pangenomics/working/HPRC/HG02470/raw_data/PacBio_HiFi/m84091_240610_173547_s1.hifi_reads.bc1008.bam','s3://human-pangenomics/working/HPRC/HG02470/raw_data/PacBio_HiFi/m84203_240607_172901_s1.hifi_reads.bc1008.bam','s3://human-pangenomics/working/HPRC/HG02470/raw_data/PacBio_HiFi/m84203_240521_165005_s3.hifi_reads.bc1008.bam']	['s3://human-pangenomics/working/HPRC/HG02470/raw_data/Illumina/child/HG02470.final.fq.gz']	['s3://human-pangenomics/working/HPRC/HG02470/raw_data/nanopore/sup5.0.0_5mCG_5hmCG/04_30_24_R1041_UL_HPRC_HG02470_1_dorado0.9.1_sup5.0.0_5mCG_5hmCG.bam','s3://human-pangenomics/working/HPRC/HG02470/raw_data/nanopore/sup5.0.0_5mCG_5hmCG/04_30_24_R1041_UL_HPRC_HG02470_2_dorado0.9.1_sup5.0.0_5mCG_5hmCG.bam','s3://human-pangenomics/working/HPRC/HG02470/raw_data/nanopore/sup5.0.0_5mCG_5hmCG/04_30_24_R1041_UL_HPRC_HG02470_3_dorado0.9.1_sup5.0.0_5mCG_5hmCG.bam','s3://human-pangenomics/working/HPRC/HG02470/raw_data/nanopore/sup5.0.0_5mCG_5hmCG/04_30_24_R1041_UL_HPRC_HG02470_4_dorado0.9.1_sup5.0.0_5mCG_5hmCG.bam']	[--unitig-abundance 8]
HG02486	['s3://human-pangenomics/working/HPRC/HG02486/raw_data/hic/NWM190b-2_S15_L001_R2_001.fastq.gz','s3://human-pangenomics/working/HPRC/HG02486/raw_data/hic/NWM190b-2_S15_L001_R1_001.fastq.gz','s3://human-pangenomics/working/HPRC/HG02486/raw_data/hic/NWM190b-1_S7_L001_R1_001.fastq.gz','s3://human-pangenomics/working/HPRC/HG02486/raw_data/hic/NWM190b-1_S7_L001_R2_001.fastq.gz','s3://human-pangenomics/working/HPRC/HG02486/raw_data/hic/NWM190b-2_S15_L003_R1_001.fastq.gz','s3://human-pangenomics/working/HPRC/HG02486/raw_data/hic/NWM190b-2_S15_L003_R2_001.fastq.gz','s3://human-pangenomics/working/HPRC/HG02486/raw_data/hic/NWM190b-2_S15_L002_R1_001.fastq.gz','s3://human-pangenomics/working/HPRC/HG02486/raw_data/hic/NWM190b-2_S15_L002_R2_001.fastq.gz','s3://human-pangenomics/working/HPRC/HG02486/raw_data/hic/NWM190b-1_S7_L003_R1_001.fastq.gz','s3://human-pangenomics/working/HPRC/HG02486/raw_data/hic/NWM190b-1_S7_L003_R2_001.fastq.gz','s3://human-pangenomics/working/HPRC/HG02486/raw_data/hic/NWM190b-1_S7_L002_R1_001.fastq.gz','s3://human-pangenomics/working/HPRC/HG02486/raw_data/hic/NWM190b-1_S7_L002_R2_001.fastq.gz','s3://human-pangenomics/working/HPRC/HG02486/raw_data/hic/NWM190b-2_S15_L004_R1_001.fastq.gz','s3://human-pangenomics/working/HPRC/HG02486/raw_data/hic/NWM190b-2_S15_L004_R2_001.fastq.gz','s3://human-pangenomics/working/HPRC/HG02486/raw_data/hic/NWM190b-1_S7_L004_R1_001.fastq.gz','s3://human-pangenomics/working/HPRC/HG02486/raw_data/hic/NWM190b-1_S7_L004_R2_001.fastq.gz']	['s3://human-pangenomics/working/HPRC/HG02486/raw_data/PacBio_HiFi/deepconsensus/v1pt2/HG02486.m54329U_200215_021808.dc.q20.fastq.gz','s3://human-pangenomics/working/HPRC/HG02486/raw_data/PacBio_HiFi/deepconsensus/v1pt2/HG02486.m54329U_200313_161638.dc.q20.fastq.gz','s3://human-pangenomics/working/HPRC/HG02486/raw_data/PacBio_HiFi/deepconsensus/v1pt2/HG02486.m54329U_200315_215927.dc.q20.fastq.gz','s3://human-pangenomics/working/HPRC/HG02486/raw_data/PacBio_HiFi/deepconsensus/v1pt2/HG02486.m54329U_200317_041347.dc.q20.fastq.gz','s3://human-pangenomics/working/HPRC/HG02486/raw_data/PacBio_HiFi/deepconsensus/v1pt2/HG02486.m54329U_200320_213710.dc.q20.fastq.gz','s3://human-pangenomics/working/HPRC/HG02486/raw_data/PacBio_HiFi/deepconsensus/v1pt2/HG02486.m64076_200211_192227.dc.q20.fastq.gz','s3://human-pangenomics/working/HPRC/HG02486/raw_data/PacBio_HiFi/m84046_230707_202610_s3.hifi_reads.bc2067.bam','s3://human-pangenomics/working/HPRC/HG02486/raw_data/PacBio_HiFi/m84046_230707_195504_s2.hifi_reads.bc2067.bam']	['s3://human-pangenomics/working/HPRC/HG02486/raw_data/Illumina/child/HG02486-111121_S6_L002_R1_001.fastq.gz','s3://human-pangenomics/working/HPRC/HG02486/raw_data/Illumina/child/HG02486-111121_S6_L002_R2_001.fastq.gz']	['s3://human-pangenomics/working/HPRC/HG02486/raw_data/nanopore/sup5.0.0_5mCG_5hmCG/08_26_24_R1041_UL_HPRC_HG02486_2_dorado1.0.0_sup5.0.0_5mCG_5hmCG.bam','s3://human-pangenomics/working/HPRC/HG02486/raw_data/nanopore/sup5.0.0_5mCG_5hmCG/08_26_24_R1041_UL_HPRC_HG02486_1_dorado1.0.0_sup5.0.0_5mCG_5hmCG.bam','s3://human-pangenomics/working/HPRC/HG02486/raw_data/nanopore/guppy_6/12_7_22_R941_HG02486_1_Guppy_6.5.7_450bps_modbases_5mc_cg_sup_prom_pass.bam','s3://human-pangenomics/working/HPRC/HG02486/raw_data/nanopore/guppy_6/12_7_22_R941_HG02486_2_Guppy_6.5.7_450bps_modbases_5mc_cg_sup_prom_pass.bam','s3://human-pangenomics/working/HPRC/HG02486/raw_data/nanopore/guppy_6/HG02486_1_Guppy_6.5.7_450bps_modbases_5mc_cg_sup_prom_pass.bam','s3://human-pangenomics/working/HPRC/HG02486/raw_data/nanopore/guppy_6/HG02486_2_Guppy_6.5.7_450bps_modbases_5mc_cg_sup_prom_pass.bam','s3://human-pangenomics/working/HPRC/HG02486/raw_data/nanopore/guppy_6/HG02486_3_Guppy_6.5.7_450bps_modbases_5mc_cg_sup_prom_pass.bam']	[--unitig-abundance 8]
HG02497	['s3://human-pangenomics/working/HPRC/HG02497/raw_data/hic/HG02497-1_FC1_S31_L003_R1_001.fastq.gz','s3://human-pangenomics/working/HPRC/HG02497/raw_data/hic/HG02497-1_FC1_S31_L003_R2_001.fastq.gz','s3://human-pangenomics/working/HPRC/HG02497/raw_data/hic/HG02497-1_FC2_S31_L003_R1_001.fastq.gz','s3://human-pangenomics/working/HPRC/HG02497/raw_data/hic/HG02497-1_FC2_S31_L003_R2_001.fastq.gz','s3://human-pangenomics/working/HPRC/HG02497/raw_data/hic/HG02497-2_FC1_S32_L003_R1_001.fastq.gz','s3://human-pangenomics/working/HPRC/HG02497/raw_data/hic/HG02497-2_FC1_S32_L003_R2_001.fastq.gz','s3://human-pangenomics/working/HPRC/HG02497/raw_data/hic/HG02497-2_FC2_S32_L003_R1_001.fastq.gz','s3://human-pangenomics/working/HPRC/HG02497/raw_data/hic/HG02497-2_FC2_S32_L003_R2_001.fastq.gz']	['s3://human-pangenomics/working/HPRC/HG02497/raw_data/PacBio_HiFi/m84091_240614_170533_s4.hifi_reads.bc1018.bam','s3://human-pangenomics/working/HPRC/HG02497/raw_data/PacBio_HiFi/m84203_240520_181300_s2.hifi_reads.bc1018.bam','s3://human-pangenomics/working/HPRC/HG02497/raw_data/PacBio_HiFi/m84203_240515_222912_s2.hifi_reads.bc1018.bam']	['s3://human-pangenomics/working/HPRC/HG02497/raw_data/Illumina/child/HG02497.final.fq.gz']	['s3://human-pangenomics/working/HPRC/HG02497/raw_data/nanopore/sup5.0.0_5mCG_5hmCG/10_15_24_R1041_UL_HPRC_HG02497_1_dorado1.1.1_sup5.0.0_5mCG_5hmCG.bam','s3://human-pangenomics/working/HPRC/HG02497/raw_data/nanopore/sup5.0.0_5mCG_5hmCG/10_15_24_R1041_UL_HPRC_HG02497_2_dorado0.9.1_sup5.0.0_5mCG_5hmCG.bam']	[--unitig-abundance 8]
HG02514	['s3://human-pangenomics/working/HPRC/HG02514/raw_data/hic/HG02514-2_S6_L004_R1_001.fastq.gz','s3://human-pangenomics/working/HPRC/HG02514/raw_data/hic/HG02514-2_S6_L004_R2_001.fastq.gz','s3://human-pangenomics/working/HPRC/HG02514/raw_data/hic/HG02514-1_S5_L004_R1_001.fastq.gz','s3://human-pangenomics/working/HPRC/HG02514/raw_data/hic/HG02514-1_S5_L004_R2_001.fastq.gz']	['s3://human-pangenomics/working/HPRC/HG02514/raw_data/PacBio_HiFi/deepconsensus/v1pt2/HG02514.m54306Ue_220225_190349.dc.q20.fastq.gz','s3://human-pangenomics/working/HPRC/HG02514/raw_data/PacBio_HiFi/deepconsensus/v1pt2/HG02514.m54306Ue_220421_052313.dc.q20.fastq.gz','s3://human-pangenomics/working/HPRC/HG02514/raw_data/PacBio_HiFi/deepconsensus/v1pt2/HG02514.m64330e_220303_183543.dc.q20.fastq.gz','s3://human-pangenomics/working/HPRC/HG02514/raw_data/PacBio_HiFi/deepconsensus/v1pt2/HG02514.m64330e_220417_033652.dc.q20.fastq.gz','s3://human-pangenomics/working/HPRC/HG02514/raw_data/PacBio_HiFi/primrose/m64334e_220426_185110.demultiplex.bc1001--bc1001.5mc.hifi_reads.bam','s3://human-pangenomics/working/HPRC/HG02514/raw_data/PacBio_HiFi/m84091_240110_194735_s1.hifi_reads.bc1001.bam']	['s3://human-pangenomics/working/HPRC/HG02514/raw_data/Illumina/child/HG02514.final.cram']	['s3://human-pangenomics/working/HPRC/HG02514/raw_data/nanopore/sup5.0.0_5mCG_5hmCG/11_18_24_R1041_UL_HPRC_HG02514_1_dorado0.9.1_sup5.0.0_5mCG_5hmCG.bam','s3://human-pangenomics/working/HPRC/HG02514/raw_data/nanopore/sup5.0.0_5mCG_5hmCG/11_18_24_R1041_UL_HPRC_HG02514_2_dorado0.9.1_sup5.0.0_5mCG_5hmCG.bam','s3://human-pangenomics/working/HPRC/HG02514/raw_data/nanopore/guppy_6/02_15_22_R941_HG02514_1_Guppy_6.5.7_450bps_modbases_5mc_cg_sup_prom_pass.bam','s3://human-pangenomics/working/HPRC/HG02514/raw_data/nanopore/guppy_6/02_15_22_R941_HG02514_2_Guppy_6.5.7_450bps_modbases_5mc_cg_sup_prom_pass.bam','s3://human-pangenomics/working/HPRC/HG02514/raw_data/nanopore/guppy_6/02_15_22_R941_HG02514_3_Guppy_6.5.7_450bps_modbases_5mc_cg_sup_prom_pass.bam']	[--unitig-abundance 8]
HG02523	['s3://human-pangenomics/working/HPRC/HG02523/raw_data/hic/HG02523-2_FC4_S78_L004_R1_001.fastq.gz','s3://human-pangenomics/working/HPRC/HG02523/raw_data/hic/HG02523-2_FC4_S78_L004_R2_001.fastq.gz','s3://human-pangenomics/working/HPRC/HG02523/raw_data/hic/HG02523-2_FC1_S78_L004_R1_001.fastq.gz','s3://human-pangenomics/working/HPRC/HG02523/raw_data/hic/HG02523-2_FC1_S78_L004_R2_001.fastq.gz','s3://human-pangenomics/working/HPRC/HG02523/raw_data/hic/HG02523-2_FC3_S78_L004_R1_001.fastq.gz','s3://human-pangenomics/working/HPRC/HG02523/raw_data/hic/HG02523-2_FC3_S78_L004_R2_001.fastq.gz','s3://human-pangenomics/working/HPRC/HG02523/raw_data/hic/HG02523-2_FC2_S78_L004_R1_001.fastq.gz','s3://human-pangenomics/working/HPRC/HG02523/raw_data/hic/HG02523-2_FC2_S78_L004_R2_001.fastq.gz','s3://human-pangenomics/working/HPRC/HG02523/raw_data/hic/HG02523-1_FC4_S75_L004_R1_001.fastq.gz','s3://human-pangenomics/working/HPRC/HG02523/raw_data/hic/HG02523-1_FC4_S75_L004_R2_001.fastq.gz','s3://human-pangenomics/working/HPRC/HG02523/raw_data/hic/HG02523-1_FC3_S75_L004_R1_001.fastq.gz','s3://human-pangenomics/working/HPRC/HG02523/raw_data/hic/HG02523-1_FC3_S75_L004_R2_001.fastq.gz','s3://human-pangenomics/working/HPRC/HG02523/raw_data/hic/HG02523-1_FC1_S75_L004_R1_001.fastq.gz','s3://human-pangenomics/working/HPRC/HG02523/raw_data/hic/HG02523-1_FC1_S75_L004_R2_001.fastq.gz','s3://human-pangenomics/working/HPRC/HG02523/raw_data/hic/HG02523-1_FC2_S75_L004_R1_001.fastq.gz','s3://human-pangenomics/working/HPRC/HG02523/raw_data/hic/HG02523-1_FC2_S75_L004_R2_001.fastq.gz']	['s3://human-pangenomics/working/HPRC/HG02523/raw_data/PacBio_HiFi/deepconsensus/v1pt2/HG02523.m64043_210506_183430.dc.q20.fastq.gz','s3://human-pangenomics/working/HPRC/HG02523/raw_data/PacBio_HiFi/deepconsensus/v1pt2/HG02523.m64043_210508_033135.dc.q20.fastq.gz','s3://human-pangenomics/working/HPRC/HG02523/raw_data/PacBio_HiFi/deepconsensus/v1pt2/HG02523.m64043_210509_110105.dc.q20.fastq.gz','s3://human-pangenomics/working/HPRC/HG02523/raw_data/PacBio_HiFi/m84081_231027_202621_s3.hifi_reads.default.bam','s3://human-pangenomics/working/HPRC/HG02523/raw_data/PacBio_HiFi/m84081_231027_195514_s2.hifi_reads.default.bam','s3://human-pangenomics/working/HPRC/HG02523/raw_data/PacBio_HiFi/m84081_231029_023649_s3.hifi_reads.default.bam','s3://human-pangenomics/working/HPRC/HG02523/raw_data/PacBio_HiFi/m84081_231029_020543_s2.hifi_reads.default.bam']	['s3://human-pangenomics/working/HPRC/HG02523/raw_data/Illumina/child/HG02523.final.cram']	['s3://human-pangenomics/working/HPRC/HG02523/raw_data/nanopore/sup5.0.0_5mCG_5hmCG/05_12_25_R1041_UL_HPRC_HG02523_1_dorado1.0.0_supv5.2.0.bam','s3://human-pangenomics/working/HPRC/HG02523/raw_data/nanopore/sup5.0.0_5mCG_5hmCG/05_19_25_R1041_UL_HPRC_HG02523_1_dorado1.0.0_supv5.0.0_5mCG_5hmCG.bam','s3://human-pangenomics/working/HPRC/HG02523/raw_data/nanopore/sup5.0.0_5mCG_5hmCG/05_12_25_R1041_UL_HPRC_HG02523_2_dorado1.0.0_supv5.2.0.bam','s3://human-pangenomics/working/HPRC/HG02523/raw_data/nanopore/guppy_6/12_08_21_R941_HG02523_1_Guppy_6.4.6_450bps_modbases_5mc_cg_sup_prom_pass.bam','s3://human-pangenomics/working/HPRC/HG02523/raw_data/nanopore/guppy_6/12_08_21_R941_HG02523_2_Guppy_6.4.6_450bps_modbases_5mc_cg_sup_prom_pass.bam','s3://human-pangenomics/working/HPRC/HG02523/raw_data/nanopore/guppy_6/12_08_21_R941_HG02523_3_Guppy_6.4.6_450bps_modbases_5mc_cg_sup_prom_pass.bam']	[--unitig-abundance 8]
HG02541	['s3://human-pangenomics/working/HPRC/HG02541/raw_data/hic/HG02541-1_FC1_S21_L002_R1_001.fastq.gz','s3://human-pangenomics/working/HPRC/HG02541/raw_data/hic/HG02541-1_FC1_S21_L002_R2_001.fastq.gz','s3://human-pangenomics/working/HPRC/HG02541/raw_data/hic/HG02541-1_FC2_S21_L002_R1_001.fastq.gz','s3://human-pangenomics/working/HPRC/HG02541/raw_data/hic/HG02541-1_FC2_S21_L002_R2_001.fastq.gz','s3://human-pangenomics/working/HPRC/HG02541/raw_data/hic/HG02541-2_FC1_S22_L002_R1_001.fastq.gz','s3://human-pangenomics/working/HPRC/HG02541/raw_data/hic/HG02541-2_FC1_S22_L002_R2_001.fastq.gz','s3://human-pangenomics/working/HPRC/HG02541/raw_data/hic/HG02541-2_FC2_S22_L002_R1_001.fastq.gz','s3://human-pangenomics/working/HPRC/HG02541/raw_data/hic/HG02541-2_FC2_S22_L002_R2_001.fastq.gz']	['s3://human-pangenomics/working/HPRC/HG02541/raw_data/PacBio_HiFi/m84203_240516_210619_s3.hifi_reads.bc1016.bam','s3://human-pangenomics/working/HPRC/HG02541/raw_data/PacBio_HiFi/m84203_240521_175217_s1.hifi_reads.bc1016.bam','s3://human-pangenomics/working/HPRC/HG02541/raw_data/PacBio_HiFi/m84203_240513_211010_s4.hifi_reads.bc1016.bam']	['s3://human-pangenomics/working/HPRC/HG02541/raw_data/Illumina/child/HG02541.final.fq.gz']	['s3://human-pangenomics/working/HPRC/HG02541/raw_data/nanopore/sup5.0.0_5mCG_5hmCG/03_26_24_R1041_UL_HPRC_HG02541_1_dorado0.9.1_sup5.0.0_5mCG_5hmCG.bam','s3://human-pangenomics/working/HPRC/HG02541/raw_data/nanopore/sup5.0.0_5mCG_5hmCG/03_26_24_R1041_UL_HPRC_HG02541_2_dorado0.9.1_sup5.0.0_5mCG_5hmCG.bam','s3://human-pangenomics/working/HPRC/HG02541/raw_data/nanopore/sup5.0.0_5mCG_5hmCG/03_26_24_R1041_UL_HPRC_HG02541_3_dorado0.9.1_sup5.0.0_5mCG_5hmCG.bam']	[--unitig-abundance 8]
HG02559	['s3://human-pangenomics/working/HPRC/HG02559/raw_data/hic/NWM189b-2_S14_L001_R1_001.fastq.gz','s3://human-pangenomics/working/HPRC/HG02559/raw_data/hic/NWM189b-2_S14_L001_R2_001.fastq.gz','s3://human-pangenomics/working/HPRC/HG02559/raw_data/hic/NWM189b-2_S14_L003_R1_001.fastq.gz','s3://human-pangenomics/working/HPRC/HG02559/raw_data/hic/NWM189b-2_S14_L003_R2_001.fastq.gz','s3://human-pangenomics/working/HPRC/HG02559/raw_data/hic/NWM189b-2_S14_L002_R1_001.fastq.gz','s3://human-pangenomics/working/HPRC/HG02559/raw_data/hic/NWM189b-2_S14_L002_R2_001.fastq.gz','s3://human-pangenomics/working/HPRC/HG02559/raw_data/hic/NWM189b-2_S14_L004_R1_001.fastq.gz','s3://human-pangenomics/working/HPRC/HG02559/raw_data/hic/NWM189b-2_S14_L004_R2_001.fastq.gz','s3://human-pangenomics/working/HPRC/HG02559/raw_data/hic/NWM189b-1_S6_L001_R2_001.fastq.gz','s3://human-pangenomics/working/HPRC/HG02559/raw_data/hic/NWM189b-1_S6_L001_R1_001.fastq.gz','s3://human-pangenomics/working/HPRC/HG02559/raw_data/hic/NWM189b-1_S6_L003_R1_001.fastq.gz','s3://human-pangenomics/working/HPRC/HG02559/raw_data/hic/NWM189b-1_S6_L003_R2_001.fastq.gz','s3://human-pangenomics/working/HPRC/HG02559/raw_data/hic/NWM189b-1_S6_L002_R1_001.fastq.gz','s3://human-pangenomics/working/HPRC/HG02559/raw_data/hic/NWM189b-1_S6_L002_R2_001.fastq.gz','s3://human-pangenomics/working/HPRC/HG02559/raw_data/hic/NWM189b-1_S6_L004_R1_001.fastq.gz','s3://human-pangenomics/working/HPRC/HG02559/raw_data/hic/NWM189b-1_S6_L004_R2_001.fastq.gz']	['s3://human-pangenomics/working/HPRC/HG02559/raw_data/PacBio_HiFi/deepconsensus/v1pt2/HG02559.m54329U_200211_192235.dc.q20.fastq.gz','s3://human-pangenomics/working/HPRC/HG02559/raw_data/PacBio_HiFi/deepconsensus/v1pt2/HG02559.m54329U_200217_055345.dc.q20.fastq.gz','s3://human-pangenomics/working/HPRC/HG02559/raw_data/PacBio_HiFi/deepconsensus/v1pt2/HG02559.m54329U_200219_181523.dc.q20.fastq.gz','s3://human-pangenomics/working/HPRC/HG02559/raw_data/PacBio_HiFi/deepconsensus/v1pt2/HG02559.m64076_200215_021919.dc.q20.fastq.gz','s3://human-pangenomics/working/HPRC/HG02559/raw_data/PacBio_HiFi/deepconsensus/v1pt2/HG02559.m64076_200217_055339.dc.q20.fastq.gz','s3://human-pangenomics/working/HPRC/HG02559/raw_data/PacBio_HiFi/m84046_230628_175536_s3.hifi_reads.bc2057.bam']	['s3://human-pangenomics/working/HPRC/HG02559/raw_data/Illumina/child/HG02559-111121_S3_L001_R1_001.fastq.gz','s3://human-pangenomics/working/HPRC/HG02559/raw_data/Illumina/child/HG02559-111121_S3_L001_R2_001.fastq.gz']	['s3://human-pangenomics/working/HPRC/HG02559/raw_data/nanopore/sup5.0.0_5mCG_5hmCG/08_26_24_R1041_UL_HPRC_HG02559_1_dorado1.0.0_sup5.0.0_5mCG_5hmCG.bam','s3://human-pangenomics/working/HPRC/HG02559/raw_data/nanopore/sup5.0.0_5mCG_5hmCG/08_26_24_R1041_UL_HPRC_HG02559_2_dorado1.0.0_sup5.0.0_5mCG_5hmCG.bam','s3://human-pangenomics/working/HPRC/HG02559/raw_data/nanopore/guppy_6/12_7_22_R941_HG02559_1_Guppy_6.5.7_450bps_modbases_5mc_cg_sup_prom_pass.bam','s3://human-pangenomics/working/HPRC/HG02559/raw_data/nanopore/guppy_6/12_7_22_R941_HG02559_2_Guppy_6.5.7_450bps_modbases_5mc_cg_sup_prom_pass.bam','s3://human-pangenomics/working/HPRC/HG02559/raw_data/nanopore/guppy_6/HG02559_1_Guppy_6.5.7_450bps_modbases_5mc_cg_sup_prom_pass.bam','s3://human-pangenomics/working/HPRC/HG02559/raw_data/nanopore/guppy_6/HG02559_2_Guppy_6.5.7_450bps_modbases_5mc_cg_sup_prom_pass.bam','s3://human-pangenomics/working/HPRC/HG02559/raw_data/nanopore/guppy_6/HG02559_3_Guppy_6.5.7_450bps_modbases_5mc_cg_sup_prom_pass.bam','s3://human-pangenomics/working/HPRC/HG02559/raw_data/nanopore/guppy_6/HG02559_5_Guppy_6.5.7_450bps_modbases_5mc_cg_sup_prom_pass.bam']	[--unitig-abundance 8]
HG02572	['s3://human-pangenomics/working/HPRC/HG02572/raw_data/hic/NWM205b-1_S21_L001_R1_001.fastq.gz','s3://human-pangenomics/working/HPRC/HG02572/raw_data/hic/NWM205b-1_S21_L001_R2_001.fastq.gz','s3://human-pangenomics/working/HPRC/HG02572/raw_data/hic/NWM205b-1_S21_L002_R1_001.fastq.gz','s3://human-pangenomics/working/HPRC/HG02572/raw_data/hic/NWM205b-1_S21_L002_R2_001.fastq.gz','s3://human-pangenomics/working/HPRC/HG02572/raw_data/hic/NWM205b-1_S21_L003_R1_001.fastq.gz','s3://human-pangenomics/working/HPRC/HG02572/raw_data/hic/NWM205b-1_S21_L003_R2_001.fastq.gz','s3://human-pangenomics/working/HPRC/HG02572/raw_data/hic/NWM205b-2_S22_L001_R1_001.fastq.gz','s3://human-pangenomics/working/HPRC/HG02572/raw_data/hic/NWM205b-2_S22_L001_R2_001.fastq.gz','s3://human-pangenomics/working/HPRC/HG02572/raw_data/hic/NWM205b-2_S22_L003_R1_001.fastq.gz','s3://human-pangenomics/working/HPRC/HG02572/raw_data/hic/NWM205b-2_S22_L003_R2_001.fastq.gz','s3://human-pangenomics/working/HPRC/HG02572/raw_data/hic/NWM205b-1_S21_L004_R1_001.fastq.gz','s3://human-pangenomics/working/HPRC/HG02572/raw_data/hic/NWM205b-1_S21_L004_R2_001.fastq.gz','s3://human-pangenomics/working/HPRC/HG02572/raw_data/hic/NWM205b-2_S22_L002_R1_001.fastq.gz','s3://human-pangenomics/working/HPRC/HG02572/raw_data/hic/NWM205b-2_S22_L002_R2_001.fastq.gz','s3://human-pangenomics/working/HPRC/HG02572/raw_data/hic/NWM205b-2_S22_L004_R1_001.fastq.gz','s3://human-pangenomics/working/HPRC/HG02572/raw_data/hic/NWM205b-2_S22_L004_R2_001.fastq.gz','s3://human-pangenomics/working/HPRC/HG02572/raw_data/hic/NWM205a-2_S20_L001_R1_001.fastq.gz','s3://human-pangenomics/working/HPRC/HG02572/raw_data/hic/NWM205a-2_S20_L001_R2_001.fastq.gz','s3://human-pangenomics/working/HPRC/HG02572/raw_data/hic/NWM205a-2_S20_L003_R1_001.fastq.gz','s3://human-pangenomics/working/HPRC/HG02572/raw_data/hic/NWM205a-2_S20_L003_R2_001.fastq.gz','s3://human-pangenomics/working/HPRC/HG02572/raw_data/hic/NWM205a-2_S20_L002_R1_001.fastq.gz','s3://human-pangenomics/working/HPRC/HG02572/raw_data/hic/NWM205a-2_S20_L002_R2_001.fastq.gz','s3://human-pangenomics/working/HPRC/HG02572/raw_data/hic/NWM205a-1_S18_L001_R2_001.fastq.gz','s3://human-pangenomics/working/HPRC/HG02572/raw_data/hic/NWM205a-1_S18_L001_R1_001.fastq.gz','s3://human-pangenomics/working/HPRC/HG02572/raw_data/hic/NWM205a-1_S18_L003_R1_001.fastq.gz','s3://human-pangenomics/working/HPRC/HG02572/raw_data/hic/NWM205a-1_S18_L003_R2_001.fastq.gz','s3://human-pangenomics/working/HPRC/HG02572/raw_data/hic/NWM205a-1_S18_L002_R1_001.fastq.gz','s3://human-pangenomics/working/HPRC/HG02572/raw_data/hic/NWM205a-1_S18_L002_R2_001.fastq.gz','s3://human-pangenomics/working/HPRC/HG02572/raw_data/hic/NWM205a-2_S20_L004_R1_001.fastq.gz','s3://human-pangenomics/working/HPRC/HG02572/raw_data/hic/NWM205a-2_S20_L004_R2_001.fastq.gz','s3://human-pangenomics/working/HPRC/HG02572/raw_data/hic/NWM205a-1_S18_L004_R1_001.fastq.gz','s3://human-pangenomics/working/HPRC/HG02572/raw_data/hic/NWM205a-1_S18_L004_R2_001.fastq.gz','s3://human-pangenomics/working/HPRC/HG02572/raw_data/hic/NWM238a-2_S22_L001_R1_001.fastq.gz','s3://human-pangenomics/working/HPRC/HG02572/raw_data/hic/NWM238a-2_S22_L001_R2_001.fastq.gz','s3://human-pangenomics/working/HPRC/HG02572/raw_data/hic/NWM238a-2_S22_L002_R1_001.fastq.gz','s3://human-pangenomics/working/HPRC/HG02572/raw_data/hic/NWM238a-2_S22_L002_R2_001.fastq.gz','s3://human-pangenomics/working/HPRC/HG02572/raw_data/hic/NWM238a-2_S22_L003_R1_001.fastq.gz','s3://human-pangenomics/working/HPRC/HG02572/raw_data/hic/NWM238a-2_S22_L003_R2_001.fastq.gz','s3://human-pangenomics/working/HPRC/HG02572/raw_data/hic/NWM238a-1_S18_L001_R1_001.fastq.gz','s3://human-pangenomics/working/HPRC/HG02572/raw_data/hic/NWM238a-1_S18_L001_R2_001.fastq.gz','s3://human-pangenomics/working/HPRC/HG02572/raw_data/hic/NWM238a-2_S22_L004_R1_001.fastq.gz','s3://human-pangenomics/working/HPRC/HG02572/raw_data/hic/NWM238a-2_S22_L004_R2_001.fastq.gz','s3://human-pangenomics/working/HPRC/HG02572/raw_data/hic/NWM238a-1_S18_L002_R1_001.fastq.gz','s3://human-pangenomics/working/HPRC/HG02572/raw_data/hic/NWM238a-1_S18_L002_R2_001.fastq.gz','s3://human-pangenomics/working/HPRC/HG02572/raw_data/hic/NWM238a-1_S18_L003_R1_001.fastq.gz','s3://human-pangenomics/working/HPRC/HG02572/raw_data/hic/NWM238a-1_S18_L003_R2_001.fastq.gz','s3://human-pangenomics/working/HPRC/HG02572/raw_data/hic/NWM238a-1_S18_L004_R1_001.fastq.gz','s3://human-pangenomics/working/HPRC/HG02572/raw_data/hic/NWM238a-1_S18_L004_R2_001.fastq.gz']	['s3://human-pangenomics/working/HPRC/HG02572/raw_data/PacBio_HiFi/deepconsensus/v1pt2/HG02572.m54329U_200319_002813.dc.q20.fastq.gz','s3://human-pangenomics/working/HPRC/HG02572/raw_data/PacBio_HiFi/deepconsensus/v1pt2/HG02572.m64076_200313_161705.dc.q20.fastq.gz','s3://human-pangenomics/working/HPRC/HG02572/raw_data/PacBio_HiFi/deepconsensus/v1pt2/HG02572.m64076_200317_041201.dc.q20.fastq.gz','s3://human-pangenomics/working/HPRC/HG02572/raw_data/PacBio_HiFi/deepconsensus/v1pt2/HG02572.m64076_200318_103811.dc.q20.fastq.gz','s3://human-pangenomics/working/HPRC/HG02572/raw_data/PacBio_HiFi/m84046_230711_233802_s3.hifi_reads.default.bam']	['s3://human-pangenomics/working/HPRC/HG02572/raw_data/Illumina/child/HG02572.final.cram']	['s3://human-pangenomics/working/HPRC/HG02572/raw_data/nanopore/sup5.0.0_5mCG_5hmCG/09_16_24_R1041_UL_HPRC_HG02572_1_dorado1.0.0_sup5.0.0_5mCG_5hmCG.bam','s3://human-pangenomics/working/HPRC/HG02572/raw_data/nanopore/sup5.0.0_5mCG_5hmCG/09_16_24_R1041_UL_HPRC_HG02572_2_dorado1.0.0_sup5.0.0_5mCG_5hmCG.bam','s3://human-pangenomics/working/HPRC/HG02572/raw_data/nanopore/guppy_6/03_14_23_R941_HG02572_1_Guppy_6.5.7_450bps_modbases_5mc_cg_sup_prom_pass.bam','s3://human-pangenomics/working/HPRC/HG02572/raw_data/nanopore/guppy_6/03_14_23_R941_HG02572_2_Guppy_6.5.7_450bps_modbases_5mc_cg_sup_prom_pass.bam','s3://human-pangenomics/working/HPRC/HG02572/raw_data/nanopore/guppy_6/HG02572_1_Guppy_6.5.7_450bps_modbases_5mc_cg_sup_prom_pass.bam','s3://human-pangenomics/working/HPRC/HG02572/raw_data/nanopore/guppy_6/HG02572_3_Guppy_6.5.7_450bps_modbases_5mc_cg_sup_prom_pass.bam','s3://human-pangenomics/working/HPRC/HG02572/raw_data/nanopore/guppy_6/HG02572_5_Guppy_6.5.7_450bps_modbases_5mc_cg_sup_prom_pass.bam']	[--unitig-abundance 8]
HG02583	['s3://human-pangenomics/working/HPRC/HG02583/raw_data/hic/HG02583-2_FC1_S16_L003_R1_001.fastq.gz','s3://human-pangenomics/working/HPRC/HG02583/raw_data/hic/HG02583-2_FC1_S16_L003_R2_001.fastq.gz','s3://human-pangenomics/working/HPRC/HG02583/raw_data/hic/HG02583-2_FC2_S16_L003_R1_001.fastq.gz','s3://human-pangenomics/working/HPRC/HG02583/raw_data/hic/HG02583-2_FC2_S16_L003_R2_001.fastq.gz','s3://human-pangenomics/working/HPRC/HG02583/raw_data/hic/HG02583-1_FC1_S15_L003_R1_001.fastq.gz','s3://human-pangenomics/working/HPRC/HG02583/raw_data/hic/HG02583-1_FC1_S15_L003_R2_001.fastq.gz','s3://human-pangenomics/working/HPRC/HG02583/raw_data/hic/HG02583-1_FC2_S15_L003_R1_001.fastq.gz','s3://human-pangenomics/working/HPRC/HG02583/raw_data/hic/HG02583-1_FC2_S15_L003_R2_001.fastq.gz']	['s3://human-pangenomics/working/HPRC/HG02583/raw_data/PacBio_HiFi/m84091_230707_183012_s4.hifi_reads.bc1016.bam','s3://human-pangenomics/working/HPRC/HG02583/raw_data/PacBio_HiFi/m84091_230714_140949_s3.hifi_reads.bc1016.bam']	['s3://human-pangenomics/working/HPRC/HG02583/raw_data/Illumina/child/HG02583.final.cram']	['s3://human-pangenomics/working/HPRC/HG02583/raw_data/nanopore/sup5.0.0_5mCG_5hmCG/01_16_24_R1041_HPRC_HG02583_1_dorado0.9.5_sup5.0.0_5mCG_5hmCG.bam','s3://human-pangenomics/working/HPRC/HG02583/raw_data/nanopore/sup5.0.0_5mCG_5hmCG/01_16_24_R1041_HPRC_HG02583_2_dorado0.9.5_sup5.0.0_5mCG_5hmCG.bam','s3://human-pangenomics/working/HPRC/HG02583/raw_data/nanopore/sup5.0.0_5mCG_5hmCG/01_16_24_R1041_HPRC_HG02583_3_dorado0.9.5_sup5.0.0_5mCG_5hmCG.bam','s3://human-pangenomics/working/HPRC/HG02583/raw_data/nanopore/sup5.0.0_5mCG_5hmCG/11_7_23_R1041_HPRC_HG02583_1_dorado0.9.5_sup5.0.0_5mCG_5hmCG.bam','s3://human-pangenomics/working/HPRC/HG02583/raw_data/nanopore/sup5.0.0_5mCG_5hmCG/11_7_23_R1041_HPRC_HG02583_2_dorado0.9.5_sup5.0.0_5mCG_5hmCG.bam','s3://human-pangenomics/working/HPRC/HG02583/raw_data/nanopore/sup5.0.0_5mCG_5hmCG/11_7_23_R1041_HPRC_HG02583_3_dorado0.9.5_sup5.0.0_5mCG_5hmCG.bam']	[--unitig-abundance 8]
HG02589	['s3://human-pangenomics/working/HPRC/HG02589/raw_data/hic/HG02589-1_FC2_S25_L003_R1_001.fastq.gz','s3://human-pangenomics/working/HPRC/HG02589/raw_data/hic/HG02589-1_FC2_S25_L003_R2_001.fastq.gz','s3://human-pangenomics/working/HPRC/HG02589/raw_data/hic/HG02589-1_FC1_S25_L003_R1_001.fastq.gz','s3://human-pangenomics/working/HPRC/HG02589/raw_data/hic/HG02589-2_FC1_S26_L003_R2_001.fastq.gz','s3://human-pangenomics/working/HPRC/HG02589/raw_data/hic/HG02589-2_FC2_S26_L003_R2_001.fastq.gz','s3://human-pangenomics/working/HPRC/HG02589/raw_data/hic/HG02589-2_FC1_S26_L003_R1_001.fastq.gz','s3://human-pangenomics/working/HPRC/HG02589/raw_data/hic/HG02589-2_FC2_S26_L003_R1_001.fastq.gz','s3://human-pangenomics/working/HPRC/HG02589/raw_data/hic/HG02589-1_FC1_S25_L003_R2_001.fastq.gz']	['s3://human-pangenomics/working/HPRC/HG02589/raw_data/PacBio_HiFi/m84046_240706_004818_s3.hifi_reads.bc2033.bam','s3://human-pangenomics/working/HPRC/HG02589/raw_data/PacBio_HiFi/m84046_240706_024737_s4.hifi_reads.bc2033.bam','s3://human-pangenomics/working/HPRC/HG02589/raw_data/PacBio_HiFi/m84046_240626_010058_s1.hifi_reads.bc2033.bam','s3://human-pangenomics/working/HPRC/HG02589/raw_data/PacBio_HiFi/m84046_240629_082854_s3.hifi_reads.bc2033.bam','s3://human-pangenomics/working/HPRC/HG02589/raw_data/PacBio_HiFi/m84046_240627_045451_s2.hifi_reads.bc2033.bam','s3://human-pangenomics/working/HPRC/HG02589/raw_data/PacBio_HiFi/m84046_240705_224900_s2.hifi_reads.bc2033.bam']	['s3://human-pangenomics/working/HPRC/HG02589/raw_data/Illumina/child/HG02589.final.fq.gz']	['s3://human-pangenomics/working/HPRC/HG02589/raw_data/nanopore/sup5.0.0_5mCG_5hmCG/10_14_24_R1041_UL_HPRC_HG02589_1_dorado0.9.1_sup5.0.0_5mCG_5hmCG.bam','s3://human-pangenomics/working/HPRC/HG02589/raw_data/nanopore/sup5.0.0_5mCG_5hmCG/10_14_24_R1041_UL_HPRC_HG02589_2_dorado0.9.1_sup5.0.0_5mCG_5hmCG.bam']	[--unitig-abundance 8]
HG02594	['s3://human-pangenomics/working/HPRC/HG02594/raw_data/hic/HG02594-2_FC2_S24_L002_R2_001.fastq.gz','s3://human-pangenomics/working/HPRC/HG02594/raw_data/hic/HG02594-1_FC1_S23_L002_R2_001.fastq.gz','s3://human-pangenomics/working/HPRC/HG02594/raw_data/hic/HG02594-2_FC1_S24_L002_R2_001.fastq.gz','s3://human-pangenomics/working/HPRC/HG02594/raw_data/hic/HG02594-2_FC2_S24_L002_R1_001.fastq.gz','s3://human-pangenomics/working/HPRC/HG02594/raw_data/hic/HG02594-2_FC1_S24_L002_R1_001.fastq.gz','s3://human-pangenomics/working/HPRC/HG02594/raw_data/hic/HG02594-1_FC2_S23_L002_R2_001.fastq.gz','s3://human-pangenomics/working/HPRC/HG02594/raw_data/hic/HG02594-1_FC1_S23_L002_R1_001.fastq.gz','s3://human-pangenomics/working/HPRC/HG02594/raw_data/hic/HG02594-1_FC2_S23_L002_R1_001.fastq.gz']	['s3://human-pangenomics/working/HPRC/HG02594/raw_data/PacBio_HiFi/m84046_240705_224900_s2.hifi_reads.bc2034.bam','s3://human-pangenomics/working/HPRC/HG02594/raw_data/PacBio_HiFi/m84046_240628_144642_s2.hifi_reads.bc2034.bam','s3://human-pangenomics/working/HPRC/HG02594/raw_data/PacBio_HiFi/m84046_240625_210222_s3.hifi_reads.bc2034.bam','s3://human-pangenomics/working/HPRC/HG02594/raw_data/PacBio_HiFi/m84046_240625_230142_s4.hifi_reads.bc2034.bam']	['s3://human-pangenomics/working/HPRC/HG02594/raw_data/Illumina/child/HG02594.final.fq.gz']	['s3://human-pangenomics/working/HPRC/HG02594/raw_data/nanopore/sup5.0.0_5mCG_5hmCG/10_15_24_R1041_UL_HPRC_HG02594_1_dorado0.9.1_sup5.0.0_5mCG_5hmCG.bam','s3://human-pangenomics/working/HPRC/HG02594/raw_data/nanopore/sup5.0.0_5mCG_5hmCG/10_15_24_R1041_UL_HPRC_HG02594_2_dorado0.9.1_sup5.0.0_5mCG_5hmCG.bam','s3://human-pangenomics/working/HPRC/HG02594/raw_data/nanopore/sup5.0.0_5mCG_5hmCG/10_28_24_R1041_UL_HPRC_HG02594_1_dorado0.9.1_sup5.0.0_5mCG_5hmCG.bam']	[--unitig-abundance 8]
HG02602	['s3://human-pangenomics/working/HPRC/HG02602/raw_data/hic/HG02602-11a-1_S11_L004_R1_001.fastq.gz','s3://human-pangenomics/working/HPRC/HG02602/raw_data/hic/HG02602-11a-1_S11_L004_R2_001.fastq.gz','s3://human-pangenomics/working/HPRC/HG02602/raw_data/hic/HG02602-11a-1_S11_L003_R1_001.fastq.gz','s3://human-pangenomics/working/HPRC/HG02602/raw_data/hic/HG02602-11a-1_S11_L003_R2_001.fastq.gz','s3://human-pangenomics/working/HPRC/HG02602/raw_data/hic/HG02602-11a-1_S11_L002_R1_001.fastq.gz','s3://human-pangenomics/working/HPRC/HG02602/raw_data/hic/HG02602-11a-1_S11_L002_R2_001.fastq.gz','s3://human-pangenomics/working/HPRC/HG02602/raw_data/hic/HG02602-11a-1_S11_L001_R1_001.fastq.gz','s3://human-pangenomics/working/HPRC/HG02602/raw_data/hic/HG02602-11a-1_S11_L001_R2_001.fastq.gz','s3://human-pangenomics/working/HPRC/HG02602/raw_data/hic/HG02602-11a-2_S12_L004_R1_001.fastq.gz','s3://human-pangenomics/working/HPRC/HG02602/raw_data/hic/HG02602-11a-2_S12_L004_R2_001.fastq.gz','s3://human-pangenomics/working/HPRC/HG02602/raw_data/hic/HG02602-11a-2_S12_L003_R1_001.fastq.gz','s3://human-pangenomics/working/HPRC/HG02602/raw_data/hic/HG02602-11a-2_S12_L003_R2_001.fastq.gz','s3://human-pangenomics/working/HPRC/HG02602/raw_data/hic/HG02602-11a-2_S12_L002_R1_001.fastq.gz','s3://human-pangenomics/working/HPRC/HG02602/raw_data/hic/HG02602-11a-2_S12_L002_R2_001.fastq.gz','s3://human-pangenomics/working/HPRC/HG02602/raw_data/hic/HG02602-11a-2_S12_L001_R2_001.fastq.gz','s3://human-pangenomics/working/HPRC/HG02602/raw_data/hic/HG02602-11a-2_S12_L001_R1_001.fastq.gz']	['s3://human-pangenomics/working/HPRC/HG02602/raw_data/PacBio_HiFi/deepconsensus/v1pt2/HG02602.m64043_210612_053030.dc.q20.fastq.gz','s3://human-pangenomics/working/HPRC/HG02602/raw_data/PacBio_HiFi/deepconsensus/v1pt2/HG02602.m64043_210613_133026.dc.q20.fastq.gz','s3://human-pangenomics/working/HPRC/HG02602/raw_data/PacBio_HiFi/deepconsensus/v1pt2/HG02602.m64043_210614_223013.dc.q20.fastq.gz','s3://human-pangenomics/working/HPRC/HG02602/raw_data/PacBio_HiFi/deepconsensus/v1pt2/HG02602.m64043_210618_184604.dc.q20.fastq.gz','s3://human-pangenomics/working/HPRC/HG02602/raw_data/PacBio_HiFi/m84081_231119_015049_s1.hifi_reads.bc2083.bam','s3://human-pangenomics/working/HPRC/HG02602/raw_data/PacBio_HiFi/m84081_231119_025301_s3.hifi_reads.bc2083.bam','s3://human-pangenomics/working/HPRC/HG02602/raw_data/PacBio_HiFi/m84081_231119_022155_s2.hifi_reads.bc2083.bam']	['s3://human-pangenomics/working/HPRC/HG02602/raw_data/Illumina/child/HG02602.final.cram']	['s3://human-pangenomics/working/HPRC/HG02602/raw_data/nanopore/sup5.0.0_5mCG_5hmCG/11_12_24_R1041_UL_HPRC_HG02602_1_dorado0.9.0_sup5.0.0_5mCG_5hmCG.bam','s3://human-pangenomics/working/HPRC/HG02602/raw_data/nanopore/sup5.0.0_5mCG_5hmCG/11_12_24_R1041_UL_HPRC_HG02602_2_dorado0.9.0_sup5.0.0_5mCG_5hmCG.bam','s3://human-pangenomics/working/HPRC/HG02602/raw_data/nanopore/guppy_6/07_20_21_R941_HG02602_1_Guppy_6.5.7_450bps_modbases_5mc_cg_sup_prom_pass.bam','s3://human-pangenomics/working/HPRC/HG02602/raw_data/nanopore/guppy_6/07_20_21_R941_HG02602_2_Guppy_6.5.7_450bps_modbases_5mc_cg_sup_prom_pass.bam','s3://human-pangenomics/working/HPRC/HG02602/raw_data/nanopore/guppy_6/07_20_21_R941_HG02602_3_Guppy_6.5.7_450bps_modbases_5mc_cg_sup_prom_pass.bam']	[--unitig-abundance 8]
HG02615	['s3://human-pangenomics/working/HPRC/HG02615/raw_data/hic/HG02615-25b-2_S4_L004_R1_001.fastq.gz','s3://human-pangenomics/working/HPRC/HG02615/raw_data/hic/HG02615-25b-2_S4_L004_R2_001.fastq.gz','s3://human-pangenomics/working/HPRC/HG02615/raw_data/hic/HG02615-25b-2_S4_L002_R1_001.fastq.gz','s3://human-pangenomics/working/HPRC/HG02615/raw_data/hic/HG02615-25b-2_S4_L002_R2_001.fastq.gz','s3://human-pangenomics/working/HPRC/HG02615/raw_data/hic/HG02615-25b-2_S4_L003_R1_001.fastq.gz','s3://human-pangenomics/working/HPRC/HG02615/raw_data/hic/HG02615-25b-2_S4_L003_R2_001.fastq.gz','s3://human-pangenomics/working/HPRC/HG02615/raw_data/hic/HG02615-25b-2_S4_L001_R1_001.fastq.gz','s3://human-pangenomics/working/HPRC/HG02615/raw_data/hic/HG02615-25b-2_S4_L001_R2_001.fastq.gz','s3://human-pangenomics/working/HPRC/HG02615/raw_data/hic/HG02615-25b-1_S3_L004_R1_001.fastq.gz','s3://human-pangenomics/working/HPRC/HG02615/raw_data/hic/HG02615-25b-1_S3_L004_R2_001.fastq.gz','s3://human-pangenomics/working/HPRC/HG02615/raw_data/hic/HG02615-25b-1_S3_L003_R1_001.fastq.gz','s3://human-pangenomics/working/HPRC/HG02615/raw_data/hic/HG02615-25b-1_S3_L003_R2_001.fastq.gz','s3://human-pangenomics/working/HPRC/HG02615/raw_data/hic/HG02615-25b-1_S3_L002_R1_001.fastq.gz','s3://human-pangenomics/working/HPRC/HG02615/raw_data/hic/HG02615-25b-1_S3_L002_R2_001.fastq.gz','s3://human-pangenomics/working/HPRC/HG02615/raw_data/hic/HG02615-25b-1_S3_L001_R1_001.fastq.gz','s3://human-pangenomics/working/HPRC/HG02615/raw_data/hic/HG02615-25b-1_S3_L001_R2_001.fastq.gz']	['s3://human-pangenomics/working/HPRC/HG02615/raw_data/PacBio_HiFi/deepconsensus/v1pt2/HG02615.m64136_210528_171842.dc.q20.fastq.gz','s3://human-pangenomics/working/HPRC/HG02615/raw_data/PacBio_HiFi/deepconsensus/v1pt2/HG02615.m64136_210530_004827.dc.q20.fastq.gz','s3://human-pangenomics/working/HPRC/HG02615/raw_data/PacBio_HiFi/deepconsensus/v1pt2/HG02615.m64136_210531_083342.dc.q20.fastq.gz','s3://human-pangenomics/working/HPRC/HG02615/raw_data/PacBio_HiFi/m84081_231105_031800_s4.hifi_reads.default.bam']	['s3://human-pangenomics/working/HPRC/HG02615/raw_data/Illumina/child/HG02615.final.cram']	['s3://human-pangenomics/working/HPRC/HG02615/raw_data/nanopore/sup5.0.0_5mCG_5hmCG/11_12_24_R1041_UL_HPRC_HG02615_1_dorado0.9.0_sup5.0.0_5mCG_5hmCG.bam','s3://human-pangenomics/working/HPRC/HG02615/raw_data/nanopore/sup5.0.0_5mCG_5hmCG/11_12_24_R1041_UL_HPRC_HG02615_2_dorado0.9.0_sup5.0.0_5mCG_5hmCG.bam','s3://human-pangenomics/working/HPRC/HG02615/raw_data/nanopore/guppy_6/07_20_21_R941_HG02615_1_Guppy_6.5.7_450bps_modbases_5mc_cg_sup_prom_pass.bam','s3://human-pangenomics/working/HPRC/HG02615/raw_data/nanopore/guppy_6/07_20_21_R941_HG02615_2_Guppy_6.5.7_450bps_modbases_5mc_cg_sup_prom_pass.bam','s3://human-pangenomics/working/HPRC/HG02615/raw_data/nanopore/guppy_6/07_20_21_R941_HG02615_3_Guppy_6.5.7_450bps_modbases_5mc_cg_sup_prom_pass.bam']	[--unitig-abundance 8]
HG02622	['s3://human-pangenomics/working/HPRC/HG02622/raw_data/hic/NWM197a-1_S4_L003_R1_001.fastq.gz','s3://human-pangenomics/working/HPRC/HG02622/raw_data/hic/NWM197a-1_S4_L003_R2_001.fastq.gz','s3://human-pangenomics/working/HPRC/HG02622/raw_data/hic/NWM197a-2_S12_L003_R1_001.fastq.gz','s3://human-pangenomics/working/HPRC/HG02622/raw_data/hic/NWM197a-2_S12_L003_R2_001.fastq.gz','s3://human-pangenomics/working/HPRC/HG02622/raw_data/hic/NWM197a-1_S4_L004_R1_001.fastq.gz','s3://human-pangenomics/working/HPRC/HG02622/raw_data/hic/NWM197a-1_S4_L004_R2_001.fastq.gz','s3://human-pangenomics/working/HPRC/HG02622/raw_data/hic/NWM197a-1_S4_L001_R1_001.fastq.gz','s3://human-pangenomics/working/HPRC/HG02622/raw_data/hic/NWM197a-1_S4_L001_R2_001.fastq.gz','s3://human-pangenomics/working/HPRC/HG02622/raw_data/hic/NWM197a-1_S4_L002_R1_001.fastq.gz','s3://human-pangenomics/working/HPRC/HG02622/raw_data/hic/NWM197a-1_S4_L002_R2_001.fastq.gz','s3://human-pangenomics/working/HPRC/HG02622/raw_data/hic/NWM197a-2_S12_L004_R1_001.fastq.gz','s3://human-pangenomics/working/HPRC/HG02622/raw_data/hic/NWM197a-2_S12_L004_R2_001.fastq.gz','s3://human-pangenomics/working/HPRC/HG02622/raw_data/hic/NWM197a-2_S12_L001_R1_001.fastq.gz','s3://human-pangenomics/working/HPRC/HG02622/raw_data/hic/NWM197a-2_S12_L001_R2_001.fastq.gz','s3://human-pangenomics/working/HPRC/HG02622/raw_data/hic/NWM197a-2_S12_L002_R1_001.fastq.gz','s3://human-pangenomics/working/HPRC/HG02622/raw_data/hic/NWM197a-2_S12_L002_R2_001.fastq.gz']	['s3://human-pangenomics/working/HPRC/HG02622/raw_data/PacBio_HiFi/deepconsensus/v1pt2/HG02622.m64043_200530_164723.dc.q20.fastq.gz','s3://human-pangenomics/working/HPRC/HG02622/raw_data/PacBio_HiFi/deepconsensus/v1pt2/HG02622.m64043_200601_191521.dc.q20.fastq.gz','s3://human-pangenomics/working/HPRC/HG02622/raw_data/PacBio_HiFi/deepconsensus/v1pt2/HG02622.m64043_200603_012738.dc.q20.fastq.gz','s3://human-pangenomics/working/HPRC/HG02622/raw_data/PacBio_HiFi/deepconsensus/v1pt2/HG02622.m64043_200604_075218.dc.q20.fastq.gz']	['s3://human-pangenomics/working/HPRC/HG02622/raw_data/Illumina/child/HG02622.final.cram']	['s3://human-pangenomics/working/HPRC/HG02622/raw_data/nanopore/sup5.0.0_5mCG_5hmCG/09_16_24_R1041_UL_HPRC_HG02622_1_dorado1.0.0_sup5.0.0_5mCG_5hmCG.bam','s3://human-pangenomics/working/HPRC/HG02622/raw_data/nanopore/sup5.0.0_5mCG_5hmCG/09_16_24_R1041_UL_HPRC_HG02622_2_dorado1.0.0_sup5.0.0_5mCG_5hmCG.bam','s3://human-pangenomics/working/HPRC/HG02622/raw_data/nanopore/guppy_6/03_14_23_R941_HG02622_1_Guppy_6.5.7_450bps_modbases_5mc_cg_sup_prom_pass.bam','s3://human-pangenomics/working/HPRC/HG02622/raw_data/nanopore/guppy_6/03_14_23_R941_HG02622_2_Guppy_6.5.7_450bps_modbases_5mc_cg_sup_prom_pass.bam','s3://human-pangenomics/working/HPRC/HG02622/raw_data/nanopore/guppy_6/HG02622_1_Guppy_6.5.7_450bps_modbases_5mc_cg_sup_prom_pass.bam','s3://human-pangenomics/working/HPRC/HG02622/raw_data/nanopore/guppy_6/HG02622_3_Guppy_6.5.7_450bps_modbases_5mc_cg_sup_prom_pass.bam','s3://human-pangenomics/working/HPRC/HG02622/raw_data/nanopore/guppy_6/HG02622_5_Guppy_6.5.7_450bps_modbases_5mc_cg_sup_prom_pass.bam']	[--unitig-abundance 8]
HG02624	['s3://human-pangenomics/working/HPRC/HG02624/raw_data/hic/HG02624-2_FC2_S26_L003_R2_001.fastq.gz','s3://human-pangenomics/working/HPRC/HG02624/raw_data/hic/HG02624-1_FC1_S25_L003_R2_001.fastq.gz','s3://human-pangenomics/working/HPRC/HG02624/raw_data/hic/HG02624-1_FC2_S25_L003_R2_001.fastq.gz','s3://human-pangenomics/working/HPRC/HG02624/raw_data/hic/HG02624-2_FC1_S26_L003_R2_001.fastq.gz','s3://human-pangenomics/working/HPRC/HG02624/raw_data/hic/HG02624-1_FC2_S25_L003_R1_001.fastq.gz','s3://human-pangenomics/working/HPRC/HG02624/raw_data/hic/HG02624-2_FC2_S26_L003_R1_001.fastq.gz','s3://human-pangenomics/working/HPRC/HG02624/raw_data/hic/HG02624-2_FC1_S26_L003_R1_001.fastq.gz','s3://human-pangenomics/working/HPRC/HG02624/raw_data/hic/HG02624-1_FC1_S25_L003_R1_001.fastq.gz']	['s3://human-pangenomics/working/HPRC/HG02624/raw_data/PacBio_HiFi/m84091_240221_215958_s3.hifi_reads.bc1001.bam','s3://human-pangenomics/working/HPRC/HG02624/raw_data/PacBio_HiFi/m84091_231214_211211_s3.hifi_reads.bc1001.bam','s3://human-pangenomics/working/HPRC/HG02624/raw_data/PacBio_HiFi/m84091_231106_194835_s4.hifi_reads.bc1001.bam','s3://human-pangenomics/working/HPRC/HG02624/raw_data/PacBio_HiFi/m84091_231113_162942_s4.hifi_reads.bc1001.bam']	['s3://human-pangenomics/working/HPRC/HG02624/raw_data/Illumina/child/HG02624.final.fq.gz']	['s3://human-pangenomics/working/HPRC/HG02624/raw_data/nanopore/sup5.0.0_5mCG_5hmCG/09_06_23_R1041_HPRC_HG02624_1_dorado0.9.5_sup5.0.0_5mCG_5hmCG.bam','s3://human-pangenomics/working/HPRC/HG02624/raw_data/nanopore/sup5.0.0_5mCG_5hmCG/09_06_23_R1041_HPRC_HG02624_2_dorado0.9.5_sup5.0.0_5mCG_5hmCG.bam','s3://human-pangenomics/working/HPRC/HG02624/raw_data/nanopore/sup5.0.0_5mCG_5hmCG/09_06_23_R1041_HPRC_HG02624_3_dorado0.9.5_sup5.0.0_5mCG_5hmCG.bam']	[--unitig-abundance 8]
HG02630	['s3://human-pangenomics/working/HPRC/HG02630/raw_data/hic/NWM196a-2_S11_L003_R1_001.fastq.gz','s3://human-pangenomics/working/HPRC/HG02630/raw_data/hic/NWM196a-2_S11_L003_R2_001.fastq.gz','s3://human-pangenomics/working/HPRC/HG02630/raw_data/hic/NWM196a-1_S3_L003_R1_001.fastq.gz','s3://human-pangenomics/working/HPRC/HG02630/raw_data/hic/NWM196a-1_S3_L003_R2_001.fastq.gz','s3://human-pangenomics/working/HPRC/HG02630/raw_data/hic/NWM196a-2_S11_L004_R1_001.fastq.gz','s3://human-pangenomics/working/HPRC/HG02630/raw_data/hic/NWM196a-2_S11_L004_R2_001.fastq.gz','s3://human-pangenomics/working/HPRC/HG02630/raw_data/hic/NWM196a-2_S11_L001_R1_001.fastq.gz','s3://human-pangenomics/working/HPRC/HG02630/raw_data/hic/NWM196a-2_S11_L001_R2_001.fastq.gz','s3://human-pangenomics/working/HPRC/HG02630/raw_data/hic/NWM196a-2_S11_L002_R1_001.fastq.gz','s3://human-pangenomics/working/HPRC/HG02630/raw_data/hic/NWM196a-2_S11_L002_R2_001.fastq.gz','s3://human-pangenomics/working/HPRC/HG02630/raw_data/hic/NWM196a-1_S3_L004_R1_001.fastq.gz','s3://human-pangenomics/working/HPRC/HG02630/raw_data/hic/NWM196a-1_S3_L004_R2_001.fastq.gz','s3://human-pangenomics/working/HPRC/HG02630/raw_data/hic/NWM196a-1_S3_L001_R1_001.fastq.gz','s3://human-pangenomics/working/HPRC/HG02630/raw_data/hic/NWM196a-1_S3_L001_R2_001.fastq.gz','s3://human-pangenomics/working/HPRC/HG02630/raw_data/hic/NWM196a-1_S3_L002_R1_001.fastq.gz','s3://human-pangenomics/working/HPRC/HG02630/raw_data/hic/NWM196a-1_S3_L002_R2_001.fastq.gz']	['s3://human-pangenomics/working/HPRC/HG02630/raw_data/PacBio_HiFi/deepconsensus/v1pt2/HG02630.m64043_200501_162248.dc.q20.fastq.gz','s3://human-pangenomics/working/HPRC/HG02630/raw_data/PacBio_HiFi/deepconsensus/v1pt2/HG02630.m64043_200502_223511.dc.q20.fastq.gz','s3://human-pangenomics/working/HPRC/HG02630/raw_data/PacBio_HiFi/deepconsensus/v1pt2/HG02630.m64043_200504_050026.dc.q20.fastq.gz','s3://human-pangenomics/working/HPRC/HG02630/raw_data/PacBio_HiFi/deepconsensus/v1pt2/HG02630.m64043_200505_112554.dc.q20.fastq.gz']	['s3://human-pangenomics/working/HPRC/HG02630/raw_data/Illumina/child/HG02630.final.cram']	['s3://human-pangenomics/working/HPRC/HG02630/raw_data/nanopore/sup5.0.0_5mCG_5hmCG/09_16_24_R1041_UL_HPRC_HG02630_1_dorado1.0.0_sup5.0.0_5mCG_5hmCG.bam','s3://human-pangenomics/working/HPRC/HG02630/raw_data/nanopore/sup5.0.0_5mCG_5hmCG/09_16_24_R1041_UL_HPRC_HG02630_2_dorado1.0.0_sup5.0.0_5mCG_5hmCG.bam','s3://human-pangenomics/working/HPRC/HG02630/raw_data/nanopore/guppy_6/04_11_23_R941_HG02630_1_Guppy_6.5.7_450bps_modbases_5mc_cg_sup_prom_pass.bam','s3://human-pangenomics/working/HPRC/HG02630/raw_data/nanopore/guppy_6/04_11_23_R941_HG02630_2_Guppy_6.5.7_450bps_modbases_5mc_cg_sup_prom_pass.bam','s3://human-pangenomics/working/HPRC/HG02630/raw_data/nanopore/guppy_6/HG02630_1_Guppy_6.5.7_450bps_modbases_5mc_cg_sup_prom_pass.bam','s3://human-pangenomics/working/HPRC/HG02630/raw_data/nanopore/guppy_6/HG02630_3_Guppy_6.5.7_450bps_modbases_5mc_cg_sup_prom_pass.bam','s3://human-pangenomics/working/HPRC/HG02630/raw_data/nanopore/guppy_6/HG02630_5_Guppy_6.5.7_450bps_modbases_5mc_cg_sup_prom_pass.bam']	[--unitig-abundance 8]
HG02642	['s3://human-pangenomics/working/HPRC/HG02642/raw_data/hic/HG02642-1_FC1_S3_L001_R1_001.fastq.gz','s3://human-pangenomics/working/HPRC/HG02642/raw_data/hic/HG02642-1_FC1_S3_L001_R2_001.fastq.gz','s3://human-pangenomics/working/HPRC/HG02642/raw_data/hic/HG02642-1_FC2_S3_L001_R1_001.fastq.gz','s3://human-pangenomics/working/HPRC/HG02642/raw_data/hic/HG02642-1_FC2_S3_L001_R2_001.fastq.gz','s3://human-pangenomics/working/HPRC/HG02642/raw_data/hic/HG02642-2_FC1_S4_L001_R1_001.fastq.gz','s3://human-pangenomics/working/HPRC/HG02642/raw_data/hic/HG02642-2_FC1_S4_L001_R2_001.fastq.gz','s3://human-pangenomics/working/HPRC/HG02642/raw_data/hic/HG02642-2_FC2_S4_L001_R1_001.fastq.gz','s3://human-pangenomics/working/HPRC/HG02642/raw_data/hic/HG02642-2_FC2_S4_L001_R2_001.fastq.gz']	['s3://human-pangenomics/working/HPRC/HG02642/raw_data/PacBio_HiFi/m84081_240405_232145_s3.hifi_reads.bc2081.bam','s3://human-pangenomics/working/HPRC/HG02642/raw_data/PacBio_HiFi/m84081_240406_012110_s4.hifi_reads.bc2081.bam']	['s3://human-pangenomics/working/HPRC/HG02642/raw_data/Illumina/child/HG02642.final.fq.gz']	['s3://human-pangenomics/working/HPRC/HG02642/raw_data/nanopore/sup5.0.0_5mCG_5hmCG/10_21_24_R1041_UL_HPRC_HG02642_1_dorado0.9.1_sup5.0.0_5mCG_5hmCG.bam','s3://human-pangenomics/working/HPRC/HG02642/raw_data/nanopore/sup5.0.0_5mCG_5hmCG/10_21_24_R1041_UL_HPRC_HG02642_2_dorado0.9.1_sup5.0.0_5mCG_5hmCG.bam','s3://human-pangenomics/working/HPRC/HG02642/raw_data/nanopore/sup5.0.0_5mCG_5hmCG/10_28_24_R1041_UL_HPRC_HG02642_1_dorado0.9.1_sup5.0.0_5mCG_5hmCG.bam']	[--unitig-abundance 8]
HG02647	['s3://human-pangenomics/working/HPRC/HG02647/raw_data/hic/HG02647-36b-1_S19_L004_R1_001.fastq.gz','s3://human-pangenomics/working/HPRC/HG02647/raw_data/hic/HG02647-36b-1_S19_L004_R2_001.fastq.gz','s3://human-pangenomics/working/HPRC/HG02647/raw_data/hic/HG02647-36b-1_S19_L002_R1_001.fastq.gz','s3://human-pangenomics/working/HPRC/HG02647/raw_data/hic/HG02647-36b-1_S19_L002_R2_001.fastq.gz','s3://human-pangenomics/working/HPRC/HG02647/raw_data/hic/HG02647-36b-1_S19_L003_R1_001.fastq.gz','s3://human-pangenomics/working/HPRC/HG02647/raw_data/hic/HG02647-36b-1_S19_L003_R2_001.fastq.gz','s3://human-pangenomics/working/HPRC/HG02647/raw_data/hic/HG02647-36b-1_S19_L001_R1_001.fastq.gz','s3://human-pangenomics/working/HPRC/HG02647/raw_data/hic/HG02647-36b-1_S19_L001_R2_001.fastq.gz','s3://human-pangenomics/working/HPRC/HG02647/raw_data/hic/HG02647-36b-2_S20_L004_R1_001.fastq.gz','s3://human-pangenomics/working/HPRC/HG02647/raw_data/hic/HG02647-36b-2_S20_L004_R2_001.fastq.gz','s3://human-pangenomics/working/HPRC/HG02647/raw_data/hic/HG02647-36b-2_S20_L002_R1_001.fastq.gz','s3://human-pangenomics/working/HPRC/HG02647/raw_data/hic/HG02647-36b-2_S20_L002_R2_001.fastq.gz','s3://human-pangenomics/working/HPRC/HG02647/raw_data/hic/HG02647-36b-2_S20_L003_R2_001.fastq.gz','s3://human-pangenomics/working/HPRC/HG02647/raw_data/hic/HG02647-36b-2_S20_L003_R1_001.fastq.gz','s3://human-pangenomics/working/HPRC/HG02647/raw_data/hic/HG02647-36b-2_S20_L001_R1_001.fastq.gz','s3://human-pangenomics/working/HPRC/HG02647/raw_data/hic/HG02647-36b-2_S20_L001_R2_001.fastq.gz']	['s3://human-pangenomics/working/HPRC/HG02647/raw_data/PacBio_HiFi/deepconsensus/v1pt2/HG02647.m54329U_210604_200442.dc.q20.fastq.gz','s3://human-pangenomics/working/HPRC/HG02647/raw_data/PacBio_HiFi/deepconsensus/v1pt2/HG02647.m64076_210527_231639.dc.q20.fastq.gz','s3://human-pangenomics/working/HPRC/HG02647/raw_data/PacBio_HiFi/deepconsensus/v1pt2/HG02647.m64076_210530_192034.dc.q20.fastq.gz','s3://human-pangenomics/working/HPRC/HG02647/raw_data/PacBio_HiFi/deepconsensus/v1pt2/HG02647.m64076_210601_061523.dc.q20.fastq.gz','s3://human-pangenomics/working/HPRC/HG02647/raw_data/PacBio_HiFi/m84046_230707_202610_s3.hifi_reads.bc2060.bam']	['s3://human-pangenomics/working/HPRC/HG02647/raw_data/Illumina/child/HG02647.final.cram']	['s3://human-pangenomics/working/HPRC/HG02647/raw_data/nanopore/sup5.0.0_5mCG_5hmCG/12_02_24_R1041_UL_HPRC_HG02647_1_dorado0.9.0_sup5.0.0_5mCG_5hmCG.bam','s3://human-pangenomics/working/HPRC/HG02647/raw_data/nanopore/sup5.0.0_5mCG_5hmCG/12_02_24_R1041_UL_HPRC_HG02647_2_dorado0.9.0_sup5.0.0_5mCG_5hmCG.bam','s3://human-pangenomics/working/HPRC/HG02647/raw_data/nanopore/guppy_6/08_10_21_R941_HG02647_1_Guppy_6.5.7_450bps_modbases_5mc_cg_sup_prom_pass.bam','s3://human-pangenomics/working/HPRC/HG02647/raw_data/nanopore/guppy_6/08_10_21_R941_HG02647_2_Guppy_6.5.7_450bps_modbases_5mc_cg_sup_prom_pass.bam','s3://human-pangenomics/working/HPRC/HG02647/raw_data/nanopore/guppy_6/08_10_21_R941_HG02647_3_Guppy_6.5.7_450bps_modbases_5mc_cg_sup_prom_pass.bam','s3://human-pangenomics/working/HPRC/HG02647/raw_data/nanopore/guppy_6/08_10_21_R941_HG02647_4_Guppy_6.5.7_450bps_modbases_5mc_cg_sup_prom_pass.bam']	[--unitig-abundance 8]
HG02661	['s3://human-pangenomics/working/HPRC/HG02661/raw_data/hic/HG02661-1_FC1_S29_L003_R2_001.fastq.gz','s3://human-pangenomics/working/HPRC/HG02661/raw_data/hic/HG02661-1_FC2_S29_L003_R2_001.fastq.gz','s3://human-pangenomics/working/HPRC/HG02661/raw_data/hic/HG02661-2_FC2_S30_L003_R2_001.fastq.gz','s3://human-pangenomics/working/HPRC/HG02661/raw_data/hic/HG02661-2_FC2_S30_L003_R1_001.fastq.gz','s3://human-pangenomics/working/HPRC/HG02661/raw_data/hic/HG02661-1_FC2_S29_L003_R1_001.fastq.gz','s3://human-pangenomics/working/HPRC/HG02661/raw_data/hic/HG02661-1_FC1_S29_L003_R1_001.fastq.gz','s3://human-pangenomics/working/HPRC/HG02661/raw_data/hic/HG02661-2_FC1_S30_L003_R2_001.fastq.gz','s3://human-pangenomics/working/HPRC/HG02661/raw_data/hic/HG02661-2_FC1_S30_L003_R1_001.fastq.gz']	['s3://human-pangenomics/working/HPRC/HG02661/raw_data/PacBio_HiFi/m84046_240627_045451_s2.hifi_reads.bc2036.bam','s3://human-pangenomics/working/HPRC/HG02661/raw_data/PacBio_HiFi/m84046_240629_082854_s3.hifi_reads.bc2036.bam','s3://human-pangenomics/working/HPRC/HG02661/raw_data/PacBio_HiFi/m84046_240626_010058_s1.hifi_reads.bc2036.bam','s3://human-pangenomics/working/HPRC/HG02661/raw_data/PacBio_HiFi/m84046_240709_030210_s1.hifi_reads.bc2036.bam','s3://human-pangenomics/working/HPRC/HG02661/raw_data/PacBio_HiFi/m84046_240706_004818_s3.hifi_reads.bc2036.bam','s3://human-pangenomics/working/HPRC/HG02661/raw_data/PacBio_HiFi/m84046_240706_024737_s4.hifi_reads.bc2036.bam']	['s3://human-pangenomics/working/HPRC/HG02661/raw_data/Illumina/child/HG02661.final.fq.gz']	['s3://human-pangenomics/working/HPRC/HG02661/raw_data/nanopore/sup5.0.0_5mCG_5hmCG/10_14_24_R1041_UL_HPRC_HG02661_1_dorado1.1.1_sup5.0.0_5mCG_5hmCG.bam','s3://human-pangenomics/working/HPRC/HG02661/raw_data/nanopore/sup5.0.0_5mCG_5hmCG/10_14_24_R1041_UL_HPRC_HG02661_2_dorado1.1.1_sup5.0.0_5mCG_5hmCG.bam']	[--unitig-abundance 8]
HG02668	['s3://human-pangenomics/working/HPRC/HG02668/raw_data/hic/HG02668-2_FC1_S48_L003_R1_001.fastq.gz','s3://human-pangenomics/working/HPRC/HG02668/raw_data/hic/HG02668-2_FC1_S48_L003_R2_001.fastq.gz','s3://human-pangenomics/working/HPRC/HG02668/raw_data/hic/HG02668-2_FC3_S48_L003_R1_001.fastq.gz','s3://human-pangenomics/working/HPRC/HG02668/raw_data/hic/HG02668-2_FC3_S48_L003_R2_001.fastq.gz','s3://human-pangenomics/working/HPRC/HG02668/raw_data/hic/HG02668-2_FC4_S48_L003_R1_001.fastq.gz','s3://human-pangenomics/working/HPRC/HG02668/raw_data/hic/HG02668-2_FC4_S48_L003_R2_001.fastq.gz','s3://human-pangenomics/working/HPRC/HG02668/raw_data/hic/HG02668-2_FC2_S48_L003_R1_001.fastq.gz','s3://human-pangenomics/working/HPRC/HG02668/raw_data/hic/HG02668-2_FC2_S48_L003_R2_001.fastq.gz','s3://human-pangenomics/working/HPRC/HG02668/raw_data/hic/HG02668-1_FC3_S47_L003_R1_001.fastq.gz','s3://human-pangenomics/working/HPRC/HG02668/raw_data/hic/HG02668-1_FC3_S47_L003_R2_001.fastq.gz','s3://human-pangenomics/working/HPRC/HG02668/raw_data/hic/HG02668-1_FC1_S47_L003_R1_001.fastq.gz','s3://human-pangenomics/working/HPRC/HG02668/raw_data/hic/HG02668-1_FC1_S47_L003_R2_001.fastq.gz','s3://human-pangenomics/working/HPRC/HG02668/raw_data/hic/HG02668-1_FC4_S47_L003_R1_001.fastq.gz','s3://human-pangenomics/working/HPRC/HG02668/raw_data/hic/HG02668-1_FC4_S47_L003_R2_001.fastq.gz','s3://human-pangenomics/working/HPRC/HG02668/raw_data/hic/HG02668-1_FC2_S47_L003_R1_001.fastq.gz','s3://human-pangenomics/working/HPRC/HG02668/raw_data/hic/HG02668-1_FC2_S47_L003_R2_001.fastq.gz']	['s3://human-pangenomics/working/HPRC/HG02668/raw_data/PacBio_HiFi/primrose/m54306Ue_210801_045414.5mc.hifi_reads.bam','s3://human-pangenomics/working/HPRC/HG02668/raw_data/PacBio_HiFi/primrose/m54306Ue_210802_164702.5mc.hifi_reads.bam','s3://human-pangenomics/working/HPRC/HG02668/raw_data/PacBio_HiFi/primrose/m54306Ue_210804_021745.5mc.hifi_reads.bam','s3://human-pangenomics/working/HPRC/HG02668/raw_data/PacBio_HiFi/primrose/m64055e_210810_194150.5mc.hifi_reads.bam','s3://human-pangenomics/working/HPRC/HG02668/raw_data/PacBio_HiFi/m84091_230804_170925_s2.hifi_reads.bc1010.bam']	['s3://human-pangenomics/working/HPRC/HG02668/raw_data/Illumina/child/HG02668.final.cram']	['s3://human-pangenomics/working/HPRC/HG02668/raw_data/nanopore/sup5.0.0_5mCG_5hmCG/12_02_24_R1041_UL_HPRC_HG02668_1_dorado0.9.0_sup5.0.0_5mCG_5hmCG.bam','s3://human-pangenomics/working/HPRC/HG02668/raw_data/nanopore/sup5.0.0_5mCG_5hmCG/12_02_24_R1041_UL_HPRC_HG02668_2_dorado0.9.0_sup5.0.0_5mCG_5hmCG.bam','s3://human-pangenomics/working/HPRC/HG02668/raw_data/nanopore/guppy_6/07_20_21_R941_HG02668_1_Guppy_6.5.7_450bps_modbases_5mc_cg_sup_prom_pass.bam','s3://human-pangenomics/working/HPRC/HG02668/raw_data/nanopore/guppy_6/07_20_21_R941_HG02668_2_Guppy_6.5.7_450bps_modbases_5mc_cg_sup_prom_pass.bam','s3://human-pangenomics/working/HPRC/HG02668/raw_data/nanopore/guppy_6/07_20_21_R941_HG02668_3_Guppy_6.5.7_450bps_modbases_5mc_cg_sup_prom_pass.bam']	[--unitig-abundance 8]
HG02676	['s3://human-pangenomics/working/HPRC/HG02676/raw_data/hic/HG02676-1_FC1_S17_L002_R1_001.fastq.gz','s3://human-pangenomics/working/HPRC/HG02676/raw_data/hic/HG02676-1_FC1_S17_L002_R2_001.fastq.gz','s3://human-pangenomics/working/HPRC/HG02676/raw_data/hic/HG02676-1_FC2_S17_L002_R1_001.fastq.gz','s3://human-pangenomics/working/HPRC/HG02676/raw_data/hic/HG02676-1_FC2_S17_L002_R2_001.fastq.gz','s3://human-pangenomics/working/HPRC/HG02676/raw_data/hic/HG02676-2_FC1_S18_L002_R1_001.fastq.gz','s3://human-pangenomics/working/HPRC/HG02676/raw_data/hic/HG02676-2_FC1_S18_L002_R2_001.fastq.gz','s3://human-pangenomics/working/HPRC/HG02676/raw_data/hic/HG02676-2_FC2_S18_L002_R1_001.fastq.gz','s3://human-pangenomics/working/HPRC/HG02676/raw_data/hic/HG02676-2_FC2_S18_L002_R2_001.fastq.gz']	['s3://human-pangenomics/working/HPRC/HG02676/raw_data/PacBio_HiFi/m84081_240204_054815_s1.hifi_reads.bc2041.bam','s3://human-pangenomics/working/HPRC/HG02676/raw_data/PacBio_HiFi/m84081_240204_074737_s2.hifi_reads.bc2041.bam']	['s3://human-pangenomics/working/HPRC/HG02676/raw_data/Illumina/child/HG02676.final.fq.gz']	['s3://human-pangenomics/working/HPRC/HG02676/raw_data/nanopore/sup5.0.0_5mCG_5hmCG/10_07_24_R1041_UL_HPRC_HG02676_1_dorado0.9.1_sup5.0.0_5mCG_5hmCG.bam','s3://human-pangenomics/working/HPRC/HG02676/raw_data/nanopore/sup5.0.0_5mCG_5hmCG/10_07_24_R1041_UL_HPRC_HG02676_2_dorado0.9.1_sup5.0.0_5mCG_5hmCG.bam','s3://human-pangenomics/working/HPRC/HG02676/raw_data/nanopore/sup5.0.0_5mCG_5hmCG/12_09_24_R1041_UL_HPRC_HG02676_1_dorado1.1.1_sup5.0.0_5mCG_5hmCG.bam']	[--unitig-abundance 8]
HG02683	['s3://human-pangenomics/working/HPRC/HG02683/raw_data/hic/HG02683-44a-1_S15_L001_R1_001.fastq.gz','s3://human-pangenomics/working/HPRC/HG02683/raw_data/hic/HG02683-44a-1_S15_L002_R1_001.fastq.gz','s3://human-pangenomics/working/HPRC/HG02683/raw_data/hic/HG02683-44a-1_S15_L003_R1_001.fastq.gz','s3://human-pangenomics/working/HPRC/HG02683/raw_data/hic/HG02683-44a-1_S15_L004_R1_001.fastq.gz','s3://human-pangenomics/working/HPRC/HG02683/raw_data/hic/HG02683-44a-2_S16_L001_R1_001.fastq.gz','s3://human-pangenomics/working/HPRC/HG02683/raw_data/hic/HG02683-44a-2_S16_L002_R1_001.fastq.gz','s3://human-pangenomics/working/HPRC/HG02683/raw_data/hic/HG02683-44a-2_S16_L003_R1_001.fastq.gz','s3://human-pangenomics/working/HPRC/HG02683/raw_data/hic/HG02683-44a-2_S16_L004_R1_001.fastq.gz','s3://human-pangenomics/working/HPRC/HG02683/raw_data/hic/HG02683-44a-1_S15_L001_R2_001.fastq.gz','s3://human-pangenomics/working/HPRC/HG02683/raw_data/hic/HG02683-44a-1_S15_L002_R2_001.fastq.gz','s3://human-pangenomics/working/HPRC/HG02683/raw_data/hic/HG02683-44a-1_S15_L003_R2_001.fastq.gz','s3://human-pangenomics/working/HPRC/HG02683/raw_data/hic/HG02683-44a-1_S15_L004_R2_001.fastq.gz','s3://human-pangenomics/working/HPRC/HG02683/raw_data/hic/HG02683-44a-2_S16_L001_R2_001.fastq.gz','s3://human-pangenomics/working/HPRC/HG02683/raw_data/hic/HG02683-44a-2_S16_L002_R2_001.fastq.gz','s3://human-pangenomics/working/HPRC/HG02683/raw_data/hic/HG02683-44a-2_S16_L003_R2_001.fastq.gz','s3://human-pangenomics/working/HPRC/HG02683/raw_data/hic/HG02683-44a-2_S16_L004_R2_001.fastq.gz']	['s3://human-pangenomics/working/HPRC/HG02683/raw_data/PacBio_HiFi/deepconsensus/v1pt2/HG02683.m54329U_210707_171722.dc.q20.fastq.gz','s3://human-pangenomics/working/HPRC/HG02683/raw_data/PacBio_HiFi/deepconsensus/v1pt2/HG02683.m54329U_210709_030038.dc.q20.fastq.gz','s3://human-pangenomics/working/HPRC/HG02683/raw_data/PacBio_HiFi/deepconsensus/v1pt2/HG02683.m64076_210703_103644.dc.q20.fastq.gz','s3://human-pangenomics/working/HPRC/HG02683/raw_data/PacBio_HiFi/m84046_230522_234602_s2.hifi_reads.default.bam']	['s3://human-pangenomics/working/HPRC/HG02683/raw_data/Illumina/child/HG02683.final.fq.gz']	['s3://human-pangenomics/working/HPRC/HG02683/raw_data/nanopore/sup5.0.0_5mCG_5hmCG/11_12_24_R1041_UL_HPRC_HG02683_1_dorado0.9.0_sup5.0.0_5mCG_5hmCG.bam','s3://human-pangenomics/working/HPRC/HG02683/raw_data/nanopore/sup5.0.0_5mCG_5hmCG/11_12_24_R1041_UL_HPRC_HG02683_2_dorado0.9.0_sup5.0.0_5mCG_5hmCG.bam','s3://human-pangenomics/working/HPRC/HG02683/raw_data/nanopore/sup5.0.0_5mCG_5hmCG/11_12_24_R1041_UL_HPRC_HG02683_3_dorado0.9.0_sup5.0.0_5mCG_5hmCG.bam']	[--unitig-abundance 8]
HG02698	['s3://human-pangenomics/working/HPRC/HG02698/raw_data/hic/HG02698-18b-2_S20_L004_R1_001.fastq.gz','s3://human-pangenomics/working/HPRC/HG02698/raw_data/hic/HG02698-18b-2_S20_L004_R2_001.fastq.gz','s3://human-pangenomics/working/HPRC/HG02698/raw_data/hic/HG02698-18b-2_S20_L003_R1_001.fastq.gz','s3://human-pangenomics/working/HPRC/HG02698/raw_data/hic/HG02698-18b-2_S20_L003_R2_001.fastq.gz','s3://human-pangenomics/working/HPRC/HG02698/raw_data/hic/HG02698-18b-2_S20_L002_R1_001.fastq.gz','s3://human-pangenomics/working/HPRC/HG02698/raw_data/hic/HG02698-18b-2_S20_L002_R2_001.fastq.gz','s3://human-pangenomics/working/HPRC/HG02698/raw_data/hic/HG02698-18b-2_S20_L001_R1_001.fastq.gz','s3://human-pangenomics/working/HPRC/HG02698/raw_data/hic/HG02698-18b-2_S20_L001_R2_001.fastq.gz','s3://human-pangenomics/working/HPRC/HG02698/raw_data/hic/HG02698-18b-1_S19_L004_R1_001.fastq.gz','s3://human-pangenomics/working/HPRC/HG02698/raw_data/hic/HG02698-18b-1_S19_L004_R2_001.fastq.gz','s3://human-pangenomics/working/HPRC/HG02698/raw_data/hic/HG02698-18b-1_S19_L003_R2_001.fastq.gz','s3://human-pangenomics/working/HPRC/HG02698/raw_data/hic/HG02698-18b-1_S19_L003_R1_001.fastq.gz','s3://human-pangenomics/working/HPRC/HG02698/raw_data/hic/HG02698-18b-1_S19_L002_R1_001.fastq.gz','s3://human-pangenomics/working/HPRC/HG02698/raw_data/hic/HG02698-18b-1_S19_L002_R2_001.fastq.gz','s3://human-pangenomics/working/HPRC/HG02698/raw_data/hic/HG02698-18b-1_S19_L001_R1_001.fastq.gz','s3://human-pangenomics/working/HPRC/HG02698/raw_data/hic/HG02698-18b-1_S19_L001_R2_001.fastq.gz']	['s3://human-pangenomics/working/HPRC/HG02698/raw_data/PacBio_HiFi/deepconsensus/v1pt2/HG02698.m64043_210519_013026.dc.q20.fastq.gz','s3://human-pangenomics/working/HPRC/HG02698/raw_data/PacBio_HiFi/deepconsensus/v1pt2/HG02698.m64136_210514_184433.dc.q20.fastq.gz','s3://human-pangenomics/working/HPRC/HG02698/raw_data/PacBio_HiFi/deepconsensus/v1pt2/HG02698.m64136_210517_184202.dc.q20.fastq.gz','s3://human-pangenomics/working/HPRC/HG02698/raw_data/PacBio_HiFi/m84081_231105_021548_s2.hifi_reads.default.bam']	['s3://human-pangenomics/working/HPRC/HG02698/raw_data/Illumina/child/HG02698.final.cram']	['s3://human-pangenomics/working/HPRC/HG02698/raw_data/nanopore/sup5.0.0_5mCG_5hmCG/11_18_24_R1041_UL_HPRC_HG02698_1_dorado0.9.0_sup5.0.0_5mCG_5hmCG.bam','s3://human-pangenomics/working/HPRC/HG02698/raw_data/nanopore/sup5.0.0_5mCG_5hmCG/11_18_24_R1041_UL_HPRC_HG02698_2_dorado0.9.0_sup5.0.0_5mCG_5hmCG.bam','s3://human-pangenomics/working/HPRC/HG02698/raw_data/nanopore/guppy_6/07_20_21_R941_HG02698_1_Guppy_6.5.7_450bps_modbases_5mc_cg_sup_prom_pass.bam','s3://human-pangenomics/working/HPRC/HG02698/raw_data/nanopore/guppy_6/07_20_21_R941_HG02698_2_Guppy_6.5.7_450bps_modbases_5mc_cg_sup_prom_pass.bam','s3://human-pangenomics/working/HPRC/HG02698/raw_data/nanopore/guppy_6/07_20_21_R941_HG02698_3_Guppy_6.5.7_450bps_modbases_5mc_cg_sup_prom_pass.bam','s3://human-pangenomics/working/HPRC/HG02698/raw_data/nanopore/guppy_6/07_20_21_R941_HG02698_4_Guppy_6.5.7_450bps_modbases_5mc_cg_sup_prom_pass.bam','s3://human-pangenomics/working/HPRC/HG02698/raw_data/nanopore/guppy_6/07_20_21_R941_HG02698_5_Guppy_6.5.7_450bps_modbases_5mc_cg_sup_prom_pass.bam']	[--unitig-abundance 8]
HG02717	['s3://human-pangenomics/working/HPRC/HG02717/raw_data/hic/NWM195a-1_S2_L003_R1_001.fastq.gz','s3://human-pangenomics/working/HPRC/HG02717/raw_data/hic/NWM195a-1_S2_L003_R2_001.fastq.gz','s3://human-pangenomics/working/HPRC/HG02717/raw_data/hic/NWM195a-2_S10_L003_R1_001.fastq.gz','s3://human-pangenomics/working/HPRC/HG02717/raw_data/hic/NWM195a-2_S10_L003_R2_001.fastq.gz','s3://human-pangenomics/working/HPRC/HG02717/raw_data/hic/NWM195a-1_S2_L004_R1_001.fastq.gz','s3://human-pangenomics/working/HPRC/HG02717/raw_data/hic/NWM195a-1_S2_L004_R2_001.fastq.gz','s3://human-pangenomics/working/HPRC/HG02717/raw_data/hic/NWM195a-1_S2_L001_R1_001.fastq.gz','s3://human-pangenomics/working/HPRC/HG02717/raw_data/hic/NWM195a-1_S2_L001_R2_001.fastq.gz','s3://human-pangenomics/working/HPRC/HG02717/raw_data/hic/NWM195a-1_S2_L002_R1_001.fastq.gz','s3://human-pangenomics/working/HPRC/HG02717/raw_data/hic/NWM195a-1_S2_L002_R2_001.fastq.gz','s3://human-pangenomics/working/HPRC/HG02717/raw_data/hic/NWM195a-2_S10_L004_R1_001.fastq.gz','s3://human-pangenomics/working/HPRC/HG02717/raw_data/hic/NWM195a-2_S10_L004_R2_001.fastq.gz','s3://human-pangenomics/working/HPRC/HG02717/raw_data/hic/NWM195a-2_S10_L001_R1_001.fastq.gz','s3://human-pangenomics/working/HPRC/HG02717/raw_data/hic/NWM195a-2_S10_L001_R2_001.fastq.gz','s3://human-pangenomics/working/HPRC/HG02717/raw_data/hic/NWM195a-2_S10_L002_R1_001.fastq.gz','s3://human-pangenomics/working/HPRC/HG02717/raw_data/hic/NWM195a-2_S10_L002_R2_001.fastq.gz']	['s3://human-pangenomics/working/HPRC/HG02717/raw_data/PacBio_HiFi/deepconsensus/v1pt2/HG02717.m64043_200403_163826.dc.q20.fastq.gz','s3://human-pangenomics/working/HPRC/HG02717/raw_data/PacBio_HiFi/deepconsensus/v1pt2/HG02717.m64043_200405_180950.dc.q20.fastq.gz','s3://human-pangenomics/working/HPRC/HG02717/raw_data/PacBio_HiFi/deepconsensus/v1pt2/HG02717.m64043_200407_002219.dc.q20.fastq.gz','s3://human-pangenomics/working/HPRC/HG02717/raw_data/PacBio_HiFi/deepconsensus/v1pt2/HG02717.m64043_200408_064651.dc.q20.fastq.gz','s3://human-pangenomics/working/HPRC/HG02717/raw_data/PacBio_HiFi/deepconsensus/v1pt2/HG02717.m64043_220603_180546.dc.q20.fastq.gz','s3://human-pangenomics/working/HPRC/HG02717/raw_data/PacBio_HiFi/deepconsensus/v1pt2/HG02717.m64136_220603_180611.dc.q20.fastq.gz']	['s3://human-pangenomics/working/HPRC/HG02717/raw_data/Illumina/child/HG02717.final.cram']	['s3://human-pangenomics/working/HPRC/HG02717/raw_data/nanopore/sup5.0.0_5mCG_5hmCG/09_16_24_R1041_UL_HPRC_HG02717_2_dorado1.0.0_sup5.0.0_5mCG_5hmCG.bam','s3://human-pangenomics/working/HPRC/HG02717/raw_data/nanopore/sup5.0.0_5mCG_5hmCG/09_16_24_R1041_UL_HPRC_HG02717_1_dorado1.0.0_sup5.0.0_5mCG_5hmCG.bam','s3://human-pangenomics/working/HPRC/HG02717/raw_data/nanopore/guppy_6/HG02717_1_Guppy_6.5.7_450bps_modbases_5mc_cg_sup_prom_pass.bam','s3://human-pangenomics/working/HPRC/HG02717/raw_data/nanopore/guppy_6/HG02717_3_Guppy_6.5.7_450bps_modbases_5mc_cg_sup_prom_pass.bam','s3://human-pangenomics/working/HPRC/HG02717/raw_data/nanopore/guppy_6/HG02717_5_Guppy_6.5.7_450bps_modbases_5mc_cg_sup_prom_pass.bam','s3://human-pangenomics/working/HPRC/HG02717/raw_data/nanopore/guppy_6/HG02717_PAK21733_Guppy_6.5.7_450bps_modbases_5mc_cg_sup_prom_pass.bam','s3://human-pangenomics/working/HPRC/HG02717/raw_data/nanopore/guppy_6/HG02717_PAK43947_Guppy_6.5.7_450bps_modbases_5mc_cg_sup_prom_pass.bam','s3://human-pangenomics/working/HPRC/HG02717/raw_data/nanopore/guppy_6/HG02717_PAK44878_Guppy_6.5.7_450bps_modbases_5mc_cg_sup_prom_pass.bam','s3://human-pangenomics/working/HPRC/HG02717/raw_data/nanopore/guppy_6/HG02717_PAK46278_Guppy_6.5.7_450bps_modbases_5mc_cg_sup_prom_pass.bam','s3://human-pangenomics/working/HPRC/HG02717/raw_data/nanopore/guppy_6/HG02717_PAK46297_Guppy_6.5.7_450bps_modbases_5mc_cg_sup_prom_pass.bam','s3://human-pangenomics/working/HPRC/HG02717/raw_data/nanopore/guppy_6/HG02717_PAM32901_Guppy_6.5.7_450bps_modbases_5mc_cg_sup_prom_pass.bam']	[--unitig-abundance 8]
HG02735	['s3://human-pangenomics/working/HPRC/HG02735/raw_data/hic/HG02735-1_S1_L004_R1_001.fastq.gz','s3://human-pangenomics/working/HPRC/HG02735/raw_data/hic/HG02735-1_S1_L004_R2_001.fastq.gz','s3://human-pangenomics/working/HPRC/HG02735/raw_data/hic/HG02735-2_S7_L004_R1_001.fastq.gz','s3://human-pangenomics/working/HPRC/HG02735/raw_data/hic/HG02735-2_S7_L004_R2_001.fastq.gz']	['s3://human-pangenomics/working/HPRC/HG02735/raw_data/PacBio_HiFi/deepconsensus/v1pt2/HG02735.m54329U_211109_002533.dc.q20.fastq.gz','s3://human-pangenomics/working/HPRC/HG02735/raw_data/PacBio_HiFi/deepconsensus/v1pt2/HG02735.m54329U_211204_121716.dc.q20.fastq.gz','s3://human-pangenomics/working/HPRC/HG02735/raw_data/PacBio_HiFi/deepconsensus/v1pt2/HG02735.m54329U_211209_115915.dc.q20.fastq.gz','s3://human-pangenomics/working/HPRC/HG02735/raw_data/PacBio_HiFi/deepconsensus/v1pt2/HG02735.m64076_211209_102926.dc.q20.fastq.gz','s3://human-pangenomics/working/HPRC/HG02735/raw_data/PacBio_HiFi/m84046_230703_225306_s4.hifi_reads.bc2062.bam','s3://human-pangenomics/working/HPRC/HG02735/raw_data/PacBio_HiFi/m84046_230707_192442_s1.hifi_reads.bc2062.bam','s3://human-pangenomics/working/HPRC/HG02735/raw_data/PacBio_HiFi/m84046_230711_230656_s2.hifi_reads.bc2062.bam','s3://human-pangenomics/working/HPRC/HG02735/raw_data/PacBio_HiFi/m84046_230628_175536_s3.hifi_reads.bc2062.bam']	['s3://human-pangenomics/working/HPRC/HG02735/raw_data/Illumina/child/HG02735.final.cram']	['s3://human-pangenomics/working/HPRC/HG02735/raw_data/nanopore/sup5.0.0_5mCG_5hmCG/11_12_24_R1041_UL_HPRC_HG02735_1_dorado0.9.1_sup5.0.0_5mCG_5hmCG.bam','s3://human-pangenomics/working/HPRC/HG02735/raw_data/nanopore/sup5.0.0_5mCG_5hmCG/11_12_24_R1041_UL_HPRC_HG02735_2_dorado0.9.1_sup5.0.0_5mCG_5hmCG.bam','s3://human-pangenomics/working/HPRC/HG02735/raw_data/nanopore/sup5.0.0_5mCG_5hmCG/11_18_24_R1041_UL_HPRC_HG02735_1_dorado0.9.1_sup5.0.0_5mCG_5hmCG.bam','s3://human-pangenomics/working/HPRC/HG02735/raw_data/nanopore/guppy_6/08_17_21_R941_HG02735_1_Guppy_6.5.7_450bps_modbases_5mc_cg_sup_prom_pass.bam','s3://human-pangenomics/working/HPRC/HG02735/raw_data/nanopore/guppy_6/08_17_21_R941_HG02735_2_Guppy_6.5.7_450bps_modbases_5mc_cg_sup_prom_pass.bam','s3://human-pangenomics/working/HPRC/HG02735/raw_data/nanopore/guppy_6/08_17_21_R941_HG02735_3_Guppy_6.5.7_450bps_modbases_5mc_cg_sup_prom_pass.bam','s3://human-pangenomics/working/HPRC/HG02735/raw_data/nanopore/guppy_6/08_17_21_R941_HG02735_4_Guppy_6.5.7_450bps_modbases_5mc_cg_sup_prom_pass.bam']	[--unitig-abundance 8]
HG02738	['s3://human-pangenomics/working/HPRC/HG02738/raw_data/hic/HG02738-40a-2_S18_L002_R1_001.fastq.gz','s3://human-pangenomics/working/HPRC/HG02738/raw_data/hic/HG02738-40a-2_S18_L002_R2_001.fastq.gz','s3://human-pangenomics/working/HPRC/HG02738/raw_data/hic/HG02738-40a-2_S18_L003_R1_001.fastq.gz','s3://human-pangenomics/working/HPRC/HG02738/raw_data/hic/HG02738-40a-2_S18_L003_R2_001.fastq.gz','s3://human-pangenomics/working/HPRC/HG02738/raw_data/hic/HG02738-40a-1_S17_L002_R1_001.fastq.gz','s3://human-pangenomics/working/HPRC/HG02738/raw_data/hic/HG02738-40a-1_S17_L002_R2_001.fastq.gz','s3://human-pangenomics/working/HPRC/HG02738/raw_data/hic/HG02738-40a-1_S17_L003_R1_001.fastq.gz','s3://human-pangenomics/working/HPRC/HG02738/raw_data/hic/HG02738-40a-1_S17_L003_R2_001.fastq.gz','s3://human-pangenomics/working/HPRC/HG02738/raw_data/hic/HG02738-40a-2_S18_L004_R1_001.fastq.gz','s3://human-pangenomics/working/HPRC/HG02738/raw_data/hic/HG02738-40a-2_S18_L004_R2_001.fastq.gz','s3://human-pangenomics/working/HPRC/HG02738/raw_data/hic/HG02738-40a-2_S18_L001_R1_001.fastq.gz','s3://human-pangenomics/working/HPRC/HG02738/raw_data/hic/HG02738-40a-2_S18_L001_R2_001.fastq.gz','s3://human-pangenomics/working/HPRC/HG02738/raw_data/hic/HG02738-40a-1_S17_L004_R1_001.fastq.gz','s3://human-pangenomics/working/HPRC/HG02738/raw_data/hic/HG02738-40a-1_S17_L004_R2_001.fastq.gz','s3://human-pangenomics/working/HPRC/HG02738/raw_data/hic/HG02738-40a-1_S17_L001_R1_001.fastq.gz','s3://human-pangenomics/working/HPRC/HG02738/raw_data/hic/HG02738-40a-1_S17_L001_R2_001.fastq.gz']	['s3://human-pangenomics/working/HPRC/HG02738/raw_data/PacBio_HiFi/deepconsensus/v1pt2/HG02738.m64076_210706_214544.dc.q20.fastq.gz','s3://human-pangenomics/working/HPRC/HG02738/raw_data/PacBio_HiFi/deepconsensus/v1pt2/HG02738.m64076_210711_102225.dc.q20.fastq.gz','s3://human-pangenomics/working/HPRC/HG02738/raw_data/PacBio_HiFi/deepconsensus/v1pt2/HG02738.m64076_210714_200553.dc.q20.fastq.gz','s3://human-pangenomics/working/HPRC/HG02738/raw_data/PacBio_HiFi/deepconsensus/v1pt2/HG02738.m64076_210718_085619.dc.q20.fastq.gz','s3://human-pangenomics/working/HPRC/HG02738/raw_data/PacBio_HiFi/m84046_230628_182559_s4.hifi_reads.default.bam','s3://human-pangenomics/working/HPRC/HG02738/raw_data/PacBio_HiFi/m84046_230623_213746_s2.hifi_reads.default.bam']	['s3://human-pangenomics/working/HPRC/HG02738/raw_data/Illumina/child/HG02738.final.cram']	['s3://human-pangenomics/working/HPRC/HG02738/raw_data/nanopore/sup5.0.0_5mCG_5hmCG/12_09_24_R1041_UL_HPRC_HG02738_1_dorado0.9.5_sup5.0.0_5mCG_5hmCG.bam','s3://human-pangenomics/working/HPRC/HG02738/raw_data/nanopore/sup5.0.0_5mCG_5hmCG/12_16_24_R1041_UL_HPRC_HG02738_1_dorado0.9.5_sup5.0.0_5mCG_5hmCG.bam','s3://human-pangenomics/working/HPRC/HG02738/raw_data/nanopore/guppy_6/08_17_21_R941_HG02738_1_Guppy_6.5.7_450bps_modbases_5mc_cg_sup_prom_pass.bam','s3://human-pangenomics/working/HPRC/HG02738/raw_data/nanopore/guppy_6/08_17_21_R941_HG02738_2_Guppy_6.5.7_450bps_modbases_5mc_cg_sup_prom_pass.bam','s3://human-pangenomics/working/HPRC/HG02738/raw_data/nanopore/guppy_6/08_17_21_R941_HG02738_3_Guppy_6.5.7_450bps_modbases_5mc_cg_sup_prom_pass.bam']	[--unitig-abundance 8]
HG02809	['s3://human-pangenomics/working/HPRC/HG02809/raw_data/hic/HG02809-52d-2_S4_L004_R1_001.fastq.gz','s3://human-pangenomics/working/HPRC/HG02809/raw_data/hic/HG02809-52d-2_S4_L004_R2_001.fastq.gz','s3://human-pangenomics/working/HPRC/HG02809/raw_data/hic/HG02809-52d-2_S4_L003_R1_001.fastq.gz','s3://human-pangenomics/working/HPRC/HG02809/raw_data/hic/HG02809-52d-2_S4_L003_R2_001.fastq.gz','s3://human-pangenomics/working/HPRC/HG02809/raw_data/hic/HG02809-52d-1_S3_L004_R1_001.fastq.gz','s3://human-pangenomics/working/HPRC/HG02809/raw_data/hic/HG02809-52d-1_S3_L004_R2_001.fastq.gz','s3://human-pangenomics/working/HPRC/HG02809/raw_data/hic/HG02809-52d-2_S4_L001_R1_001.fastq.gz','s3://human-pangenomics/working/HPRC/HG02809/raw_data/hic/HG02809-52d-2_S4_L001_R2_001.fastq.gz','s3://human-pangenomics/working/HPRC/HG02809/raw_data/hic/HG02809-52d-2_S4_L002_R1_001.fastq.gz','s3://human-pangenomics/working/HPRC/HG02809/raw_data/hic/HG02809-52d-2_S4_L002_R2_001.fastq.gz','s3://human-pangenomics/working/HPRC/HG02809/raw_data/hic/HG02809-52d-1_S3_L003_R1_001.fastq.gz','s3://human-pangenomics/working/HPRC/HG02809/raw_data/hic/HG02809-52d-1_S3_L003_R2_001.fastq.gz','s3://human-pangenomics/working/HPRC/HG02809/raw_data/hic/HG02809-52d-1_S3_L001_R1_001.fastq.gz','s3://human-pangenomics/working/HPRC/HG02809/raw_data/hic/HG02809-52d-1_S3_L001_R2_001.fastq.gz','s3://human-pangenomics/working/HPRC/HG02809/raw_data/hic/HG02809-52d-1_S3_L002_R1_001.fastq.gz','s3://human-pangenomics/working/HPRC/HG02809/raw_data/hic/HG02809-52d-1_S3_L002_R2_001.fastq.gz']	['s3://human-pangenomics/working/HPRC/HG02809/raw_data/PacBio_HiFi/deepconsensus/v1pt2/HG02809.m64043_210723_184340.dc.q20.fastq.gz','s3://human-pangenomics/working/HPRC/HG02809/raw_data/PacBio_HiFi/deepconsensus/v1pt2/HG02809.m64043_210725_053930.dc.q20.fastq.gz','s3://human-pangenomics/working/HPRC/HG02809/raw_data/PacBio_HiFi/deepconsensus/v1pt2/HG02809.m64043_210726_163819.dc.q20.fastq.gz','s3://human-pangenomics/working/HPRC/HG02809/raw_data/PacBio_HiFi/deepconsensus/v1pt2/HG02809.m64043_210728_163353.dc.q20.fastq.gz','s3://human-pangenomics/working/HPRC/HG02809/raw_data/PacBio_HiFi/m84081_231117_204232_s3.hifi_reads.bc2089.bam','s3://human-pangenomics/working/HPRC/HG02809/raw_data/PacBio_HiFi/m84081_231117_193129_s1.hifi_reads.bc2089.bam','s3://human-pangenomics/working/HPRC/HG02809/raw_data/PacBio_HiFi/m84081_231117_201125_s2.hifi_reads.bc2089.bam']	['s3://human-pangenomics/working/HPRC/HG02809/raw_data/Illumina/child/HG02809.final.cram']	['s3://human-pangenomics/working/HPRC/HG02809/raw_data/nanopore/sup5.0.0_5mCG_5hmCG/11_04_24_R1041_UL_HPRC_HG02809_1_dorado0.9.0_sup5.0.0_5mCG_5hmCG.bam','s3://human-pangenomics/working/HPRC/HG02809/raw_data/nanopore/sup5.0.0_5mCG_5hmCG/11_04_24_R1041_UL_HPRC_HG02809_2_dorado0.9.0_sup5.0.0_5mCG_5hmCG.bam','s3://human-pangenomics/working/HPRC/HG02809/raw_data/nanopore/sup5.0.0_5mCG_5hmCG/11_18_24_R1041_UL_HPRC_HG02809_1_dorado0.9.0_sup5.0.0_5mCG_5hmCG.bam','s3://human-pangenomics/working/HPRC/HG02809/raw_data/nanopore/guppy_6/08_17_21_R941_HG02809_1_Guppy_6.5.7_450bps_modbases_5mc_cg_sup_prom_pass.bam','s3://human-pangenomics/working/HPRC/HG02809/raw_data/nanopore/guppy_6/08_17_21_R941_HG02809_2_Guppy_6.5.7_450bps_modbases_5mc_cg_sup_prom_pass.bam','s3://human-pangenomics/working/HPRC/HG02809/raw_data/nanopore/guppy_6/08_17_21_R941_HG02809_3_Guppy_6.5.7_450bps_modbases_5mc_cg_sup_prom_pass.bam']	[--unitig-abundance 8]
HG02841	['s3://human-pangenomics/working/HPRC/HG02841/raw_data/hic/HG02841-1_S5_L001_R1_001.fastq.gz','s3://human-pangenomics/working/HPRC/HG02841/raw_data/hic/HG02841-1_S5_L001_R2_001.fastq.gz','s3://human-pangenomics/working/HPRC/HG02841/raw_data/hic/HG02841-2_S5_L002_R1_001.fastq.gz','s3://human-pangenomics/working/HPRC/HG02841/raw_data/hic/HG02841-2_S5_L002_R2_001.fastq.gz']	['s3://human-pangenomics/working/HPRC/HG02841/raw_data/PacBio_HiFi/deepconsensus/v1pt2/HG02841.m54306Ue_220326_050928.dc.q20.fastq.gz','s3://human-pangenomics/working/HPRC/HG02841/raw_data/PacBio_HiFi/deepconsensus/v1pt2/HG02841.m54306Ue_220327_160600.dc.q20.fastq.gz','s3://human-pangenomics/working/HPRC/HG02841/raw_data/PacBio_HiFi/deepconsensus/v1pt2/HG02841.m64330e_220407_180519.dc.q20.fastq.gz','s3://human-pangenomics/working/HPRC/HG02841/raw_data/PacBio_HiFi/deepconsensus/v1pt2/HG02841.m64334e_220321_180258.dc.q20.fastq.gz','s3://human-pangenomics/working/HPRC/HG02841/raw_data/PacBio_HiFi/primrose/m64334e_220412_183749.demultiplex.bc1021--bc1021.5mc.hifi_reads.bam','s3://human-pangenomics/working/HPRC/HG02841/raw_data/PacBio_HiFi/m84091_230905_202807_s3.hifi_reads.bc1015.bam','s3://human-pangenomics/working/HPRC/HG02841/raw_data/PacBio_HiFi/m84091_230905_192642_s1.hifi_reads.bc1015.bam','s3://human-pangenomics/working/HPRC/HG02841/raw_data/PacBio_HiFi/m84091_230905_195701_s2.hifi_reads.bc1015.bam']	['s3://human-pangenomics/working/HPRC/HG02841/raw_data/Illumina/child/HG02841.final.cram']	['s3://human-pangenomics/working/HPRC/HG02841/raw_data/nanopore/sup5.0.0_5mCG_5hmCG/11_12_24_R1041_UL_HPRC_HG02841_1_dorado0.9.1_sup5.0.0_5mCG_5hmCG.bam','s3://human-pangenomics/working/HPRC/HG02841/raw_data/nanopore/sup5.0.0_5mCG_5hmCG/11_12_24_R1041_UL_HPRC_HG02841_2_dorado0.9.1_sup5.0.0_5mCG_5hmCG.bam','s3://human-pangenomics/working/HPRC/HG02841/raw_data/nanopore/guppy_6/08_03_21_R941_HG02841_1_Guppy_6.5.7_450bps_modbases_5mc_cg_sup_prom_pass.bam','s3://human-pangenomics/working/HPRC/HG02841/raw_data/nanopore/guppy_6/08_03_21_R941_HG02841_2_Guppy_6.5.7_450bps_modbases_5mc_cg_sup_prom_pass.bam','s3://human-pangenomics/working/HPRC/HG02841/raw_data/nanopore/guppy_6/08_03_21_R941_HG02841_3_Guppy_6.5.7_450bps_modbases_5mc_cg_sup_prom_pass.bam']	[--unitig-abundance 8]
HG02886	['s3://human-pangenomics/working/HPRC/HG02886/raw_data/hic/NWM194a-2_S9_L003_R1_001.fastq.gz','s3://human-pangenomics/working/HPRC/HG02886/raw_data/hic/NWM194a-2_S9_L003_R2_001.fastq.gz','s3://human-pangenomics/working/HPRC/HG02886/raw_data/hic/NWM194a-1_S1_L003_R1_001.fastq.gz','s3://human-pangenomics/working/HPRC/HG02886/raw_data/hic/NWM194a-1_S1_L003_R2_001.fastq.gz','s3://human-pangenomics/working/HPRC/HG02886/raw_data/hic/NWM194a-2_S9_L004_R1_001.fastq.gz','s3://human-pangenomics/working/HPRC/HG02886/raw_data/hic/NWM194a-2_S9_L004_R2_001.fastq.gz','s3://human-pangenomics/working/HPRC/HG02886/raw_data/hic/NWM194a-2_S9_L001_R1_001.fastq.gz','s3://human-pangenomics/working/HPRC/HG02886/raw_data/hic/NWM194a-2_S9_L001_R2_001.fastq.gz','s3://human-pangenomics/working/HPRC/HG02886/raw_data/hic/NWM194a-2_S9_L002_R1_001.fastq.gz','s3://human-pangenomics/working/HPRC/HG02886/raw_data/hic/NWM194a-2_S9_L002_R2_001.fastq.gz','s3://human-pangenomics/working/HPRC/HG02886/raw_data/hic/NWM194a-1_S1_L004_R1_001.fastq.gz','s3://human-pangenomics/working/HPRC/HG02886/raw_data/hic/NWM194a-1_S1_L004_R2_001.fastq.gz','s3://human-pangenomics/working/HPRC/HG02886/raw_data/hic/NWM194a-1_S1_L001_R1_001.fastq.gz','s3://human-pangenomics/working/HPRC/HG02886/raw_data/hic/NWM194a-1_S1_L001_R2_001.fastq.gz','s3://human-pangenomics/working/HPRC/HG02886/raw_data/hic/NWM194a-1_S1_L002_R1_001.fastq.gz','s3://human-pangenomics/working/HPRC/HG02886/raw_data/hic/NWM194a-1_S1_L002_R2_001.fastq.gz']	['s3://human-pangenomics/working/HPRC/HG02886/raw_data/PacBio_HiFi/deepconsensus/v1pt2/HG02886.m64043_200410_214826.dc.q20.fastq.gz','s3://human-pangenomics/working/HPRC/HG02886/raw_data/PacBio_HiFi/deepconsensus/v1pt2/HG02886.m64043_200412_040054.dc.q20.fastq.gz','s3://human-pangenomics/working/HPRC/HG02886/raw_data/PacBio_HiFi/deepconsensus/v1pt2/HG02886.m64043_200413_102554.dc.q20.fastq.gz','s3://human-pangenomics/working/HPRC/HG02886/raw_data/PacBio_HiFi/deepconsensus/v1pt2/HG02886.m64043_200414_165107.dc.q20.fastq.gz']	['s3://human-pangenomics/working/HPRC/HG02886/raw_data/Illumina/child/HG02886.final.cram']	['s3://human-pangenomics/working/HPRC/HG02886/raw_data/nanopore/sup5.0.0_5mCG_5hmCG/09_16_24_R1041_UL_HPRC_HG02886_1_dorado1.0.0_sup5.0.0_5mCG_5hmCG.bam','s3://human-pangenomics/working/HPRC/HG02886/raw_data/nanopore/sup5.0.0_5mCG_5hmCG/09_16_24_R1041_UL_HPRC_HG02886_2_dorado1.0.0_sup5.0.0_5mCG_5hmCG.bam','s3://human-pangenomics/working/HPRC/HG02886/raw_data/nanopore/guppy_6/1_11_23_R941_HG02886_1_Guppy_6.5.7_450bps_modbases_5mc_cg_sup_prom_pass.bam','s3://human-pangenomics/working/HPRC/HG02886/raw_data/nanopore/guppy_6/1_11_23_R941_HG02886_2_Guppy_6.5.7_450bps_modbases_5mc_cg_sup_prom_pass.bam','s3://human-pangenomics/working/HPRC/HG02886/raw_data/nanopore/guppy_6/HG02886_1_Guppy_6.5.7_450bps_modbases_5mc_cg_sup_prom_pass.bam','s3://human-pangenomics/working/HPRC/HG02886/raw_data/nanopore/guppy_6/HG02886_3_Guppy_6.5.7_450bps_modbases_5mc_cg_sup_prom_pass.bam','s3://human-pangenomics/working/HPRC/HG02886/raw_data/nanopore/guppy_6/HG02886_5_Guppy_6.5.7_450bps_modbases_5mc_cg_sup_prom_pass.bam']	[--unitig-abundance 8]
HG02922	['s3://human-pangenomics/working/HPRC/HG02922/raw_data/hic/HG02922-2_S20_L004_R1_001.fastq.gz','s3://human-pangenomics/working/HPRC/HG02922/raw_data/hic/HG02922-2_S20_L004_R2_001.fastq.gz','s3://human-pangenomics/working/HPRC/HG02922/raw_data/hic/HG02922-2_S20_L001_R1_001.fastq.gz','s3://human-pangenomics/working/HPRC/HG02922/raw_data/hic/HG02922-2_S20_L001_R2_001.fastq.gz','s3://human-pangenomics/working/HPRC/HG02922/raw_data/hic/HG02922-2_S20_L003_R1_001.fastq.gz','s3://human-pangenomics/working/HPRC/HG02922/raw_data/hic/HG02922-2_S20_L003_R2_001.fastq.gz','s3://human-pangenomics/working/HPRC/HG02922/raw_data/hic/HG02922-2_S20_L002_R1_001.fastq.gz','s3://human-pangenomics/working/HPRC/HG02922/raw_data/hic/HG02922-2_S20_L002_R2_001.fastq.gz','s3://human-pangenomics/working/HPRC/HG02922/raw_data/hic/HG02922-1_S18_L004_R1_001.fastq.gz','s3://human-pangenomics/working/HPRC/HG02922/raw_data/hic/HG02922-1_S18_L004_R2_001.fastq.gz','s3://human-pangenomics/working/HPRC/HG02922/raw_data/hic/HG02922-1_S18_L003_R1_001.fastq.gz','s3://human-pangenomics/working/HPRC/HG02922/raw_data/hic/HG02922-1_S18_L003_R2_001.fastq.gz','s3://human-pangenomics/working/HPRC/HG02922/raw_data/hic/HG02922-1_S18_L001_R1_001.fastq.gz','s3://human-pangenomics/working/HPRC/HG02922/raw_data/hic/HG02922-1_S18_L001_R2_001.fastq.gz','s3://human-pangenomics/working/HPRC/HG02922/raw_data/hic/HG02922-1_S18_L002_R1_001.fastq.gz','s3://human-pangenomics/working/HPRC/HG02922/raw_data/hic/HG02922-1_S18_L002_R2_001.fastq.gz','s3://human-pangenomics/working/HPRC/HG02922/raw_data/hic/HG02922-2_S20i_L004_R1_001.fastq.gz','s3://human-pangenomics/working/HPRC/HG02922/raw_data/hic/HG02922-2_S20i_L004_R2_001.fastq.gz','s3://human-pangenomics/working/HPRC/HG02922/raw_data/hic/HG02922-2_S20i_L003_R1_001.fastq.gz','s3://human-pangenomics/working/HPRC/HG02922/raw_data/hic/HG02922-2_S20i_L003_R2_001.fastq.gz','s3://human-pangenomics/working/HPRC/HG02922/raw_data/hic/HG02922-1_S18i_L004_R1_001.fastq.gz','s3://human-pangenomics/working/HPRC/HG02922/raw_data/hic/HG02922-1_S18i_L004_R2_001.fastq.gz','s3://human-pangenomics/working/HPRC/HG02922/raw_data/hic/HG02922-2_S20i_L001_R1_001.fastq.gz','s3://human-pangenomics/working/HPRC/HG02922/raw_data/hic/HG02922-2_S20i_L001_R2_001.fastq.gz','s3://human-pangenomics/working/HPRC/HG02922/raw_data/hic/HG02922-2_S20i_L002_R1_001.fastq.gz','s3://human-pangenomics/working/HPRC/HG02922/raw_data/hic/HG02922-2_S20i_L002_R2_001.fastq.gz','s3://human-pangenomics/working/HPRC/HG02922/raw_data/hic/HG02922-1_S18i_L003_R1_001.fastq.gz','s3://human-pangenomics/working/HPRC/HG02922/raw_data/hic/HG02922-1_S18i_L003_R2_001.fastq.gz','s3://human-pangenomics/working/HPRC/HG02922/raw_data/hic/HG02922-1_S18i_L001_R1_001.fastq.gz','s3://human-pangenomics/working/HPRC/HG02922/raw_data/hic/HG02922-1_S18i_L001_R2_001.fastq.gz','s3://human-pangenomics/working/HPRC/HG02922/raw_data/hic/HG02922-1_S18i_L002_R1_001.fastq.gz','s3://human-pangenomics/working/HPRC/HG02922/raw_data/hic/HG02922-1_S18i_L002_R2_001.fastq.gz']	['s3://human-pangenomics/working/HPRC/HG02922/raw_data/PacBio_HiFi/deepconsensus/v1pt2/HG02922.m54329U_220816_182601.dc.q20.fastq.gz','s3://human-pangenomics/working/HPRC/HG02922/raw_data/PacBio_HiFi/deepconsensus/v1pt2/HG02922.m54329U_220903_190900.dc.q20.fastq.gz','s3://human-pangenomics/working/HPRC/HG02922/raw_data/PacBio_HiFi/deepconsensus/v1pt2/HG02922.m54329U_220905_144015.dc.q20.fastq.gz','s3://human-pangenomics/working/HPRC/HG02922/raw_data/PacBio_HiFi/deepconsensus/v1pt2/HG02922.m54329U_220907_100858.dc.q20.fastq.gz','s3://human-pangenomics/working/HPRC/HG02922/raw_data/PacBio_HiFi/m64457e_220902_165459-bc2053.5mc.hifi_reads.bam','s3://human-pangenomics/working/HPRC/HG02922/raw_data/PacBio_HiFi/m64457e_220906_104717-bc2053.5mc.hifi_reads.bam','s3://human-pangenomics/working/HPRC/HG02922/raw_data/PacBio_HiFi/m64457e_220904_135104-bc2053.5mc.hifi_reads.bam','s3://human-pangenomics/working/HPRC/HG02922/raw_data/PacBio_HiFi/m84046_230617_040148_s2.hifi_reads.bc2053.bam']	['s3://human-pangenomics/working/HPRC/HG02922/raw_data/Illumina/child/HG02922.final.cram']	['s3://human-pangenomics/working/HPRC/HG02922/raw_data/nanopore/sup5.0.0_5mCG_5hmCG/11_12_24_R1041_UL_HPRC_HG02922_1_dorado0.9.1_sup5.0.0_5mCG_5hmCG.bam','s3://human-pangenomics/working/HPRC/HG02922/raw_data/nanopore/sup5.0.0_5mCG_5hmCG/11_12_24_R1041_UL_HPRC_HG02922_2_dorado0.9.1_sup5.0.0_5mCG_5hmCG.bam','s3://human-pangenomics/working/HPRC/HG02922/raw_data/nanopore/guppy_6/06_28_22_R941_HG02922_1_Guppy_6.5.7_450bps_modbases_5mc_cg_sup_prom_pass.bam','s3://human-pangenomics/working/HPRC/HG02922/raw_data/nanopore/guppy_6/06_28_22_R941_HG02922_2_Guppy_6.5.7_450bps_modbases_5mc_cg_sup_prom_pass.bam','s3://human-pangenomics/working/HPRC/HG02922/raw_data/nanopore/guppy_6/06_28_22_R941_HG02922_3_Guppy_6.5.7_450bps_modbases_5mc_cg_sup_prom_pass.bam']	[--unitig-abundance 8]
HG02965	['s3://human-pangenomics/working/HPRC/HG02965/raw_data/hic/HG02965-2_S9_L003_R1_001.fastq.gz','s3://human-pangenomics/working/HPRC/HG02965/raw_data/hic/HG02965-2_S9_L003_R2_001.fastq.gz','s3://human-pangenomics/working/HPRC/HG02965/raw_data/hic/HG02965-2_S9_L001_R1_001.fastq.gz','s3://human-pangenomics/working/HPRC/HG02965/raw_data/hic/HG02965-2_S9_L001_R2_001.fastq.gz','s3://human-pangenomics/working/HPRC/HG02965/raw_data/hic/HG02965-2_S9_L004_R1_001.fastq.gz','s3://human-pangenomics/working/HPRC/HG02965/raw_data/hic/HG02965-2_S9_L004_R2_001.fastq.gz','s3://human-pangenomics/working/HPRC/HG02965/raw_data/hic/HG02965-2_S9_L002_R1_001.fastq.gz','s3://human-pangenomics/working/HPRC/HG02965/raw_data/hic/HG02965-2_S9_L002_R2_001.fastq.gz','s3://human-pangenomics/working/HPRC/HG02965/raw_data/hic/HG02965-1_S1_L003_R2_001.fastq.gz','s3://human-pangenomics/working/HPRC/HG02965/raw_data/hic/HG02965-1_S1_L003_R1_001.fastq.gz','s3://human-pangenomics/working/HPRC/HG02965/raw_data/hic/HG02965-1_S1_L001_R1_001.fastq.gz','s3://human-pangenomics/working/HPRC/HG02965/raw_data/hic/HG02965-1_S1_L001_R2_001.fastq.gz','s3://human-pangenomics/working/HPRC/HG02965/raw_data/hic/HG02965-1_S1_L004_R1_001.fastq.gz','s3://human-pangenomics/working/HPRC/HG02965/raw_data/hic/HG02965-1_S1_L004_R2_001.fastq.gz','s3://human-pangenomics/working/HPRC/HG02965/raw_data/hic/HG02965-1_S1_L002_R1_001.fastq.gz','s3://human-pangenomics/working/HPRC/HG02965/raw_data/hic/HG02965-1_S1_L002_R2_001.fastq.gz']	['s3://human-pangenomics/working/HPRC/HG02965/raw_data/PacBio_HiFi/deepconsensus/v1pt2/HG02965.m64043_220715_182700.dc.q20.fastq.gz','s3://human-pangenomics/working/HPRC/HG02965/raw_data/PacBio_HiFi/deepconsensus/v1pt2/HG02965.m64043_220717_152237.dc.q20.fastq.gz','s3://human-pangenomics/working/HPRC/HG02965/raw_data/PacBio_HiFi/deepconsensus/v1pt2/HG02965.m64043_220719_122051.dc.q20.fastq.gz','s3://human-pangenomics/working/HPRC/HG02965/raw_data/PacBio_HiFi/m84081_230628_190945_s2.hifi_reads.bc1017.bam','s3://human-pangenomics/working/HPRC/HG02965/raw_data/PacBio_HiFi/m84081_230628_183924_s1.hifi_reads.bc1017.bam']	['s3://human-pangenomics/working/HPRC/HG02965/raw_data/Illumina/child/HG02965.final.cram']	['s3://human-pangenomics/working/HPRC/HG02965/raw_data/nanopore/sup5.0.0_5mCG_5hmCG/11_18_24_R1041_UL_HPRC_HG02965_1_dorado0.9.1_sup5.0.0_5mCG_5hmCG.bam','s3://human-pangenomics/working/HPRC/HG02965/raw_data/nanopore/sup5.0.0_5mCG_5hmCG/11_18_24_R1041_UL_HPRC_HG02965_2_dorado0.9.1_sup5.0.0_5mCG_5hmCG.bam','s3://human-pangenomics/working/HPRC/HG02965/raw_data/nanopore/guppy_6/04_12_22_R941_HG02965_1_Guppy_6.5.7_450bps_modbases_5mc_cg_sup_prom_pass.bam','s3://human-pangenomics/working/HPRC/HG02965/raw_data/nanopore/guppy_6/04_12_22_R941_HG02965_2_Guppy_6.5.7_450bps_modbases_5mc_cg_sup_prom_pass.bam','s3://human-pangenomics/working/HPRC/HG02965/raw_data/nanopore/guppy_6/04_12_22_R941_HG02965_3_Guppy_6.5.7_450bps_modbases_5mc_cg_sup_prom_pass.bam']	[--unitig-abundance 8]
HG02976	['s3://human-pangenomics/working/HPRC/HG02976/raw_data/hic/HG02976-2_S14_L004_R1_001.fastq.gz','s3://human-pangenomics/working/HPRC/HG02976/raw_data/hic/HG02976-2_S14_L004_R2_001.fastq.gz','s3://human-pangenomics/working/HPRC/HG02976/raw_data/hic/HG02976-2_S14_L001_R1_001.fastq.gz','s3://human-pangenomics/working/HPRC/HG02976/raw_data/hic/HG02976-2_S14_L001_R2_001.fastq.gz','s3://human-pangenomics/working/HPRC/HG02976/raw_data/hic/HG02976-2_S14_L002_R1_001.fastq.gz','s3://human-pangenomics/working/HPRC/HG02976/raw_data/hic/HG02976-2_S14_L002_R2_001.fastq.gz','s3://human-pangenomics/working/HPRC/HG02976/raw_data/hic/HG02976-2_S14_L003_R1_001.fastq.gz','s3://human-pangenomics/working/HPRC/HG02976/raw_data/hic/HG02976-2_S14_L003_R2_001.fastq.gz','s3://human-pangenomics/working/HPRC/HG02976/raw_data/hic/HG02976-1_S6_L004_R1_001.fastq.gz','s3://human-pangenomics/working/HPRC/HG02976/raw_data/hic/HG02976-1_S6_L004_R2_001.fastq.gz','s3://human-pangenomics/working/HPRC/HG02976/raw_data/hic/HG02976-1_S6_L003_R1_001.fastq.gz','s3://human-pangenomics/working/HPRC/HG02976/raw_data/hic/HG02976-1_S6_L003_R2_001.fastq.gz','s3://human-pangenomics/working/HPRC/HG02976/raw_data/hic/HG02976-1_S6_L001_R1_001.fastq.gz','s3://human-pangenomics/working/HPRC/HG02976/raw_data/hic/HG02976-1_S6_L001_R2_001.fastq.gz','s3://human-pangenomics/working/HPRC/HG02976/raw_data/hic/HG02976-1_S6_L002_R1_001.fastq.gz','s3://human-pangenomics/working/HPRC/HG02976/raw_data/hic/HG02976-1_S6_L002_R2_001.fastq.gz','s3://human-pangenomics/working/HPRC/HG02976/raw_data/hic/HG02976-2_S14i_L004_R1_001.fastq.gz','s3://human-pangenomics/working/HPRC/HG02976/raw_data/hic/HG02976-2_S14i_L004_R2_001.fastq.gz','s3://human-pangenomics/working/HPRC/HG02976/raw_data/hic/HG02976-2_S14i_L003_R1_001.fastq.gz','s3://human-pangenomics/working/HPRC/HG02976/raw_data/hic/HG02976-2_S14i_L003_R2_001.fastq.gz','s3://human-pangenomics/working/HPRC/HG02976/raw_data/hic/HG02976-2_S14i_L001_R1_001.fastq.gz','s3://human-pangenomics/working/HPRC/HG02976/raw_data/hic/HG02976-2_S14i_L001_R2_001.fastq.gz','s3://human-pangenomics/working/HPRC/HG02976/raw_data/hic/HG02976-2_S14i_L002_R1_001.fastq.gz','s3://human-pangenomics/working/HPRC/HG02976/raw_data/hic/HG02976-2_S14i_L002_R2_001.fastq.gz']	['s3://human-pangenomics/working/HPRC/HG02976/raw_data/PacBio_HiFi/deepconsensus/v1pt2/HG02976.m64043_220617_195135.dc.q20.fastq.gz','s3://human-pangenomics/working/HPRC/HG02976/raw_data/PacBio_HiFi/deepconsensus/v1pt2/HG02976.m64043_220619_164635.dc.q20.fastq.gz','s3://human-pangenomics/working/HPRC/HG02976/raw_data/PacBio_HiFi/deepconsensus/v1pt2/HG02976.m64043_220621_134351.dc.q20.fastq.gz','s3://human-pangenomics/working/HPRC/HG02976/raw_data/PacBio_HiFi/deepconsensus/v1pt2/HG02976.m64043_220726_203720.dc.q20.fastq.gz','s3://human-pangenomics/working/HPRC/HG02976/raw_data/PacBio_HiFi/m84081_230630_190803_s1.hifi_reads.bc1009.bam','s3://human-pangenomics/working/HPRC/HG02976/raw_data/PacBio_HiFi/m84081_230630_193909_s2.hifi_reads.bc1009.bam']	['s3://human-pangenomics/working/HPRC/HG02976/raw_data/Illumina/child/HG02976.final.cram']	['s3://human-pangenomics/working/HPRC/HG02976/raw_data/nanopore/sup5.0.0_5mCG_5hmCG/11_04_24_R1041_UL_HPRC_HG02976_1_dorado0.9.1_sup5.0.0_5mCG_5hmCG.bam','s3://human-pangenomics/working/HPRC/HG02976/raw_data/nanopore/sup5.0.0_5mCG_5hmCG/11_04_24_R1041_UL_HPRC_HG02976_2_dorado0.9.1_sup5.0.0_5mCG_5hmCG.bam','s3://human-pangenomics/working/HPRC/HG02976/raw_data/nanopore/sup5.0.0_5mCG_5hmCG/11_18_24_R1041_UL_HPRC_HG02976_1_dorado0.9.1_sup5.0.0_5mCG_5hmCG.bam','s3://human-pangenomics/working/HPRC/HG02976/raw_data/nanopore/guppy_6/04_12_22_R941_HG02976_1_Guppy_6.5.7_450bps_modbases_5mc_cg_sup_prom_pass.bam','s3://human-pangenomics/working/HPRC/HG02976/raw_data/nanopore/guppy_6/04_12_22_R941_HG02976_2_Guppy_6.5.7_450bps_modbases_5mc_cg_sup_prom_pass.bam','s3://human-pangenomics/working/HPRC/HG02976/raw_data/nanopore/guppy_6/04_12_22_R941_HG02976_3_Guppy_6.5.7_450bps_modbases_5mc_cg_sup_prom_pass.bam']	[--unitig-abundance 8]
HG02984	['s3://human-pangenomics/working/HPRC/HG02984/raw_data/hic/HG02984-2_S6_L002_R1_001.fastq.gz','s3://human-pangenomics/working/HPRC/HG02984/raw_data/hic/HG02984-2_S6_L002_R2_001.fastq.gz','s3://human-pangenomics/working/HPRC/HG02984/raw_data/hic/HG02984-1_S6_L001_R1_001.fastq.gz','s3://human-pangenomics/working/HPRC/HG02984/raw_data/hic/HG02984-1_S6_L001_R2_001.fastq.gz']	['s3://human-pangenomics/working/HPRC/HG02984/raw_data/PacBio_HiFi/deepconsensus/v1pt2/HG02984.m54306Ue_220223_194148.dc.q20.fastq.gz','s3://human-pangenomics/working/HPRC/HG02984/raw_data/PacBio_HiFi/deepconsensus/v1pt2/HG02984.m64330e_220403_050826.dc.q20.fastq.gz','s3://human-pangenomics/working/HPRC/HG02984/raw_data/PacBio_HiFi/deepconsensus/v1pt2/HG02984.m64334e_220421_053305.dc.q20.fastq.gz','s3://human-pangenomics/working/HPRC/HG02984/raw_data/PacBio_HiFi/deepconsensus/v1pt2/HG02984.m64334e_220428_054535.dc.q20.fastq.gz','s3://human-pangenomics/working/HPRC/HG02984/raw_data/PacBio_HiFi/primrose/m64055e_220517_182131.demultiplex.bc1009--bc1009.5mc.hifi_reads.bam','s3://human-pangenomics/working/HPRC/HG02984/raw_data/PacBio_HiFi/primrose/m64334e_220218_191452.bc1011--bc1011.5mc.hifi_reads.bam','s3://human-pangenomics/working/HPRC/HG02984/raw_data/PacBio_HiFi/m84091_231004_192043_s3.hifi_reads.bc1016.bam']	['s3://human-pangenomics/working/HPRC/HG02984/raw_data/Illumina/child/HG02984.final.cram']	['s3://human-pangenomics/working/HPRC/HG02984/raw_data/nanopore/sup5.0.0_5mCG_5hmCG/12_02_24_R1041_UL_HPRC_HG02984_1_dorado0.9.1_sup5.0.0_5mCG_5hmCG.bam','s3://human-pangenomics/working/HPRC/HG02984/raw_data/nanopore/sup5.0.0_5mCG_5hmCG/12_02_24_R1041_UL_HPRC_HG02984_2_dorado0.9.1_sup5.0.0_5mCG_5hmCG.bam','s3://human-pangenomics/working/HPRC/HG02984/raw_data/nanopore/guppy_6/08_03_21_R941_HG02984_1_Guppy_6.5.7_450bps_modbases_5mc_cg_sup_prom_pass.bam','s3://human-pangenomics/working/HPRC/HG02984/raw_data/nanopore/guppy_6/08_03_21_R941_HG02984_2_Guppy_6.5.7_450bps_modbases_5mc_cg_sup_prom_pass.bam','s3://human-pangenomics/working/HPRC/HG02984/raw_data/nanopore/guppy_6/08_03_21_R941_HG02984_3_Guppy_6.5.7_450bps_modbases_5mc_cg_sup_prom_pass.bam','s3://human-pangenomics/working/HPRC/HG02984/raw_data/nanopore/guppy_6/08_03_21_R941_HG02984_4_Guppy_6.5.7_450bps_modbases_5mc_cg_sup_prom_pass.bam']	[--unitig-abundance 8]
HG03017	['s3://human-pangenomics/working/HPRC/HG03017/raw_data/hic/HG03017-2_S4_L004_R1_001.fastq.gz','s3://human-pangenomics/working/HPRC/HG03017/raw_data/hic/HG03017-2_S4_L004_R2_001.fastq.gz','s3://human-pangenomics/working/HPRC/HG03017/raw_data/hic/HG03017-1_S3_L004_R1_001.fastq.gz','s3://human-pangenomics/working/HPRC/HG03017/raw_data/hic/HG03017-1_S3_L004_R2_001.fastq.gz']	['s3://human-pangenomics/working/HPRC/HG03017/raw_data/PacBio_HiFi/deepconsensus/v1pt2/HG03017.m54329U_211225_070909.dc.q20.fastq.gz','s3://human-pangenomics/working/HPRC/HG03017/raw_data/PacBio_HiFi/deepconsensus/v1pt2/HG03017.m54329U_220109_103416.dc.q20.fastq.gz','s3://human-pangenomics/working/HPRC/HG03017/raw_data/PacBio_HiFi/deepconsensus/v1pt2/HG03017.m54329U_220117_123334.dc.q20.fastq.gz','s3://human-pangenomics/working/HPRC/HG03017/raw_data/PacBio_HiFi/deepconsensus/v1pt2/HG03017.m64076_220216_013707.dc.q20.fastq.gz','s3://human-pangenomics/working/HPRC/HG03017/raw_data/PacBio_HiFi/deepconsensus/v1pt2/HG03017.m64076_221001_041132.dc.q20.fastq.gz','s3://human-pangenomics/working/HPRC/HG03017/raw_data/PacBio_HiFi/m84046_230707_202610_s3.hifi_reads.bc2058.bam','s3://human-pangenomics/working/HPRC/HG03017/raw_data/PacBio_HiFi/m84046_230711_233802_s3.hifi_reads.bc2058.bam','s3://human-pangenomics/working/HPRC/HG03017/raw_data/PacBio_HiFi/m84046_230701_003325_s1.hifi_reads.bc2058.bam']	['s3://human-pangenomics/working/HPRC/HG03017/raw_data/Illumina/child/HG03017.final.cram']	['s3://human-pangenomics/working/HPRC/HG03017/raw_data/nanopore/sup5.0.0_5mCG_5hmCG/11_12_24_R1041_UL_HPRC_HG03017_1_dorado0.9.1_sup5.0.0_5mCG_5hmCG.bam','s3://human-pangenomics/working/HPRC/HG03017/raw_data/nanopore/sup5.0.0_5mCG_5hmCG/11_12_24_R1041_UL_HPRC_HG03017_2_dorado0.9.1_sup5.0.0_5mCG_5hmCG.bam','s3://human-pangenomics/working/HPRC/HG03017/raw_data/nanopore/sup5.0.0_5mCG_5hmCG/11_18_24_R1041_UL_HPRC_HG03017_1_dorado0.9.1_sup5.0.0_5mCG_5hmCG.bam','s3://human-pangenomics/working/HPRC/HG03017/raw_data/nanopore/guppy_6/03_01_22_R941_HG03017_1_Guppy_6.5.7_450bps_modbases_5mc_cg_sup_prom_pass.bam','s3://human-pangenomics/working/HPRC/HG03017/raw_data/nanopore/guppy_6/03_01_22_R941_HG03017_2_Guppy_6.5.7_450bps_modbases_5mc_cg_sup_prom_pass.bam','s3://human-pangenomics/working/HPRC/HG03017/raw_data/nanopore/guppy_6/03_01_22_R941_HG03017_3_Guppy_6.5.7_450bps_modbases_5mc_cg_sup_prom_pass.bam']	[--unitig-abundance 8]
HG03041	['s3://human-pangenomics/working/HPRC/HG03041/raw_data/hic/HG03041-1_S3_L001_R1_001.fastq.gz','s3://human-pangenomics/working/HPRC/HG03041/raw_data/hic/HG03041-1_S3_L001_R2_001.fastq.gz','s3://human-pangenomics/working/HPRC/HG03041/raw_data/hic/HG03041-2_S7_L001_R1_001.fastq.gz','s3://human-pangenomics/working/HPRC/HG03041/raw_data/hic/HG03041-2_S7_L001_R2_001.fastq.gz']	['s3://human-pangenomics/working/HPRC/HG03041/raw_data/PacBio_HiFi/deepconsensus/v1pt2/HG03041.m54329U_211214_012740.dc.q20.fastq.gz','s3://human-pangenomics/working/HPRC/HG03041/raw_data/PacBio_HiFi/deepconsensus/v1pt2/HG03041.m54329U_211215_225017.dc.q20.fastq.gz','s3://human-pangenomics/working/HPRC/HG03041/raw_data/PacBio_HiFi/deepconsensus/v1pt2/HG03041.m54329U_211217_080751.dc.q20.fastq.gz','s3://human-pangenomics/working/HPRC/HG03041/raw_data/PacBio_HiFi/m84046_230602_213334_s2.hifi_reads.bc1009.bam','s3://human-pangenomics/working/HPRC/HG03041/raw_data/PacBio_HiFi/m84046_230720_182350_s1.hifi_reads.bc2003.bam','s3://human-pangenomics/working/HPRC/HG03041/raw_data/PacBio_HiFi/m84046_230523_001708_s3.hifi_reads.bc1009.bam']	['s3://human-pangenomics/working/HPRC/HG03041/raw_data/Illumina/child/HG03041.final.cram']	['s3://human-pangenomics/working/HPRC/HG03041/raw_data/nanopore/sup5.0.0_5mCG_5hmCG/11_04_24_R1041_UL_HPRC_HG03041_1_dorado0.9.1_sup5.0.0_5mCG_5hmCG.bam','s3://human-pangenomics/working/HPRC/HG03041/raw_data/nanopore/sup5.0.0_5mCG_5hmCG/11_04_24_R1041_UL_HPRC_HG03041_2_dorado0.9.1_sup5.0.0_5mCG_5hmCG.bam','s3://human-pangenomics/working/HPRC/HG03041/raw_data/nanopore/guppy_6/02_15_22_R941_HG03041_1_Guppy_6.5.7_450bps_modbases_5mc_cg_sup_prom_pass.bam','s3://human-pangenomics/working/HPRC/HG03041/raw_data/nanopore/guppy_6/02_15_22_R941_HG03041_2_Guppy_6.5.7_450bps_modbases_5mc_cg_sup_prom_pass.bam','s3://human-pangenomics/working/HPRC/HG03041/raw_data/nanopore/guppy_6/02_15_22_R941_HG03041_3_Guppy_6.5.7_450bps_modbases_5mc_cg_sup_prom_pass.bam']	[--unitig-abundance 8]
HG03050	['s3://human-pangenomics/working/HPRC/HG03050/raw_data/hic/HG03050-2_S6_L001_R1_001.fastq.gz','s3://human-pangenomics/working/HPRC/HG03050/raw_data/hic/HG03050-2_S6_L001_R2_001.fastq.gz','s3://human-pangenomics/working/HPRC/HG03050/raw_data/hic/HG03050-1_S2_L001_R1_001.fastq.gz','s3://human-pangenomics/working/HPRC/HG03050/raw_data/hic/HG03050-1_S2_L001_R2_001.fastq.gz']	['s3://human-pangenomics/working/HPRC/HG03050/raw_data/PacBio_HiFi/deepconsensus/v1pt2/HG03050.m64330e_220223_194839.dc.q20.fastq.gz','s3://human-pangenomics/working/HPRC/HG03050/raw_data/PacBio_HiFi/deepconsensus/v1pt2/HG03050.m64330e_220227_061615.dc.q20.fastq.gz','s3://human-pangenomics/working/HPRC/HG03050/raw_data/PacBio_HiFi/primrose/m54306Ue_220402_052301.demultiplex.bc1012--bc1012.5mc.hifi_reads.bam','s3://human-pangenomics/working/HPRC/HG03050/raw_data/PacBio_HiFi/primrose/m64330e_220407_180519.demultiplex.bc1012--bc1012.5mc.hifi_reads.bam','s3://human-pangenomics/working/HPRC/HG03050/raw_data/PacBio_HiFi/primrose/m64330e_220218_192631.bc1012--bc1012.5mc.hifi_reads.bam','s3://human-pangenomics/working/HPRC/HG03050/raw_data/PacBio_HiFi/m84091_230905_205913_s4.hifi_reads.bc1017.bam']	['s3://human-pangenomics/working/HPRC/HG03050/raw_data/Illumina/child/HG03050.final.cram']	['s3://human-pangenomics/working/HPRC/HG03050/raw_data/nanopore/sup5.0.0_5mCG_5hmCG/11_04_24_R1041_UL_HPRC_HG03050_1_dorado0.9.1_sup5.0.0_5mCG_5hmCG.bam','s3://human-pangenomics/working/HPRC/HG03050/raw_data/nanopore/sup5.0.0_5mCG_5hmCG/11_04_24_R1041_UL_HPRC_HG03050_2_dorado0.9.1_sup5.0.0_5mCG_5hmCG.bam','s3://human-pangenomics/working/HPRC/HG03050/raw_data/nanopore/guppy_6/02_15_22_R941_HG03050_1_Guppy_6.5.7_450bps_modbases_5mc_cg_sup_prom_pass.bam','s3://human-pangenomics/working/HPRC/HG03050/raw_data/nanopore/guppy_6/02_15_22_R941_HG03050_2_Guppy_6.5.7_450bps_modbases_5mc_cg_sup_prom_pass.bam','s3://human-pangenomics/working/HPRC/HG03050/raw_data/nanopore/guppy_6/02_15_22_R941_HG03050_3_Guppy_6.5.7_450bps_modbases_5mc_cg_sup_prom_pass.bam']	[--unitig-abundance 8]
HG03052	['s3://human-pangenomics/working/HPRC/HG03052/raw_data/hic/HG03052-1_FC1_S43_L004_R1_001.fastq.gz','s3://human-pangenomics/working/HPRC/HG03052/raw_data/hic/HG03052-1_FC1_S43_L004_R2_001.fastq.gz','s3://human-pangenomics/working/HPRC/HG03052/raw_data/hic/HG03052-1_FC2_S43_L004_R1_001.fastq.gz','s3://human-pangenomics/working/HPRC/HG03052/raw_data/hic/HG03052-1_FC2_S43_L004_R2_001.fastq.gz','s3://human-pangenomics/working/HPRC/HG03052/raw_data/hic/HG03052-2_FC1_S44_L004_R1_001.fastq.gz','s3://human-pangenomics/working/HPRC/HG03052/raw_data/hic/HG03052-2_FC1_S44_L004_R2_001.fastq.gz','s3://human-pangenomics/working/HPRC/HG03052/raw_data/hic/HG03052-2_FC2_S44_L004_R1_001.fastq.gz','s3://human-pangenomics/working/HPRC/HG03052/raw_data/hic/HG03052-2_FC2_S44_L004_R2_001.fastq.gz']	['s3://human-pangenomics/working/HPRC/HG03052/raw_data/PacBio_HiFi/m84081_240413_014016_s4.hifi_reads.bc2050.bam','s3://human-pangenomics/working/HPRC/HG03052/raw_data/PacBio_HiFi/m84081_240317_050803_s1.hifi_reads.bc2050.bam','s3://human-pangenomics/working/HPRC/HG03052/raw_data/PacBio_HiFi/m84081_240316_011019_s4.hifi_reads.bc2050.bam','s3://human-pangenomics/working/HPRC/HG03052/raw_data/PacBio_HiFi/m84081_240317_070745_s2.hifi_reads.bc2050.bam']	['s3://human-pangenomics/working/HPRC/HG03052/raw_data/Illumina/child/HG03052.final.fq.gz']	['s3://human-pangenomics/working/HPRC/HG03052/raw_data/nanopore/sup5.0.0_5mCG_5hmCG/10_07_24_R1041_UL_HPRC_HG03052_1_dorado0.9.1_sup5.0.0_5mCG_5hmCG.bam','s3://human-pangenomics/working/HPRC/HG03052/raw_data/nanopore/sup5.0.0_5mCG_5hmCG/10_07_24_R1041_UL_HPRC_HG03052_2_dorado0.9.1_sup5.0.0_5mCG_5hmCG.bam','s3://human-pangenomics/working/HPRC/HG03052/raw_data/nanopore/sup5.0.0_5mCG_5hmCG/11_18_24_R1041_UL_HPRC_HG03052_1_dorado0.9.1_sup5.0.0_5mCG_5hmCG.bam']	[--unitig-abundance 8]
HG03072	['s3://human-pangenomics/working/HPRC/HG03072/raw_data/hic/HG03072-1_FC1_S29_L003_R1_001.fastq.gz','s3://human-pangenomics/working/HPRC/HG03072/raw_data/hic/HG03072-1_FC1_S29_L003_R2_001.fastq.gz','s3://human-pangenomics/working/HPRC/HG03072/raw_data/hic/HG03072-1_FC2_S29_L003_R1_001.fastq.gz','s3://human-pangenomics/working/HPRC/HG03072/raw_data/hic/HG03072-1_FC2_S29_L003_R2_001.fastq.gz','s3://human-pangenomics/working/HPRC/HG03072/raw_data/hic/HG03072-2_FC1_S30_L003_R1_001.fastq.gz','s3://human-pangenomics/working/HPRC/HG03072/raw_data/hic/HG03072-2_FC1_S30_L003_R2_001.fastq.gz','s3://human-pangenomics/working/HPRC/HG03072/raw_data/hic/HG03072-2_FC2_S30_L003_R1_001.fastq.gz','s3://human-pangenomics/working/HPRC/HG03072/raw_data/hic/HG03072-2_FC2_S30_L003_R2_001.fastq.gz']	['s3://human-pangenomics/working/HPRC/HG03072/raw_data/PacBio_HiFi/m84091_240315_193817_s2.hifi_reads.bc1012.bam','s3://human-pangenomics/working/HPRC/HG03072/raw_data/PacBio_HiFi/m84091_240122_201558_s1.hifi_reads.bc1012.bam','s3://human-pangenomics/working/HPRC/HG03072/raw_data/PacBio_HiFi/m84091_240311_165640_s2.hifi_reads.bc1012.bam']	['s3://human-pangenomics/working/HPRC/HG03072/raw_data/Illumina/child/HG03072.final.fq.gz']	['s3://human-pangenomics/working/HPRC/HG03072/raw_data/nanopore/sup5.0.0_5mCG_5hmCG/10_17_23_R1041_HPRC_HG03072_1_dorado0.9.5_sup5.0.0_5mCG_5hmCG.bam','s3://human-pangenomics/working/HPRC/HG03072/raw_data/nanopore/sup5.0.0_5mCG_5hmCG/10_17_23_R1041_HPRC_HG03072_2_dorado0.9.5_sup5.0.0_5mCG_5hmCG.bam','s3://human-pangenomics/working/HPRC/HG03072/raw_data/nanopore/sup5.0.0_5mCG_5hmCG/10_17_23_R1041_HPRC_HG03072_3_dorado0.9.5_sup5.0.0_5mCG_5hmCG.bam']	[--unitig-abundance 8]
HG03103	['s3://human-pangenomics/working/HPRC/HG03103/raw_data/hic/HG03103-1_FC1_S1_L001_R1_001.fastq.gz','s3://human-pangenomics/working/HPRC/HG03103/raw_data/hic/HG03103-1_FC1_S1_L001_R2_001.fastq.gz','s3://human-pangenomics/working/HPRC/HG03103/raw_data/hic/HG03103-1_FC2_S1_L001_R1_001.fastq.gz','s3://human-pangenomics/working/HPRC/HG03103/raw_data/hic/HG03103-1_FC2_S1_L001_R2_001.fastq.gz','s3://human-pangenomics/working/HPRC/HG03103/raw_data/hic/HG03103-2_FC1_S2_L001_R1_001.fastq.gz','s3://human-pangenomics/working/HPRC/HG03103/raw_data/hic/HG03103-2_FC1_S2_L001_R2_001.fastq.gz','s3://human-pangenomics/working/HPRC/HG03103/raw_data/hic/HG03103-2_FC2_S2_L001_R1_001.fastq.gz','s3://human-pangenomics/working/HPRC/HG03103/raw_data/hic/HG03103-2_FC2_S2_L001_R2_001.fastq.gz']	['s3://human-pangenomics/working/HPRC/HG03103/raw_data/PacBio_HiFi/m84046_230831_234545_s2.hifi_reads.bc2033.bam','s3://human-pangenomics/working/HPRC/HG03103/raw_data/PacBio_HiFi/m84046_230905_231311_s2.hifi_reads.bc2033.bam','s3://human-pangenomics/working/HPRC/HG03103/raw_data/PacBio_HiFi/m84046_230831_231439_s1.hifi_reads.bc2033.bam']	['s3://human-pangenomics/working/HPRC/HG03103/raw_data/Illumina/child/HG03103.final.fq.gz']	['s3://human-pangenomics/working/HPRC/HG03103/raw_data/nanopore/sup5.0.0_5mCG_5hmCG/10_10_23_R1041_HPRC_HG03103_1_dorado0.9.5_sup5.0.0_5mCG_5hmCG.bam','s3://human-pangenomics/working/HPRC/HG03103/raw_data/nanopore/sup5.0.0_5mCG_5hmCG/10_10_23_R1041_HPRC_HG03103_2_dorado0.9.5_sup5.0.0_5mCG_5hmCG.bam','s3://human-pangenomics/working/HPRC/HG03103/raw_data/nanopore/sup5.0.0_5mCG_5hmCG/10_10_23_R1041_HPRC_HG03103_3_dorado0.9.5_sup5.0.0_5mCG_5hmCG.bam']	[--unitig-abundance 8]
HG03108	['s3://human-pangenomics/working/HPRC/HG03108/raw_data/hic/HG03108-1_FC1_S27_L003_R2_001.fastq.gz','s3://human-pangenomics/working/HPRC/HG03108/raw_data/hic/HG03108-2_FC2_S28_L003_R2_001.fastq.gz','s3://human-pangenomics/working/HPRC/HG03108/raw_data/hic/HG03108-2_FC1_S28_L003_R2_001.fastq.gz','s3://human-pangenomics/working/HPRC/HG03108/raw_data/hic/HG03108-1_FC2_S27_L003_R2_001.fastq.gz','s3://human-pangenomics/working/HPRC/HG03108/raw_data/hic/HG03108-2_FC2_S28_L003_R1_001.fastq.gz','s3://human-pangenomics/working/HPRC/HG03108/raw_data/hic/HG03108-1_FC2_S27_L003_R1_001.fastq.gz','s3://human-pangenomics/working/HPRC/HG03108/raw_data/hic/HG03108-2_FC1_S28_L003_R1_001.fastq.gz','s3://human-pangenomics/working/HPRC/HG03108/raw_data/hic/HG03108-1_FC1_S27_L003_R1_001.fastq.gz']	['s3://human-pangenomics/working/HPRC/HG03108/raw_data/PacBio_HiFi/m84091_231214_200959_s1.hifi_reads.bc1008.bam','s3://human-pangenomics/working/HPRC/HG03108/raw_data/PacBio_HiFi/m84091_231113_170005_s1.hifi_reads.bc1008.bam','s3://human-pangenomics/working/HPRC/HG03108/raw_data/PacBio_HiFi/m84091_240308_215845_s3.hifi_reads.bc1008.bam']	['s3://human-pangenomics/working/HPRC/HG03108/raw_data/Illumina/child/HG03108.final.fq.gz']	['s3://human-pangenomics/working/HPRC/HG03108/raw_data/nanopore/sup5.0.0_5mCG_5hmCG/09_06_23_R1041_HPRC_HG03108_1_dorado0.9.5_sup5.0.0_5mCG_5hmCG.bam','s3://human-pangenomics/working/HPRC/HG03108/raw_data/nanopore/sup5.0.0_5mCG_5hmCG/09_06_23_R1041_HPRC_HG03108_2_dorado0.9.5_sup5.0.0_5mCG_5hmCG.bam','s3://human-pangenomics/working/HPRC/HG03108/raw_data/nanopore/sup5.0.0_5mCG_5hmCG/09_06_23_R1041_HPRC_HG03108_3_dorado0.9.5_sup5.0.0_5mCG_5hmCG.bam']	[--unitig-abundance 8]
HG03117	['s3://human-pangenomics/working/HPRC/HG03117/raw_data/hic/HG03117-1_FC1_S35_L003_R1_001.fastq.gz','s3://human-pangenomics/working/HPRC/HG03117/raw_data/hic/HG03117-1_FC1_S35_L003_R2_001.fastq.gz','s3://human-pangenomics/working/HPRC/HG03117/raw_data/hic/HG03117-2_FC2_S36_L003_R2_001.fastq.gz','s3://human-pangenomics/working/HPRC/HG03117/raw_data/hic/HG03117-2_FC1_S36_L003_R2_001.fastq.gz','s3://human-pangenomics/working/HPRC/HG03117/raw_data/hic/HG03117-2_FC2_S36_L003_R1_001.fastq.gz','s3://human-pangenomics/working/HPRC/HG03117/raw_data/hic/HG03117-1_FC2_S35_L003_R1_001.fastq.gz','s3://human-pangenomics/working/HPRC/HG03117/raw_data/hic/HG03117-1_FC2_S35_L003_R2_001.fastq.gz','s3://human-pangenomics/working/HPRC/HG03117/raw_data/hic/HG03117-2_FC1_S36_L003_R1_001.fastq.gz']	['s3://human-pangenomics/working/HPRC/HG03117/raw_data/PacBio_HiFi/m84091_240502_191631_s4.hifi_reads.bc1001.bam','s3://human-pangenomics/working/HPRC/HG03117/raw_data/PacBio_HiFi/m84091_240506_182920_s4.hifi_reads.bc1001.bam','s3://human-pangenomics/working/HPRC/HG03117/raw_data/PacBio_HiFi/m84091_240607_203630_s1.hifi_reads.bc1001.bam']	['s3://human-pangenomics/working/HPRC/HG03117/raw_data/Illumina/child/HG03117.final.fq.gz']	['s3://human-pangenomics/working/HPRC/HG03117/raw_data/nanopore/sup5.0.0_5mCG_5hmCG/10_07_24_R1041_UL_HPRC_HG03117_1_dorado0.9.1_sup5.0.0_5mCG_5hmCG.bam','s3://human-pangenomics/working/HPRC/HG03117/raw_data/nanopore/sup5.0.0_5mCG_5hmCG/10_07_24_R1041_UL_HPRC_HG03117_2_dorado0.9.1_sup5.0.0_5mCG_5hmCG.bam','s3://human-pangenomics/working/HPRC/HG03117/raw_data/nanopore/sup5.0.0_5mCG_5hmCG/10_07_24_R1041_UL_HPRC_HG03117_3_dorado0.9.1_sup5.0.0_5mCG_5hmCG.bam']	[--unitig-abundance 8]
HG03126	['s3://human-pangenomics/working/HPRC/HG03126/raw_data/hic/HG03126-1_FC1_S47_L004_R1_001.fastq.gz','s3://human-pangenomics/working/HPRC/HG03126/raw_data/hic/HG03126-1_FC1_S47_L004_R2_001.fastq.gz','s3://human-pangenomics/working/HPRC/HG03126/raw_data/hic/HG03126-1_FC2_S47_L004_R1_001.fastq.gz','s3://human-pangenomics/working/HPRC/HG03126/raw_data/hic/HG03126-1_FC2_S47_L004_R2_001.fastq.gz','s3://human-pangenomics/working/HPRC/HG03126/raw_data/hic/HG03126-2_FC1_S48_L004_R1_001.fastq.gz','s3://human-pangenomics/working/HPRC/HG03126/raw_data/hic/HG03126-2_FC1_S48_L004_R2_001.fastq.gz','s3://human-pangenomics/working/HPRC/HG03126/raw_data/hic/HG03126-2_FC2_S48_L004_R1_001.fastq.gz','s3://human-pangenomics/working/HPRC/HG03126/raw_data/hic/HG03126-2_FC2_S48_L004_R2_001.fastq.gz']	['s3://human-pangenomics/working/HPRC/HG03126/raw_data/PacBio_HiFi/m84081_240412_214139_s2.hifi_reads.bc2054.bam','s3://human-pangenomics/working/HPRC/HG03126/raw_data/PacBio_HiFi/m84081_240412_234102_s3.hifi_reads.bc2054.bam','s3://human-pangenomics/working/HPRC/HG03126/raw_data/PacBio_HiFi/m84081_240405_212207_s2.hifi_reads.bc2054.bam','s3://human-pangenomics/working/HPRC/HG03126/raw_data/PacBio_HiFi/m84081_240405_192241_s1.hifi_reads.bc2054.bam','s3://human-pangenomics/working/HPRC/HG03126/raw_data/PacBio_HiFi/m84081_240405_232145_s3.hifi_reads.bc2054.bam','s3://human-pangenomics/working/HPRC/HG03126/raw_data/PacBio_HiFi/m84081_240406_012110_s4.hifi_reads.bc2054.bam','s3://human-pangenomics/working/HPRC/HG03126/raw_data/PacBio_HiFi/m84081_240316_011019_s4.hifi_reads.bc2054.bam','s3://human-pangenomics/working/HPRC/HG03126/raw_data/PacBio_HiFi/m84081_240317_070745_s2.hifi_reads.bc2054.bam','s3://human-pangenomics/working/HPRC/HG03126/raw_data/PacBio_HiFi/m84081_240317_050803_s1.hifi_reads.bc2054.bam']	['s3://human-pangenomics/working/HPRC/HG03126/raw_data/Illumina/child/HG03126.final.fq.gz']	['s3://human-pangenomics/working/HPRC/HG03126/raw_data/nanopore/sup5.0.0_5mCG_5hmCG/10_14_24_R1041_UL_HPRC_HG03126_1_dorado0.9.1_sup5.0.0_5mCG_5hmCG.bam','s3://human-pangenomics/working/HPRC/HG03126/raw_data/nanopore/sup5.0.0_5mCG_5hmCG/10_14_24_R1041_UL_HPRC_HG03126_2_dorado0.9.1_sup5.0.0_5mCG_5hmCG.bam','s3://human-pangenomics/working/HPRC/HG03126/raw_data/nanopore/sup5.0.0_5mCG_5hmCG/10_14_24_R1041_UL_HPRC_HG03126_3_dorado0.9.1_sup5.0.0_5mCG_5hmCG.bam']	[--unitig-abundance 8]
HG03130	['s3://human-pangenomics/working/HPRC/HG03130/raw_data/hic/HG03130-2_S13_L003_R1_001.fastq.gz','s3://human-pangenomics/working/HPRC/HG03130/raw_data/hic/HG03130-2_S13_L003_R2_001.fastq.gz','s3://human-pangenomics/working/HPRC/HG03130/raw_data/hic/HG03130-2_S13_L004_R1_001.fastq.gz','s3://human-pangenomics/working/HPRC/HG03130/raw_data/hic/HG03130-2_S13_L004_R2_001.fastq.gz','s3://human-pangenomics/working/HPRC/HG03130/raw_data/hic/HG03130-2_S13_L001_R1_001.fastq.gz','s3://human-pangenomics/working/HPRC/HG03130/raw_data/hic/HG03130-2_S13_L001_R2_001.fastq.gz','s3://human-pangenomics/working/HPRC/HG03130/raw_data/hic/HG03130-2_S13_L002_R1_001.fastq.gz','s3://human-pangenomics/working/HPRC/HG03130/raw_data/hic/HG03130-2_S13_L002_R2_001.fastq.gz','s3://human-pangenomics/working/HPRC/HG03130/raw_data/hic/HG03130-1_S5_L003_R1_001.fastq.gz','s3://human-pangenomics/working/HPRC/HG03130/raw_data/hic/HG03130-1_S5_L003_R2_001.fastq.gz','s3://human-pangenomics/working/HPRC/HG03130/raw_data/hic/HG03130-1_S5_L001_R1_001.fastq.gz','s3://human-pangenomics/working/HPRC/HG03130/raw_data/hic/HG03130-1_S5_L001_R2_001.fastq.gz','s3://human-pangenomics/working/HPRC/HG03130/raw_data/hic/HG03130-1_S5_L004_R1_001.fastq.gz','s3://human-pangenomics/working/HPRC/HG03130/raw_data/hic/HG03130-1_S5_L004_R2_001.fastq.gz','s3://human-pangenomics/working/HPRC/HG03130/raw_data/hic/HG03130-1_S5_L002_R1_001.fastq.gz','s3://human-pangenomics/working/HPRC/HG03130/raw_data/hic/HG03130-1_S5_L002_R2_001.fastq.gz']	['s3://human-pangenomics/working/HPRC/HG03130/raw_data/PacBio_HiFi/deepconsensus/v1pt2/HG03130.m64076_220513_215716.dc.q20.fastq.gz','s3://human-pangenomics/working/HPRC/HG03130/raw_data/PacBio_HiFi/deepconsensus/v1pt2/HG03130.m64076_220516_221911.dc.q20.fastq.gz','s3://human-pangenomics/working/HPRC/HG03130/raw_data/PacBio_HiFi/deepconsensus/v1pt2/HG03130.m64076_220518_191414.dc.q20.fastq.gz','s3://human-pangenomics/working/HPRC/HG03130/raw_data/PacBio_HiFi/m84046_230602_213334_s2.hifi_reads.bc2018.bam']	['s3://human-pangenomics/working/HPRC/HG03130/raw_data/Illumina/child/HG03130.final.cram']	['s3://human-pangenomics/working/HPRC/HG03130/raw_data/nanopore/sup5.0.0_5mCG_5hmCG/12_02_24_R1041_UL_HPRC_HG03130_1_dorado0.9.1_sup5.0.0_5mCG_5hmCG.bam','s3://human-pangenomics/working/HPRC/HG03130/raw_data/nanopore/sup5.0.0_5mCG_5hmCG/12_02_24_R1041_UL_HPRC_HG03130_2_dorado0.9.1_sup5.0.0_5mCG_5hmCG.bam','s3://human-pangenomics/working/HPRC/HG03130/raw_data/nanopore/guppy_6/05_17_22_R941_HG03130_1_Guppy_6.5.7_450bps_modbases_5mc_cg_sup_prom_pass.bam','s3://human-pangenomics/working/HPRC/HG03130/raw_data/nanopore/guppy_6/05_17_22_R941_HG03130_2_Guppy_6.5.7_450bps_modbases_5mc_cg_sup_prom_pass.bam','s3://human-pangenomics/working/HPRC/HG03130/raw_data/nanopore/guppy_6/05_17_22_R941_HG03130_3_Guppy_6.5.7_450bps_modbases_5mc_cg_sup_prom_pass.bam']	[--unitig-abundance 8]
HG03136	['s3://human-pangenomics/working/HPRC/HG03136/raw_data/hic/HG03136-1_FC1_S15_L002_R1_001.fastq.gz','s3://human-pangenomics/working/HPRC/HG03136/raw_data/hic/HG03136-1_FC1_S15_L002_R2_001.fastq.gz','s3://human-pangenomics/working/HPRC/HG03136/raw_data/hic/HG03136-1_FC2_S15_L002_R1_001.fastq.gz','s3://human-pangenomics/working/HPRC/HG03136/raw_data/hic/HG03136-1_FC2_S15_L002_R2_001.fastq.gz','s3://human-pangenomics/working/HPRC/HG03136/raw_data/hic/HG03136-2_FC1_S16_L002_R1_001.fastq.gz','s3://human-pangenomics/working/HPRC/HG03136/raw_data/hic/HG03136-2_FC1_S16_L002_R2_001.fastq.gz','s3://human-pangenomics/working/HPRC/HG03136/raw_data/hic/HG03136-2_FC2_S16_L002_R1_001.fastq.gz','s3://human-pangenomics/working/HPRC/HG03136/raw_data/hic/HG03136-2_FC2_S16_L002_R2_001.fastq.gz']	['s3://human-pangenomics/working/HPRC/HG03136/raw_data/PacBio_HiFi/m84046_230722_183401_s4.hifi_reads.bc2080.bam','s3://human-pangenomics/working/HPRC/HG03136/raw_data/PacBio_HiFi/m84046_230722_180255_s3.hifi_reads.bc2080.bam','s3://human-pangenomics/working/HPRC/HG03136/raw_data/PacBio_HiFi/m84046_230721_192545_s2.hifi_reads.bc2080.bam']	['s3://human-pangenomics/working/HPRC/HG03136/raw_data/Illumina/child/HG03136.final.fq.gz']	['s3://human-pangenomics/working/HPRC/HG03136/raw_data/nanopore/sup5.0.0_5mCG_5hmCG/10_31_23_R1041_HPRC_HG03136_1_dorado0.9.5_sup5.0.0_5mCG_5hmCG.bam','s3://human-pangenomics/working/HPRC/HG03136/raw_data/nanopore/sup5.0.0_5mCG_5hmCG/10_31_23_R1041_HPRC_HG03136_2_dorado0.9.5_sup5.0.0_5mCG_5hmCG.bam','s3://human-pangenomics/working/HPRC/HG03136/raw_data/nanopore/sup5.0.0_5mCG_5hmCG/10_31_23_R1041_HPRC_HG03136_3_dorado0.9.5_sup5.0.0_5mCG_5hmCG.bam']	[--unitig-abundance 8]
HG03139	['s3://human-pangenomics/working/HPRC/HG03139/raw_data/hic/HG03139-1_S6_L003_R1_001.fastq.gz','s3://human-pangenomics/working/HPRC/HG03139/raw_data/hic/HG03139-1_S6_L003_R2_001.fastq.gz','s3://human-pangenomics/working/HPRC/HG03139/raw_data/hic/HG03139-1_S6_L001_R1_001.fastq.gz','s3://human-pangenomics/working/HPRC/HG03139/raw_data/hic/HG03139-1_S6_L001_R2_001.fastq.gz','s3://human-pangenomics/working/HPRC/HG03139/raw_data/hic/HG03139-1_S6_L004_R1_001.fastq.gz','s3://human-pangenomics/working/HPRC/HG03139/raw_data/hic/HG03139-1_S6_L004_R2_001.fastq.gz','s3://human-pangenomics/working/HPRC/HG03139/raw_data/hic/HG03139-1_S6_L002_R1_001.fastq.gz','s3://human-pangenomics/working/HPRC/HG03139/raw_data/hic/HG03139-1_S6_L002_R2_001.fastq.gz','s3://human-pangenomics/working/HPRC/HG03139/raw_data/hic/HG03139-2_S14_L003_R1_001.fastq.gz','s3://human-pangenomics/working/HPRC/HG03139/raw_data/hic/HG03139-2_S14_L003_R2_001.fastq.gz','s3://human-pangenomics/working/HPRC/HG03139/raw_data/hic/HG03139-2_S14_L004_R1_001.fastq.gz','s3://human-pangenomics/working/HPRC/HG03139/raw_data/hic/HG03139-2_S14_L004_R2_001.fastq.gz','s3://human-pangenomics/working/HPRC/HG03139/raw_data/hic/HG03139-2_S14_L001_R1_001.fastq.gz','s3://human-pangenomics/working/HPRC/HG03139/raw_data/hic/HG03139-2_S14_L001_R2_001.fastq.gz','s3://human-pangenomics/working/HPRC/HG03139/raw_data/hic/HG03139-2_S14_L002_R1_001.fastq.gz','s3://human-pangenomics/working/HPRC/HG03139/raw_data/hic/HG03139-2_S14_L002_R2_001.fastq.gz']	['s3://human-pangenomics/working/HPRC/HG03139/raw_data/PacBio_HiFi/deepconsensus/v1pt2/HG03139.m54329U_220519_225150.dc.q20.fastq.gz','s3://human-pangenomics/working/HPRC/HG03139/raw_data/PacBio_HiFi/deepconsensus/v1pt2/HG03139.m54329U_220523_155616.dc.q20.fastq.gz','s3://human-pangenomics/working/HPRC/HG03139/raw_data/PacBio_HiFi/deepconsensus/v1pt2/HG03139.m54329U_220525_111437.dc.q20.fastq.gz','s3://human-pangenomics/working/HPRC/HG03139/raw_data/PacBio_HiFi/m84046_230623_210640_s1.hifi_reads.bc2019.bam','s3://human-pangenomics/working/HPRC/HG03139/raw_data/PacBio_HiFi/m84046_230602_220440_s3.hifi_reads.bc2019.bam']	['s3://human-pangenomics/working/HPRC/HG03139/raw_data/Illumina/child/HG03139.final.cram']	['s3://human-pangenomics/working/HPRC/HG03139/raw_data/nanopore/sup5.0.0_5mCG_5hmCG/11_18_24_R1041_UL_HPRC_HG03139_1_dorado0.9.1_sup5.0.0_5mCG_5hmCG.bam','s3://human-pangenomics/working/HPRC/HG03139/raw_data/nanopore/sup5.0.0_5mCG_5hmCG/11_18_24_R1041_UL_HPRC_HG03139_2_dorado0.9.1_sup5.0.0_5mCG_5hmCG.bam','s3://human-pangenomics/working/HPRC/HG03139/raw_data/nanopore/guppy_6/05_17_22_R941_HG03139_1_Guppy_6.5.7_450bps_modbases_5mc_cg_sup_prom_pass.bam','s3://human-pangenomics/working/HPRC/HG03139/raw_data/nanopore/guppy_6/05_17_22_R941_HG03139_2_Guppy_6.5.7_450bps_modbases_5mc_cg_sup_prom_pass.bam','s3://human-pangenomics/working/HPRC/HG03139/raw_data/nanopore/guppy_6/05_17_22_R941_HG03139_3_Guppy_6.5.7_450bps_modbases_5mc_cg_sup_prom_pass.bam']	[--unitig-abundance 8]
HG03193	['s3://human-pangenomics/working/HPRC/HG03193/raw_data/hic/HG03193-2_FC2_S8_L001_R2_001.fastq.gz','s3://human-pangenomics/working/HPRC/HG03193/raw_data/hic/HG03193-2_FC1_S8_L001_R2_001.fastq.gz','s3://human-pangenomics/working/HPRC/HG03193/raw_data/hic/HG03193-2_FC2_S8_L001_R1_001.fastq.gz','s3://human-pangenomics/working/HPRC/HG03193/raw_data/hic/HG03193-1_FC1_S7_L001_R1_001.fastq.gz','s3://human-pangenomics/working/HPRC/HG03193/raw_data/hic/HG03193-1_FC2_S7_L001_R2_001.fastq.gz','s3://human-pangenomics/working/HPRC/HG03193/raw_data/hic/HG03193-1_FC1_S7_L001_R2_001.fastq.gz','s3://human-pangenomics/working/HPRC/HG03193/raw_data/hic/HG03193-1_FC2_S7_L001_R1_001.fastq.gz','s3://human-pangenomics/working/HPRC/HG03193/raw_data/hic/HG03193-2_FC1_S8_L001_R1_001.fastq.gz']	['s3://human-pangenomics/working/HPRC/HG03193/raw_data/PacBio_HiFi/m84091_240606_212818_s3.hifi_reads.bc1019.bam','s3://human-pangenomics/working/HPRC/HG03193/raw_data/PacBio_HiFi/m84203_240531_204554_s3.hifi_reads.bc1019.bam']	['s3://human-pangenomics/working/HPRC/HG03193/raw_data/Illumina/child/HG03193.final.fq.gz']	['s3://human-pangenomics/working/HPRC/HG03193/raw_data/nanopore/sup5.0.0_5mCG_5hmCG/10_07_24_R1041_UL_HPRC_HG03193_1_dorado0.9.1_sup5.0.0_5mCG_5hmCG.bam','s3://human-pangenomics/working/HPRC/HG03193/raw_data/nanopore/sup5.0.0_5mCG_5hmCG/10_07_24_R1041_UL_HPRC_HG03193_2_dorado0.9.1_sup5.0.0_5mCG_5hmCG.bam','s3://human-pangenomics/working/HPRC/HG03193/raw_data/nanopore/sup5.0.0_5mCG_5hmCG/10_07_24_R1041_UL_HPRC_HG03193_3_dorado0.9.1_sup5.0.0_5mCG_5hmCG.bam']	[--unitig-abundance 8]
HG03195	['s3://human-pangenomics/working/HPRC/HG03195/raw_data/hic/HG03195-2_S15_L003_R1_001.fastq.gz','s3://human-pangenomics/working/HPRC/HG03195/raw_data/hic/HG03195-2_S15_L003_R2_001.fastq.gz','s3://human-pangenomics/working/HPRC/HG03195/raw_data/hic/HG03195-2_S15_L004_R1_001.fastq.gz','s3://human-pangenomics/working/HPRC/HG03195/raw_data/hic/HG03195-2_S15_L004_R2_001.fastq.gz','s3://human-pangenomics/working/HPRC/HG03195/raw_data/hic/HG03195-1_S7_L004_R1_001.fastq.gz','s3://human-pangenomics/working/HPRC/HG03195/raw_data/hic/HG03195-1_S7_L004_R2_001.fastq.gz','s3://human-pangenomics/working/HPRC/HG03195/raw_data/hic/HG03195-1_S7_L003_R1_001.fastq.gz','s3://human-pangenomics/working/HPRC/HG03195/raw_data/hic/HG03195-1_S7_L003_R2_001.fastq.gz','s3://human-pangenomics/working/HPRC/HG03195/raw_data/hic/HG03195-2_S15_L001_R1_001.fastq.gz','s3://human-pangenomics/working/HPRC/HG03195/raw_data/hic/HG03195-2_S15_L001_R2_001.fastq.gz','s3://human-pangenomics/working/HPRC/HG03195/raw_data/hic/HG03195-2_S15_L002_R1_001.fastq.gz','s3://human-pangenomics/working/HPRC/HG03195/raw_data/hic/HG03195-2_S15_L002_R2_001.fastq.gz','s3://human-pangenomics/working/HPRC/HG03195/raw_data/hic/HG03195-1_S7_L001_R1_001.fastq.gz','s3://human-pangenomics/working/HPRC/HG03195/raw_data/hic/HG03195-1_S7_L001_R2_001.fastq.gz','s3://human-pangenomics/working/HPRC/HG03195/raw_data/hic/HG03195-1_S7_L002_R1_001.fastq.gz','s3://human-pangenomics/working/HPRC/HG03195/raw_data/hic/HG03195-1_S7_L002_R2_001.fastq.gz','s3://human-pangenomics/working/HPRC/HG03195/raw_data/hic/HG03195-2_S15i_L004_R1_001.fastq.gz','s3://human-pangenomics/working/HPRC/HG03195/raw_data/hic/HG03195-2_S15i_L004_R2_001.fastq.gz','s3://human-pangenomics/working/HPRC/HG03195/raw_data/hic/HG03195-2_S15i_L003_R1_001.fastq.gz','s3://human-pangenomics/working/HPRC/HG03195/raw_data/hic/HG03195-2_S15i_L003_R2_001.fastq.gz','s3://human-pangenomics/working/HPRC/HG03195/raw_data/hic/HG03195-2_S15i_L001_R1_001.fastq.gz','s3://human-pangenomics/working/HPRC/HG03195/raw_data/hic/HG03195-2_S15i_L001_R2_001.fastq.gz','s3://human-pangenomics/working/HPRC/HG03195/raw_data/hic/HG03195-2_S15i_L002_R1_001.fastq.gz','s3://human-pangenomics/working/HPRC/HG03195/raw_data/hic/HG03195-2_S15i_L002_R2_001.fastq.gz']	['s3://human-pangenomics/working/HPRC/HG03195/raw_data/PacBio_HiFi/deepconsensus/v1pt2/HG03195.m64043_220726_203720.dc.q20.fastq.gz','s3://human-pangenomics/working/HPRC/HG03195/raw_data/PacBio_HiFi/deepconsensus/v1pt2/HG03195.m64136_220617_195203.dc.q20.fastq.gz','s3://human-pangenomics/working/HPRC/HG03195/raw_data/PacBio_HiFi/deepconsensus/v1pt2/HG03195.m64136_220619_164654.dc.q20.fastq.gz','s3://human-pangenomics/working/HPRC/HG03195/raw_data/PacBio_HiFi/deepconsensus/v1pt2/HG03195.m64136_220621_134558.dc.q20.fastq.gz','s3://human-pangenomics/working/HPRC/HG03195/raw_data/PacBio_HiFi/m84081_230715_203436_s1.hifi_reads.bc1010.bam','s3://human-pangenomics/working/HPRC/HG03195/raw_data/PacBio_HiFi/m84081_230715_220754_s4.hifi_reads.bc1010.bam','s3://human-pangenomics/working/HPRC/HG03195/raw_data/PacBio_HiFi/m84081_230715_210542_s2.hifi_reads.bc1010.bam','s3://human-pangenomics/working/HPRC/HG03195/raw_data/PacBio_HiFi/m84081_230715_213648_s3.hifi_reads.bc1010.bam','s3://human-pangenomics/working/HPRC/HG03195/raw_data/PacBio_HiFi/m84081_230628_190945_s2.hifi_reads.bc1010.bam','s3://human-pangenomics/working/HPRC/HG03195/raw_data/PacBio_HiFi/m84081_230628_183924_s1.hifi_reads.bc1010.bam']	['s3://human-pangenomics/working/HPRC/HG03195/raw_data/Illumina/child/HG03195.final.cram']	['s3://human-pangenomics/working/HPRC/HG03195/raw_data/nanopore/sup5.0.0_5mCG_5hmCG/11_04_24_R1041_UL_HPRC_HG03195_1_dorado0.9.1_sup5.0.0_5mCG_5hmCG.bam','s3://human-pangenomics/working/HPRC/HG03195/raw_data/nanopore/sup5.0.0_5mCG_5hmCG/11_04_24_R1041_UL_HPRC_HG03195_2_dorado0.9.1_sup5.0.0_5mCG_5hmCG.bam','s3://human-pangenomics/working/HPRC/HG03195/raw_data/nanopore/guppy_6/04_12_22_R941_HG03195_1_Guppy_6.5.7_450bps_modbases_5mc_cg_sup_prom_pass.bam','s3://human-pangenomics/working/HPRC/HG03195/raw_data/nanopore/guppy_6/04_12_22_R941_HG03195_2_Guppy_6.5.7_450bps_modbases_5mc_cg_sup_prom_pass.bam','s3://human-pangenomics/working/HPRC/HG03195/raw_data/nanopore/guppy_6/04_12_22_R941_HG03195_3_Guppy_6.5.7_450bps_modbases_5mc_cg_sup_prom_pass.bam','s3://human-pangenomics/working/HPRC/HG03195/raw_data/nanopore/guppy_6/04_12_22_R941_HG03195_4_Guppy_6.5.7_450bps_modbases_5mc_cg_sup_prom_pass.bam']	[--unitig-abundance 8]
HG03198	['s3://human-pangenomics/working/HPRC/HG03198/raw_data/hic/HG03198-1_FC1_S43_L004_R1_001.fastq.gz','s3://human-pangenomics/working/HPRC/HG03198/raw_data/hic/HG03198-1_FC1_S43_L004_R2_001.fastq.gz','s3://human-pangenomics/working/HPRC/HG03198/raw_data/hic/HG03198-1_FC2_S43_L004_R1_001.fastq.gz','s3://human-pangenomics/working/HPRC/HG03198/raw_data/hic/HG03198-1_FC2_S43_L004_R2_001.fastq.gz','s3://human-pangenomics/working/HPRC/HG03198/raw_data/hic/HG03198-2_FC1_S44_L004_R1_001.fastq.gz','s3://human-pangenomics/working/HPRC/HG03198/raw_data/hic/HG03198-2_FC1_S44_L004_R2_001.fastq.gz','s3://human-pangenomics/working/HPRC/HG03198/raw_data/hic/HG03198-2_FC2_S44_L004_R1_001.fastq.gz','s3://human-pangenomics/working/HPRC/HG03198/raw_data/hic/HG03198-2_FC2_S44_L004_R2_001.fastq.gz']	['s3://human-pangenomics/working/HPRC/HG03198/raw_data/PacBio_HiFi/m84046_240120_024956_s2.hifi_reads.bc2085.bam','s3://human-pangenomics/working/HPRC/HG03198/raw_data/PacBio_HiFi/m84046_240118_074907_s4.hifi_reads.bc2085.bam','s3://human-pangenomics/working/HPRC/HG03198/raw_data/PacBio_HiFi/m84046_240111_074804_s2.hifi_reads.bc2085.bam','s3://human-pangenomics/working/HPRC/HG03198/raw_data/PacBio_HiFi/m84046_240111_094727_s1.hifi_reads.bc2085.bam']	['s3://human-pangenomics/working/HPRC/HG03198/raw_data/Illumina/child/HG03198.final.fq.gz']	['s3://human-pangenomics/working/HPRC/HG03198/raw_data/nanopore/sup5.0.0_5mCG_5hmCG/10_21_24_R1041_UL_HPRC_HG03198_1_dorado0.9.1_sup5.0.0_5mCG_5hmCG.bam','s3://human-pangenomics/working/HPRC/HG03198/raw_data/nanopore/sup5.0.0_5mCG_5hmCG/10_21_24_R1041_UL_HPRC_HG03198_2_dorado0.9.1_sup5.0.0_5mCG_5hmCG.bam']	[--unitig-abundance 8]
HG03209	['s3://human-pangenomics/working/HPRC/HG03209/raw_data/hic/HG03209-2_S15_L003_R1_001.fastq.gz','s3://human-pangenomics/working/HPRC/HG03209/raw_data/hic/HG03209-2_S15_L003_R2_001.fastq.gz','s3://human-pangenomics/working/HPRC/HG03209/raw_data/hic/HG03209-2_S15_L004_R1_001.fastq.gz','s3://human-pangenomics/working/HPRC/HG03209/raw_data/hic/HG03209-2_S15_L004_R2_001.fastq.gz','s3://human-pangenomics/working/HPRC/HG03209/raw_data/hic/HG03209-2_S15_L001_R1_001.fastq.gz','s3://human-pangenomics/working/HPRC/HG03209/raw_data/hic/HG03209-2_S15_L001_R2_001.fastq.gz','s3://human-pangenomics/working/HPRC/HG03209/raw_data/hic/HG03209-2_S15_L002_R1_001.fastq.gz','s3://human-pangenomics/working/HPRC/HG03209/raw_data/hic/HG03209-2_S15_L002_R2_001.fastq.gz','s3://human-pangenomics/working/HPRC/HG03209/raw_data/hic/HG03209-1_S7_L003_R1_001.fastq.gz','s3://human-pangenomics/working/HPRC/HG03209/raw_data/hic/HG03209-1_S7_L003_R2_001.fastq.gz','s3://human-pangenomics/working/HPRC/HG03209/raw_data/hic/HG03209-1_S7_L004_R1_001.fastq.gz','s3://human-pangenomics/working/HPRC/HG03209/raw_data/hic/HG03209-1_S7_L004_R2_001.fastq.gz','s3://human-pangenomics/working/HPRC/HG03209/raw_data/hic/HG03209-1_S7_L001_R1_001.fastq.gz','s3://human-pangenomics/working/HPRC/HG03209/raw_data/hic/HG03209-1_S7_L001_R2_001.fastq.gz','s3://human-pangenomics/working/HPRC/HG03209/raw_data/hic/HG03209-1_S7_L002_R1_001.fastq.gz','s3://human-pangenomics/working/HPRC/HG03209/raw_data/hic/HG03209-1_S7_L002_R2_001.fastq.gz']	['s3://human-pangenomics/working/HPRC/HG03209/raw_data/PacBio_HiFi/deepconsensus/v1pt2/HG03209.m64076_220520_234906.dc.q20.fastq.gz','s3://human-pangenomics/working/HPRC/HG03209/raw_data/PacBio_HiFi/deepconsensus/v1pt2/HG03209.m64076_220524_161808.dc.q20.fastq.gz','s3://human-pangenomics/working/HPRC/HG03209/raw_data/PacBio_HiFi/deepconsensus/v1pt2/HG03209.m64076_220526_115049.dc.q20.fastq.gz','s3://human-pangenomics/working/HPRC/HG03209/raw_data/PacBio_HiFi/deepconsensus/v1pt2/HG03209.m64076_221001_041132.dc.q20.fastq.gz','s3://human-pangenomics/working/HPRC/HG03209/raw_data/PacBio_HiFi/m84046_230617_033126_s1.hifi_reads.bc2020.bam']	['s3://human-pangenomics/working/HPRC/HG03209/raw_data/Illumina/child/HG03209.final.cram']	['s3://human-pangenomics/working/HPRC/HG03209/raw_data/nanopore/sup5.0.0_5mCG_5hmCG/11_04_24_R1041_UL_HPRC_HG03209_1_dorado0.9.1_sup5.0.0_5mCG_5hmCG.bam','s3://human-pangenomics/working/HPRC/HG03209/raw_data/nanopore/sup5.0.0_5mCG_5hmCG/11_04_24_R1041_UL_HPRC_HG03209_2_dorado0.9.1_sup5.0.0_5mCG_5hmCG.bam','s3://human-pangenomics/working/HPRC/HG03209/raw_data/nanopore/sup5.0.0_5mCG_5hmCG/11_18_24_R1041_UL_HPRC_HG03209_1_dorado0.9.1_sup5.0.0_5mCG_5hmCG.bam','s3://human-pangenomics/working/HPRC/HG03209/raw_data/nanopore/guppy_6/05_17_22_R941_HG03209_1_Guppy_6.5.7_450bps_modbases_5mc_cg_sup_prom_pass.bam','s3://human-pangenomics/working/HPRC/HG03209/raw_data/nanopore/guppy_6/05_17_22_R941_HG03209_2_Guppy_6.5.7_450bps_modbases_5mc_cg_sup_prom_pass.bam','s3://human-pangenomics/working/HPRC/HG03209/raw_data/nanopore/guppy_6/05_17_22_R941_HG03209_3_Guppy_6.5.7_450bps_modbases_5mc_cg_sup_prom_pass.bam']	[--unitig-abundance 8]
HG03225	['s3://human-pangenomics/working/HPRC/HG03225/raw_data/hic/HG03225-1_S4_L003_R1_001.fastq.gz','s3://human-pangenomics/working/HPRC/HG03225/raw_data/hic/HG03225-1_S4_L003_R2_001.fastq.gz','s3://human-pangenomics/working/HPRC/HG03225/raw_data/hic/HG03225-1_S4_L004_R1_001.fastq.gz','s3://human-pangenomics/working/HPRC/HG03225/raw_data/hic/HG03225-1_S4_L004_R2_001.fastq.gz','s3://human-pangenomics/working/HPRC/HG03225/raw_data/hic/HG03225-1_S4_L001_R1_001.fastq.gz','s3://human-pangenomics/working/HPRC/HG03225/raw_data/hic/HG03225-1_S4_L001_R2_001.fastq.gz','s3://human-pangenomics/working/HPRC/HG03225/raw_data/hic/HG03225-2_S12_L003_R1_001.fastq.gz','s3://human-pangenomics/working/HPRC/HG03225/raw_data/hic/HG03225-2_S12_L003_R2_001.fastq.gz','s3://human-pangenomics/working/HPRC/HG03225/raw_data/hic/HG03225-1_S4_L002_R1_001.fastq.gz','s3://human-pangenomics/working/HPRC/HG03225/raw_data/hic/HG03225-1_S4_L002_R2_001.fastq.gz','s3://human-pangenomics/working/HPRC/HG03225/raw_data/hic/HG03225-2_S12_L004_R1_001.fastq.gz','s3://human-pangenomics/working/HPRC/HG03225/raw_data/hic/HG03225-2_S12_L004_R2_001.fastq.gz','s3://human-pangenomics/working/HPRC/HG03225/raw_data/hic/HG03225-2_S12_L001_R1_001.fastq.gz','s3://human-pangenomics/working/HPRC/HG03225/raw_data/hic/HG03225-2_S12_L001_R2_001.fastq.gz','s3://human-pangenomics/working/HPRC/HG03225/raw_data/hic/HG03225-2_S12_L002_R1_001.fastq.gz','s3://human-pangenomics/working/HPRC/HG03225/raw_data/hic/HG03225-2_S12_L002_R2_001.fastq.gz']	['s3://human-pangenomics/working/HPRC/HG03225/raw_data/PacBio_HiFi/deepconsensus/v1pt2/HG03225.m64043_220518_120044.dc.q20.fastq.gz','s3://human-pangenomics/working/HPRC/HG03225/raw_data/PacBio_HiFi/deepconsensus/v1pt2/HG03225.m64043_220726_203720.dc.q20.fastq.gz','s3://human-pangenomics/working/HPRC/HG03225/raw_data/PacBio_HiFi/deepconsensus/v1pt2/HG03225.m64136_220518_004520.dc.q20.fastq.gz','s3://human-pangenomics/working/HPRC/HG03225/raw_data/PacBio_HiFi/m64043_220516_150157-bc1008.5mc.hifi_reads.bam','s3://human-pangenomics/working/HPRC/HG03225/raw_data/PacBio_HiFi/m84081_230630_204121_s4.hifi_reads.bc1008.bam','s3://human-pangenomics/working/HPRC/HG03225/raw_data/PacBio_HiFi/m84081_230630_201015_s3.hifi_reads.bc1008.bam']	['s3://human-pangenomics/working/HPRC/HG03225/raw_data/Illumina/child/HG03225.final.cram']	['s3://human-pangenomics/working/HPRC/HG03225/raw_data/nanopore/sup5.0.0_5mCG_5hmCG/11_04_24_R1041_UL_HPRC_HG03225_1_dorado0.9.1_sup5.0.0_5mCG_5hmCG.bam','s3://human-pangenomics/working/HPRC/HG03225/raw_data/nanopore/sup5.0.0_5mCG_5hmCG/11_04_24_R1041_UL_HPRC_HG03225_2_dorado0.9.1_sup5.0.0_5mCG_5hmCG.bam','s3://human-pangenomics/working/HPRC/HG03225/raw_data/nanopore/sup5.0.0_5mCG_5hmCG/11_18_24_R1041_UL_HPRC_HG03225_1_dorado0.9.1_sup5.0.0_5mCG_5hmCG.bam','s3://human-pangenomics/working/HPRC/HG03225/raw_data/nanopore/guppy_6/04_12_22_R941_HG03225_1_Guppy_6.5.7_450bps_modbases_5mc_cg_sup_prom_pass.bam','s3://human-pangenomics/working/HPRC/HG03225/raw_data/nanopore/guppy_6/04_12_22_R941_HG03225_2_Guppy_6.5.7_450bps_modbases_5mc_cg_sup_prom_pass.bam','s3://human-pangenomics/working/HPRC/HG03225/raw_data/nanopore/guppy_6/04_12_22_R941_HG03225_3_Guppy_6.5.7_450bps_modbases_5mc_cg_sup_prom_pass.bam']	[--unitig-abundance 8]
HG03239	['s3://human-pangenomics/working/HPRC/HG03239/raw_data/hic/HG03239-2_S2_L004_R1_001.fastq.gz','s3://human-pangenomics/working/HPRC/HG03239/raw_data/hic/HG03239-2_S2_L004_R2_001.fastq.gz','s3://human-pangenomics/working/HPRC/HG03239/raw_data/hic/HG03239-1_S1_L004_R1_001.fastq.gz','s3://human-pangenomics/working/HPRC/HG03239/raw_data/hic/HG03239-1_S1_L004_R2_001.fastq.gz']	['s3://human-pangenomics/working/HPRC/HG03239/raw_data/PacBio_HiFi/deepconsensus/v1pt2/HG03239.m54329U_220105_011819.dc.q20.fastq.gz','s3://human-pangenomics/working/HPRC/HG03239/raw_data/PacBio_HiFi/deepconsensus/v1pt2/HG03239.m64076_220106_231243.dc.q20.fastq.gz','s3://human-pangenomics/working/HPRC/HG03239/raw_data/PacBio_HiFi/deepconsensus/v1pt2/HG03239.m64076_220108_100904.dc.q20.fastq.gz','s3://human-pangenomics/working/HPRC/HG03239/raw_data/PacBio_HiFi/m84046_230703_225306_s4.hifi_reads.bc2063.bam','s3://human-pangenomics/working/HPRC/HG03239/raw_data/PacBio_HiFi/m84046_230628_210130_s1.bc2063--bc2063.bam']	['s3://human-pangenomics/working/HPRC/HG03239/raw_data/Illumina/child/HG03239.final.cram']	['s3://human-pangenomics/working/HPRC/HG03239/raw_data/nanopore/sup5.0.0_5mCG_5hmCG/11_18_24_R1041_UL_HPRC_HG03239_1_dorado0.9.1_sup5.0.0_5mCG_5hmCG.bam','s3://human-pangenomics/working/HPRC/HG03239/raw_data/nanopore/sup5.0.0_5mCG_5hmCG/11_18_24_R1041_UL_HPRC_HG03239_2_dorado0.9.1_sup5.0.0_5mCG_5hmCG.bam','s3://human-pangenomics/working/HPRC/HG03239/raw_data/nanopore/guppy_6/02_15_22_R941_HG03239_1_Guppy_6.5.7_450bps_modbases_5mc_cg_sup_prom_pass.bam','s3://human-pangenomics/working/HPRC/HG03239/raw_data/nanopore/guppy_6/02_15_22_R941_HG03239_2_Guppy_6.5.7_450bps_modbases_5mc_cg_sup_prom_pass.bam','s3://human-pangenomics/working/HPRC/HG03239/raw_data/nanopore/guppy_6/02_15_22_R941_HG03239_3_Guppy_6.5.7_450bps_modbases_5mc_cg_sup_prom_pass.bam']	[--unitig-abundance 8]
HG03258	['s3://human-pangenomics/working/HPRC/HG03258/raw_data/hic/HG03258-1_FC1_S47_L004_R1_001.fastq.gz','s3://human-pangenomics/working/HPRC/HG03258/raw_data/hic/HG03258-1_FC1_S47_L004_R2_001.fastq.gz','s3://human-pangenomics/working/HPRC/HG03258/raw_data/hic/HG03258-1_FC2_S47_L004_R1_001.fastq.gz','s3://human-pangenomics/working/HPRC/HG03258/raw_data/hic/HG03258-1_FC2_S47_L004_R2_001.fastq.gz','s3://human-pangenomics/working/HPRC/HG03258/raw_data/hic/HG03258-2_FC1_S48_L004_R1_001.fastq.gz','s3://human-pangenomics/working/HPRC/HG03258/raw_data/hic/HG03258-2_FC1_S48_L004_R2_001.fastq.gz','s3://human-pangenomics/working/HPRC/HG03258/raw_data/hic/HG03258-2_FC2_S48_L004_R1_001.fastq.gz','s3://human-pangenomics/working/HPRC/HG03258/raw_data/hic/HG03258-2_FC2_S48_L004_R2_001.fastq.gz']	['s3://human-pangenomics/working/HPRC/HG03258/raw_data/PacBio_HiFi/m84203_240515_215806_s1.hifi_reads.bc1020.bam','s3://human-pangenomics/working/HPRC/HG03258/raw_data/PacBio_HiFi/m84203_240524_194835_s4.hifi_reads.bc1020.bam','s3://human-pangenomics/working/HPRC/HG03258/raw_data/PacBio_HiFi/m84203_240520_174154_s1.hifi_reads.bc1020.bam']	['s3://human-pangenomics/working/HPRC/HG03258/raw_data/Illumina/child/HG03258.final.fq.gz']	['s3://human-pangenomics/working/HPRC/HG03258/raw_data/nanopore/sup5.0.0_5mCG_5hmCG/10_21_24_R1041_UL_HPRC_HG03258_1_dorado0.9.1_sup5.0.0_5mCG_5hmCG.bam','s3://human-pangenomics/working/HPRC/HG03258/raw_data/nanopore/sup5.0.0_5mCG_5hmCG/10_21_24_R1041_UL_HPRC_HG03258_2_dorado0.9.1_sup5.0.0_5mCG_5hmCG.bam']	[--unitig-abundance 8]
HG03270	['s3://human-pangenomics/working/HPRC/HG03270/raw_data/hic/HG03270-1_FC1_S1_L003_R1_001.fastq.gz','s3://human-pangenomics/working/HPRC/HG03270/raw_data/hic/HG03270-1_FC1_S1_L003_R2_001.fastq.gz','s3://human-pangenomics/working/HPRC/HG03270/raw_data/hic/HG03270-1_FC2_S1_L003_R1_001.fastq.gz','s3://human-pangenomics/working/HPRC/HG03270/raw_data/hic/HG03270-1_FC2_S1_L003_R2_001.fastq.gz','s3://human-pangenomics/working/HPRC/HG03270/raw_data/hic/HG03270-2_FC1_S2_L003_R1_001.fastq.gz','s3://human-pangenomics/working/HPRC/HG03270/raw_data/hic/HG03270-2_FC1_S2_L003_R2_001.fastq.gz','s3://human-pangenomics/working/HPRC/HG03270/raw_data/hic/HG03270-2_FC2_S2_L003_R1_001.fastq.gz','s3://human-pangenomics/working/HPRC/HG03270/raw_data/hic/HG03270-2_FC2_S2_L003_R2_001.fastq.gz']	['s3://human-pangenomics/working/HPRC/HG03270/raw_data/PacBio_HiFi/m84091_230710_183139_s4.hifi_reads.bc1015.bam','s3://human-pangenomics/working/HPRC/HG03270/raw_data/PacBio_HiFi/m84091_230707_175906_s3.hifi_reads.bc1015.bam']	['s3://human-pangenomics/working/HPRC/HG03270/raw_data/Illumina/child/HG03270.final.cram']	['s3://human-pangenomics/working/HPRC/HG03270/raw_data/nanopore/sup5.0.0_5mCG_5hmCG/10_24_23_R1041_HPRC_HG03270_1_dorado0.9.5_sup5.0.0_5mCG_5hmCG.bam','s3://human-pangenomics/working/HPRC/HG03270/raw_data/nanopore/sup5.0.0_5mCG_5hmCG/10_24_23_R1041_HPRC_HG03270_2_dorado0.9.5_sup5.0.0_5mCG_5hmCG.bam','s3://human-pangenomics/working/HPRC/HG03270/raw_data/nanopore/sup5.0.0_5mCG_5hmCG/10_24_23_R1041_HPRC_HG03270_3_dorado0.9.5_sup5.0.0_5mCG_5hmCG.bam','s3://human-pangenomics/working/HPRC/HG03270/raw_data/nanopore/sup5.0.0_5mCG_5hmCG/10_24_23_R1041_HPRC_HG03270_4_dorado0.9.5_sup5.0.0_5mCG_5hmCG.bam']	[--unitig-abundance 8]
HG03271	['s3://human-pangenomics/working/HPRC/HG03271/raw_data/hic/HG03271-2_FC1_S34_L003_R2_001.fastq.gz','s3://human-pangenomics/working/HPRC/HG03271/raw_data/hic/HG03271-1_FC1_S33_L003_R2_001.fastq.gz','s3://human-pangenomics/working/HPRC/HG03271/raw_data/hic/HG03271-2_FC2_S34_L003_R2_001.fastq.gz','s3://human-pangenomics/working/HPRC/HG03271/raw_data/hic/HG03271-1_FC1_S33_L003_R1_001.fastq.gz','s3://human-pangenomics/working/HPRC/HG03271/raw_data/hic/HG03271-1_FC2_S33_L003_R2_001.fastq.gz','s3://human-pangenomics/working/HPRC/HG03271/raw_data/hic/HG03271-2_FC1_S34_L003_R1_001.fastq.gz','s3://human-pangenomics/working/HPRC/HG03271/raw_data/hic/HG03271-2_FC2_S34_L003_R1_001.fastq.gz','s3://human-pangenomics/working/HPRC/HG03271/raw_data/hic/HG03271-1_FC2_S33_L003_R1_001.fastq.gz']	['s3://human-pangenomics/working/HPRC/HG03271/raw_data/PacBio_HiFi/m84046_240304_232330_s2.hifi_reads.bc2028.bam','s3://human-pangenomics/working/HPRC/HG03271/raw_data/PacBio_HiFi/m84046_240302_144154_s3.hifi_reads.bc2028.bam','s3://human-pangenomics/working/HPRC/HG03271/raw_data/PacBio_HiFi/m84046_240302_124223_s2.hifi_reads.bc2028.bam']	['s3://human-pangenomics/working/HPRC/HG03271/raw_data/Illumina/child/HG03271.final.fq.gz']	['s3://human-pangenomics/working/HPRC/HG03271/raw_data/nanopore/sup5.0.0_5mCG_5hmCG/10_21_24_R1041_UL_HPRC_HG03271_1_dorado0.9.1_sup5.0.0_5mCG_5hmCG.bam','s3://human-pangenomics/working/HPRC/HG03271/raw_data/nanopore/sup5.0.0_5mCG_5hmCG/10_21_24_R1041_UL_HPRC_HG03271_2_dorado0.9.1_sup5.0.0_5mCG_5hmCG.bam','s3://human-pangenomics/working/HPRC/HG03271/raw_data/nanopore/sup5.0.0_5mCG_5hmCG/10_21_24_R1041_UL_HPRC_HG03271_3_dorado0.9.1_sup5.0.0_5mCG_5hmCG.bam','s3://human-pangenomics/working/HPRC/HG03271/raw_data/nanopore/sup5.0.0_5mCG_5hmCG/12_09_24_R1041_UL_HPRC_HG03271_1_dorado0.9.1_sup5.0.0_5mCG_5hmCG.bam','s3://human-pangenomics/working/HPRC/HG03271/raw_data/nanopore/sup5.0.0_5mCG_5hmCG/12_09_24_R1041_UL_HPRC_HG03271_2_dorado0.9.1_sup5.0.0_5mCG_5hmCG.bam']	[--unitig-abundance 8]
HG03343	['s3://human-pangenomics/working/HPRC/HG03343/raw_data/hic/HG03343-1_FC1_S17_L002_R2_001.fastq.gz','s3://human-pangenomics/working/HPRC/HG03343/raw_data/hic/HG03343-2_FC1_S18_L002_R2_001.fastq.gz','s3://human-pangenomics/working/HPRC/HG03343/raw_data/hic/HG03343-2_FC2_S18_L002_R2_001.fastq.gz','s3://human-pangenomics/working/HPRC/HG03343/raw_data/hic/HG03343-1_FC2_S17_L002_R2_001.fastq.gz','s3://human-pangenomics/working/HPRC/HG03343/raw_data/hic/HG03343-1_FC1_S17_L002_R1_001.fastq.gz','s3://human-pangenomics/working/HPRC/HG03343/raw_data/hic/HG03343-1_FC2_S17_L002_R1_001.fastq.gz','s3://human-pangenomics/working/HPRC/HG03343/raw_data/hic/HG03343-2_FC2_S18_L002_R1_001.fastq.gz','s3://human-pangenomics/working/HPRC/HG03343/raw_data/hic/HG03343-2_FC1_S18_L002_R1_001.fastq.gz']	['s3://human-pangenomics/working/HPRC/HG03343/raw_data/PacBio_HiFi/m84081_231119_022155_s2.hifi_reads.bc2067.bam','s3://human-pangenomics/working/HPRC/HG03343/raw_data/PacBio_HiFi/m84081_231119_025301_s3.hifi_reads.bc2067.bam','s3://human-pangenomics/working/HPRC/HG03343/raw_data/PacBio_HiFi/m84081_231119_015049_s1.hifi_reads.bc2067.bam','s3://human-pangenomics/working/HPRC/HG03343/raw_data/PacBio_HiFi/m84081_231112_023836_s2.hifi_reads.bc2067.bam','s3://human-pangenomics/working/HPRC/HG03343/raw_data/PacBio_HiFi/m84081_231029_020543_s2.hifi_reads.bc2067.bam','s3://human-pangenomics/working/HPRC/HG03343/raw_data/PacBio_HiFi/m84081_231027_195514_s2.hifi_reads.bc2067.bam']	['s3://human-pangenomics/working/HPRC/HG03343/raw_data/Illumina/child/HG03343.final.fq.gz']	['s3://human-pangenomics/working/HPRC/HG03343/raw_data/nanopore/sup5.0.0_5mCG_5hmCG/08_08_23_R1041_HPRC_HG03343_1_dorado0.9.5_sup5.0.0_5mCG_5hmCG.bam','s3://human-pangenomics/working/HPRC/HG03343/raw_data/nanopore/sup5.0.0_5mCG_5hmCG/08_08_23_R1041_HPRC_HG03343_2_dorado0.9.5_sup5.0.0_5mCG_5hmCG.bam','s3://human-pangenomics/working/HPRC/HG03343/raw_data/nanopore/sup5.0.0_5mCG_5hmCG/08_08_23_R1041_HPRC_HG03343_3_dorado0.9.5_sup5.0.0_5mCG_5hmCG.bam']	[--unitig-abundance 8]
HG03366	['s3://human-pangenomics/working/HPRC/HG03366/raw_data/hic/HG03366-1_FC1_S33_L003_R1_001.fastq.gz','s3://human-pangenomics/working/HPRC/HG03366/raw_data/hic/HG03366-1_FC1_S33_L003_R2_001.fastq.gz','s3://human-pangenomics/working/HPRC/HG03366/raw_data/hic/HG03366-1_FC2_S33_L003_R1_001.fastq.gz','s3://human-pangenomics/working/HPRC/HG03366/raw_data/hic/HG03366-1_FC2_S33_L003_R2_001.fastq.gz','s3://human-pangenomics/working/HPRC/HG03366/raw_data/hic/HG03366-2_FC1_S34_L003_R1_001.fastq.gz','s3://human-pangenomics/working/HPRC/HG03366/raw_data/hic/HG03366-2_FC1_S34_L003_R2_001.fastq.gz','s3://human-pangenomics/working/HPRC/HG03366/raw_data/hic/HG03366-2_FC2_S34_L003_R1_001.fastq.gz','s3://human-pangenomics/working/HPRC/HG03366/raw_data/hic/HG03366-2_FC2_S34_L003_R2_001.fastq.gz']	['s3://human-pangenomics/working/HPRC/HG03366/raw_data/PacBio_HiFi/m84046_240617_225739_s3.hifi_reads.bc2007.bam','s3://human-pangenomics/working/HPRC/HG03366/raw_data/PacBio_HiFi/m84046_240607_225120_s4.hifi_reads.bc2007.bam','s3://human-pangenomics/working/HPRC/HG03366/raw_data/PacBio_HiFi/m84046_240614_224759_s4.hifi_reads.bc2007.bam','s3://human-pangenomics/working/HPRC/HG03366/raw_data/PacBio_HiFi/m84046_240610_221424_s4.hifi_reads.bc2007.bam','s3://human-pangenomics/working/HPRC/HG03366/raw_data/PacBio_HiFi/m84046_240607_045510_s3.hifi_reads.bc2007.bam']	['s3://human-pangenomics/working/HPRC/HG03366/raw_data/Illumina/child/HG03366.final.fq.gz']	['s3://human-pangenomics/working/HPRC/HG03366/raw_data/nanopore/sup5.0.0_5mCG_5hmCG/10_07_24_R1041_UL_HPRC_HG03366_1_dorado0.9.1_sup5.0.0_5mCG_5hmCG.bam','s3://human-pangenomics/working/HPRC/HG03366/raw_data/nanopore/sup5.0.0_5mCG_5hmCG/10_07_24_R1041_UL_HPRC_HG03366_2_dorado0.9.1_sup5.0.0_5mCG_5hmCG.bam']	[--unitig-abundance 8]
HG03369	['s3://human-pangenomics/working/HPRC/HG03369/raw_data/hic/HG03369-2_FC1_S38_L002_R1_001.fastq.gz','s3://human-pangenomics/working/HPRC/HG03369/raw_data/hic/HG03369-2_FC1_S38_L002_R2_001.fastq.gz','s3://human-pangenomics/working/HPRC/HG03369/raw_data/hic/HG03369-2_FC2_S38_L002_R1_001.fastq.gz','s3://human-pangenomics/working/HPRC/HG03369/raw_data/hic/HG03369-2_FC2_S38_L002_R2_001.fastq.gz','s3://human-pangenomics/working/HPRC/HG03369/raw_data/hic/HG03369-2_FC4_S38_L002_R1_001.fastq.gz','s3://human-pangenomics/working/HPRC/HG03369/raw_data/hic/HG03369-2_FC4_S38_L002_R2_001.fastq.gz','s3://human-pangenomics/working/HPRC/HG03369/raw_data/hic/HG03369-2_FC3_S38_L002_R1_001.fastq.gz','s3://human-pangenomics/working/HPRC/HG03369/raw_data/hic/HG03369-2_FC3_S38_L002_R2_001.fastq.gz','s3://human-pangenomics/working/HPRC/HG03369/raw_data/hic/HG03369-1_FC1_S37_L002_R1_001.fastq.gz','s3://human-pangenomics/working/HPRC/HG03369/raw_data/hic/HG03369-1_FC1_S37_L002_R2_001.fastq.gz','s3://human-pangenomics/working/HPRC/HG03369/raw_data/hic/HG03369-1_FC4_S37_L002_R1_001.fastq.gz','s3://human-pangenomics/working/HPRC/HG03369/raw_data/hic/HG03369-1_FC4_S37_L002_R2_001.fastq.gz','s3://human-pangenomics/working/HPRC/HG03369/raw_data/hic/HG03369-1_FC3_S37_L002_R1_001.fastq.gz','s3://human-pangenomics/working/HPRC/HG03369/raw_data/hic/HG03369-1_FC3_S37_L002_R2_001.fastq.gz','s3://human-pangenomics/working/HPRC/HG03369/raw_data/hic/HG03369-1_FC2_S37_L002_R1_001.fastq.gz','s3://human-pangenomics/working/HPRC/HG03369/raw_data/hic/HG03369-1_FC2_S37_L002_R2_001.fastq.gz']	['s3://human-pangenomics/working/HPRC/HG03369/raw_data/PacBio_HiFi/m84091_230721_145006_s3.hifi_reads.bc1009.bam','s3://human-pangenomics/working/HPRC/HG03369/raw_data/PacBio_HiFi/m84091_230727_135923_s3.hifi_reads.bc1009.bam']	['s3://human-pangenomics/working/HPRC/HG03369/raw_data/Illumina/child/HG03369.final.cram']	['s3://human-pangenomics/working/HPRC/HG03369/raw_data/nanopore/sup5.0.0_5mCG_5hmCG/10_10_23_R1041_HPRC_HG03369_1_dorado0.9.5_sup5.0.0_5mCG_5hmCG.bam','s3://human-pangenomics/working/HPRC/HG03369/raw_data/nanopore/sup5.0.0_5mCG_5hmCG/10_10_23_R1041_HPRC_HG03369_2_dorado0.9.5_sup5.0.0_5mCG_5hmCG.bam','s3://human-pangenomics/working/HPRC/HG03369/raw_data/nanopore/sup5.0.0_5mCG_5hmCG/10_10_23_R1041_HPRC_HG03369_3_dorado0.9.5_sup5.0.0_5mCG_5hmCG.bam']	[--unitig-abundance 8]
HG03372	['s3://human-pangenomics/working/HPRC/HG03372/raw_data/hic/HG03372-2_FC1_S14_L002_R2_001.fastq.gz','s3://human-pangenomics/working/HPRC/HG03372/raw_data/hic/HG03372-1_FC1_S13_L002_R2_001.fastq.gz','s3://human-pangenomics/working/HPRC/HG03372/raw_data/hic/HG03372-2_FC2_S14_L002_R2_001.fastq.gz','s3://human-pangenomics/working/HPRC/HG03372/raw_data/hic/HG03372-1_FC2_S13_L002_R2_001.fastq.gz','s3://human-pangenomics/working/HPRC/HG03372/raw_data/hic/HG03372-1_FC1_S13_L002_R1_001.fastq.gz','s3://human-pangenomics/working/HPRC/HG03372/raw_data/hic/HG03372-2_FC2_S14_L002_R1_001.fastq.gz','s3://human-pangenomics/working/HPRC/HG03372/raw_data/hic/HG03372-2_FC1_S14_L002_R1_001.fastq.gz','s3://human-pangenomics/working/HPRC/HG03372/raw_data/hic/HG03372-1_FC2_S13_L002_R1_001.fastq.gz']	['s3://human-pangenomics/working/HPRC/HG03372/raw_data/PacBio_HiFi/m84091_231214_204105_s2.hifi_reads.bc1003.bam','s3://human-pangenomics/working/HPRC/HG03372/raw_data/PacBio_HiFi/m84091_231106_201855_s1.hifi_reads.bc1003.bam','s3://human-pangenomics/working/HPRC/HG03372/raw_data/PacBio_HiFi/m84091_240308_212739_s2.hifi_reads.bc1003.bam']	['s3://human-pangenomics/working/HPRC/HG03372/raw_data/Illumina/child/HG03372.final.fq.gz']	['s3://human-pangenomics/working/HPRC/HG03372/raw_data/nanopore/sup5.0.0_5mCG_5hmCG/07_08_24_R1041_UL_HPRC_HG03372_1_dorado0.9.5_sup5.0.0_5mCG_5hmCG.bam','s3://human-pangenomics/working/HPRC/HG03372/raw_data/nanopore/sup5.0.0_5mCG_5hmCG/07_08_24_R1041_UL_HPRC_HG03372_2_dorado0.9.5_sup5.0.0_5mCG_5hmCG.bam','s3://human-pangenomics/working/HPRC/HG03372/raw_data/nanopore/sup5.0.0_5mCG_5hmCG/07_08_24_R1041_UL_HPRC_HG03372_3_dorado0.9.5_sup5.0.0_5mCG_5hmCG.bam','s3://human-pangenomics/working/HPRC/HG03372/raw_data/nanopore/sup5.0.0_5mCG_5hmCG/09_06_23_R1041_HPRC_HG03372_1_dorado0.9.5_sup5.0.0_5mCG_5hmCG.bam','s3://human-pangenomics/working/HPRC/HG03372/raw_data/nanopore/sup5.0.0_5mCG_5hmCG/09_06_23_R1041_HPRC_HG03372_2_dorado0.9.5_sup5.0.0_5mCG_5hmCG.bam','s3://human-pangenomics/working/HPRC/HG03372/raw_data/nanopore/sup5.0.0_5mCG_5hmCG/09_06_23_R1041_HPRC_HG03372_3_dorado0.9.5_sup5.0.0_5mCG_5hmCG.bam']	[--unitig-abundance 8]
HG03388	['s3://human-pangenomics/working/HPRC/HG03388/raw_data/hic/HG03388-1_FC1_S23_L002_R1_001.fastq.gz','s3://human-pangenomics/working/HPRC/HG03388/raw_data/hic/HG03388-1_FC1_S23_L002_R2_001.fastq.gz','s3://human-pangenomics/working/HPRC/HG03388/raw_data/hic/HG03388-1_FC2_S23_L002_R1_001.fastq.gz','s3://human-pangenomics/working/HPRC/HG03388/raw_data/hic/HG03388-1_FC2_S23_L002_R2_001.fastq.gz','s3://human-pangenomics/working/HPRC/HG03388/raw_data/hic/HG03388-2_FC1_S24_L002_R1_001.fastq.gz','s3://human-pangenomics/working/HPRC/HG03388/raw_data/hic/HG03388-2_FC1_S24_L002_R2_001.fastq.gz','s3://human-pangenomics/working/HPRC/HG03388/raw_data/hic/HG03388-2_FC2_S24_L002_R1_001.fastq.gz','s3://human-pangenomics/working/HPRC/HG03388/raw_data/hic/HG03388-2_FC2_S24_L002_R2_001.fastq.gz']	['s3://human-pangenomics/working/HPRC/HG03388/raw_data/PacBio_HiFi/m84081_231207_213447_s4.hifi_reads.bc2003.bam','s3://human-pangenomics/working/HPRC/HG03388/raw_data/PacBio_HiFi/m84081_231207_210341_s3.hifi_reads.bc2003.bam']	['s3://human-pangenomics/working/HPRC/HG03388/raw_data/Illumina/child/HG03388.final.fq.gz']	['s3://human-pangenomics/working/HPRC/HG03388/raw_data/nanopore/sup5.0.0_5mCG_5hmCG/08_29_23_R1041_HPRC_HG03388_1_dorado0.9.5_sup5.0.0_5mCG_5hmCG.bam','s3://human-pangenomics/working/HPRC/HG03388/raw_data/nanopore/sup5.0.0_5mCG_5hmCG/08_29_23_R1041_HPRC_HG03388_2_dorado0.9.5_sup5.0.0_5mCG_5hmCG.bam','s3://human-pangenomics/working/HPRC/HG03388/raw_data/nanopore/sup5.0.0_5mCG_5hmCG/08_29_23_R1041_HPRC_HG03388_3_dorado0.9.5_sup5.0.0_5mCG_5hmCG.bam']	[--unitig-abundance 8]
HG03432	['s3://human-pangenomics/working/HPRC/HG03432/raw_data/hic/HG03432-1_FC1_S27_L003_R1_001.fastq.gz','s3://human-pangenomics/working/HPRC/HG03432/raw_data/hic/HG03432-1_FC1_S27_L003_R2_001.fastq.gz','s3://human-pangenomics/working/HPRC/HG03432/raw_data/hic/HG03432-1_FC2_S27_L003_R1_001.fastq.gz','s3://human-pangenomics/working/HPRC/HG03432/raw_data/hic/HG03432-1_FC2_S27_L003_R2_001.fastq.gz','s3://human-pangenomics/working/HPRC/HG03432/raw_data/hic/HG03432-2_FC1_S28_L003_R1_001.fastq.gz','s3://human-pangenomics/working/HPRC/HG03432/raw_data/hic/HG03432-2_FC1_S28_L003_R2_001.fastq.gz','s3://human-pangenomics/working/HPRC/HG03432/raw_data/hic/HG03432-2_FC2_S28_L003_R1_001.fastq.gz','s3://human-pangenomics/working/HPRC/HG03432/raw_data/hic/HG03432-2_FC2_S28_L003_R2_001.fastq.gz']	['s3://human-pangenomics/working/HPRC/HG03432/raw_data/PacBio_HiFi/m84091_240515_205302_s2.hifi_reads.bc1002.bam','s3://human-pangenomics/working/HPRC/HG03432/raw_data/PacBio_HiFi/m84203_240517_212457_s3.hifi_reads.bc1002.bam']	['s3://human-pangenomics/working/HPRC/HG03432/raw_data/Illumina/child/HG03432.final.fq.gz']	['s3://human-pangenomics/working/HPRC/HG03432/raw_data/nanopore/sup5.0.0_5mCG_5hmCG/10_21_24_R1041_UL_HPRC_HG03432_1_dorado0.9.1_sup5.0.0_5mCG_5hmCG.bam','s3://human-pangenomics/working/HPRC/HG03432/raw_data/nanopore/sup5.0.0_5mCG_5hmCG/10_21_24_R1041_UL_HPRC_HG03432_2_dorado0.9.1_sup5.0.0_5mCG_5hmCG.bam']	[--unitig-abundance 8]
HG03445	['s3://human-pangenomics/working/HPRC/HG03445/raw_data/hic/HG03445-1_FC1_S31_L003_R1_001.fastq.gz','s3://human-pangenomics/working/HPRC/HG03445/raw_data/hic/HG03445-1_FC1_S31_L003_R2_001.fastq.gz','s3://human-pangenomics/working/HPRC/HG03445/raw_data/hic/HG03445-1_FC2_S31_L003_R1_001.fastq.gz','s3://human-pangenomics/working/HPRC/HG03445/raw_data/hic/HG03445-1_FC2_S31_L003_R2_001.fastq.gz','s3://human-pangenomics/working/HPRC/HG03445/raw_data/hic/HG03445-2_FC1_S32_L003_R1_001.fastq.gz','s3://human-pangenomics/working/HPRC/HG03445/raw_data/hic/HG03445-2_FC1_S32_L003_R2_001.fastq.gz','s3://human-pangenomics/working/HPRC/HG03445/raw_data/hic/HG03445-2_FC2_S32_L003_R1_001.fastq.gz','s3://human-pangenomics/working/HPRC/HG03445/raw_data/hic/HG03445-2_FC2_S32_L003_R2_001.fastq.gz']	['s3://human-pangenomics/working/HPRC/HG03445/raw_data/PacBio_HiFi/m84091_240315_193817_s2.hifi_reads.bc1015.bam','s3://human-pangenomics/working/HPRC/HG03445/raw_data/PacBio_HiFi/m84091_240110_204947_s3.hifi_reads.bc1015.bam','s3://human-pangenomics/working/HPRC/HG03445/raw_data/PacBio_HiFi/m84091_240311_162534_s1.hifi_reads.bc1015.bam']	['s3://human-pangenomics/working/HPRC/HG03445/raw_data/Illumina/child/HG03445.final.fq.gz']	['s3://human-pangenomics/working/HPRC/HG03445/raw_data/nanopore/sup5.0.0_5mCG_5hmCG/01_23_24_R1041_HPRC_HG03445_1_dorado0.9.5_sup5.0.0_5mCG_5hmCG.bam','s3://human-pangenomics/working/HPRC/HG03445/raw_data/nanopore/sup5.0.0_5mCG_5hmCG/10_17_23_R1041_HPRC_HG03445_1_dorado0.9.5_sup5.0.0_5mCG_5hmCG.bam','s3://human-pangenomics/working/HPRC/HG03445/raw_data/nanopore/sup5.0.0_5mCG_5hmCG/10_17_23_R1041_HPRC_HG03445_2_dorado0.9.5_sup5.0.0_5mCG_5hmCG.bam','s3://human-pangenomics/working/HPRC/HG03445/raw_data/nanopore/sup5.0.0_5mCG_5hmCG/10_17_23_R1041_HPRC_HG03445_3_dorado0.9.5_sup5.0.0_5mCG_5hmCG.bam']	[--unitig-abundance 8]
HG03453	['s3://human-pangenomics/working/HPRC/HG03453/raw_data/hic/NWM199a-1_S6_L003_R1_001.fastq.gz','s3://human-pangenomics/working/HPRC/HG03453/raw_data/hic/NWM199a-1_S6_L003_R2_001.fastq.gz','s3://human-pangenomics/working/HPRC/HG03453/raw_data/hic/NWM199a-2_S14_L003_R1_001.fastq.gz','s3://human-pangenomics/working/HPRC/HG03453/raw_data/hic/NWM199a-2_S14_L003_R2_001.fastq.gz','s3://human-pangenomics/working/HPRC/HG03453/raw_data/hic/NWM199a-1_S6_L004_R1_001.fastq.gz','s3://human-pangenomics/working/HPRC/HG03453/raw_data/hic/NWM199a-1_S6_L004_R2_001.fastq.gz','s3://human-pangenomics/working/HPRC/HG03453/raw_data/hic/NWM199a-1_S6_L001_R1_001.fastq.gz','s3://human-pangenomics/working/HPRC/HG03453/raw_data/hic/NWM199a-1_S6_L001_R2_001.fastq.gz','s3://human-pangenomics/working/HPRC/HG03453/raw_data/hic/NWM199a-1_S6_L002_R1_001.fastq.gz','s3://human-pangenomics/working/HPRC/HG03453/raw_data/hic/NWM199a-1_S6_L002_R2_001.fastq.gz','s3://human-pangenomics/working/HPRC/HG03453/raw_data/hic/NWM199a-2_S14_L004_R1_001.fastq.gz','s3://human-pangenomics/working/HPRC/HG03453/raw_data/hic/NWM199a-2_S14_L004_R2_001.fastq.gz','s3://human-pangenomics/working/HPRC/HG03453/raw_data/hic/NWM199a-2_S14_L001_R1_001.fastq.gz','s3://human-pangenomics/working/HPRC/HG03453/raw_data/hic/NWM199a-2_S14_L001_R2_001.fastq.gz','s3://human-pangenomics/working/HPRC/HG03453/raw_data/hic/NWM199a-2_S14_L002_R1_001.fastq.gz','s3://human-pangenomics/working/HPRC/HG03453/raw_data/hic/NWM199a-2_S14_L002_R2_001.fastq.gz']	['s3://human-pangenomics/working/HPRC/HG03453/raw_data/PacBio_HiFi/deepconsensus/v1pt2/HG03453.m64043_200508_172634.dc.q20.fastq.gz','s3://human-pangenomics/working/HPRC/HG03453/raw_data/PacBio_HiFi/deepconsensus/v1pt2/HG03453.m64043_200509_233929.dc.q20.fastq.gz','s3://human-pangenomics/working/HPRC/HG03453/raw_data/PacBio_HiFi/deepconsensus/v1pt2/HG03453.m64043_200511_060458.dc.q20.fastq.gz','s3://human-pangenomics/working/HPRC/HG03453/raw_data/PacBio_HiFi/deepconsensus/v1pt2/HG03453.m64043_200512_123035.dc.q20.fastq.gz']	['s3://human-pangenomics/working/HPRC/HG03453/raw_data/Illumina/child/HG03453.final.cram']	['s3://human-pangenomics/working/HPRC/HG03453/raw_data/nanopore/sup5.0.0_5mCG_5hmCG/09_16_24_R1041_UL_HPRC_HG03453_2_dorado1.0.0_sup5.0.0_5mCG_5hmCG.bam','s3://human-pangenomics/working/HPRC/HG03453/raw_data/nanopore/sup5.0.0_5mCG_5hmCG/09_16_24_R1041_UL_HPRC_HG03453_1_dorado1.0.0_sup5.0.0_5mCG_5hmCG.bam','s3://human-pangenomics/working/HPRC/HG03453/raw_data/nanopore/sup5.0.0_5mCG_5hmCG/09_16_24_R1041_UL_HPRC_HG03453_3_dorado1.0.0_sup5.0.0_5mCG_5hmCG.bam','s3://human-pangenomics/working/HPRC/HG03453/raw_data/nanopore/guppy_6/03_14_23_R941_HG03453_1_Guppy_6.5.7_450bps_modbases_5mc_cg_sup_prom_pass.bam','s3://human-pangenomics/working/HPRC/HG03453/raw_data/nanopore/guppy_6/03_14_23_R941_HG03453_2_Guppy_6.5.7_450bps_modbases_5mc_cg_sup_prom_pass.bam','s3://human-pangenomics/working/HPRC/HG03453/raw_data/nanopore/guppy_6/HG03453_1_Guppy_6.5.7_450bps_modbases_5mc_cg_sup_prom_pass.bam','s3://human-pangenomics/working/HPRC/HG03453/raw_data/nanopore/guppy_6/HG03453_3_Guppy_6.5.7_450bps_modbases_5mc_cg_sup_prom_pass.bam','s3://human-pangenomics/working/HPRC/HG03453/raw_data/nanopore/guppy_6/HG03453_5_Guppy_6.5.7_450bps_modbases_5mc_cg_sup_prom_pass.bam']	[--unitig-abundance 8]
HG03457	['s3://human-pangenomics/working/HPRC/HG03457/raw_data/hic/HG03457-1_FC1_S7_L001_R1_001.fastq.gz','s3://human-pangenomics/working/HPRC/HG03457/raw_data/hic/HG03457-1_FC1_S7_L001_R2_001.fastq.gz','s3://human-pangenomics/working/HPRC/HG03457/raw_data/hic/HG03457-1_FC2_S7_L001_R1_001.fastq.gz','s3://human-pangenomics/working/HPRC/HG03457/raw_data/hic/HG03457-1_FC2_S7_L001_R2_001.fastq.gz','s3://human-pangenomics/working/HPRC/HG03457/raw_data/hic/HG03457-2_FC1_S8_L001_R1_001.fastq.gz','s3://human-pangenomics/working/HPRC/HG03457/raw_data/hic/HG03457-2_FC1_S8_L001_R2_001.fastq.gz','s3://human-pangenomics/working/HPRC/HG03457/raw_data/hic/HG03457-2_FC2_S8_L001_R1_001.fastq.gz','s3://human-pangenomics/working/HPRC/HG03457/raw_data/hic/HG03457-2_FC2_S8_L001_R2_001.fastq.gz']	['s3://human-pangenomics/working/HPRC/HG03457/raw_data/PacBio_HiFi/m84046_230728_195023_s2.hifi_reads.bc2093.bam','s3://human-pangenomics/working/HPRC/HG03457/raw_data/PacBio_HiFi/m84046_230727_225904_s1.hifi_reads.bc2093.bam','s3://human-pangenomics/working/HPRC/HG03457/raw_data/PacBio_HiFi/m84046_230728_202047_s3.hifi_reads.bc2093.bam','s3://human-pangenomics/working/HPRC/HG03457/raw_data/PacBio_HiFi/m84046_230728_205153_s4.hifi_reads.bc2093.bam','s3://human-pangenomics/working/HPRC/HG03457/raw_data/PacBio_HiFi/m84046_230731_200859_s2.hifi_reads.bc2093.bam']	['s3://human-pangenomics/working/HPRC/HG03457/raw_data/Illumina/child/HG03457.final.fq.gz']	['s3://human-pangenomics/working/HPRC/HG03457/raw_data/nanopore/sup5.0.0_5mCG_5hmCG/09_12_23_R1041_HPRC_HG03457_1_dorado0.9.5_sup5.0.0_5mCG_5hmCG.bam','s3://human-pangenomics/working/HPRC/HG03457/raw_data/nanopore/sup5.0.0_5mCG_5hmCG/09_12_23_R1041_HPRC_HG03457_2_dorado0.9.5_sup5.0.0_5mCG_5hmCG.bam','s3://human-pangenomics/working/HPRC/HG03457/raw_data/nanopore/sup5.0.0_5mCG_5hmCG/09_12_23_R1041_HPRC_HG03457_3_dorado0.9.5_sup5.0.0_5mCG_5hmCG.bam']	[--unitig-abundance 8]
HG03458	['s3://human-pangenomics/working/HPRC/HG03458/raw_data/hic/HG03458-1_S17_L001_R1_001.fastq.gz','s3://human-pangenomics/working/HPRC/HG03458/raw_data/hic/HG03458-1_S17_L002_R1_001.fastq.gz','s3://human-pangenomics/working/HPRC/HG03458/raw_data/hic/HG03458-1_S17_L003_R1_001.fastq.gz','s3://human-pangenomics/working/HPRC/HG03458/raw_data/hic/HG03458-1_S17_L004_R1_001.fastq.gz','s3://human-pangenomics/working/HPRC/HG03458/raw_data/hic/HG03458-1_S17_L001_R2_001.fastq.gz','s3://human-pangenomics/working/HPRC/HG03458/raw_data/hic/HG03458-1_S17_L002_R2_001.fastq.gz','s3://human-pangenomics/working/HPRC/HG03458/raw_data/hic/HG03458-1_S17_L003_R2_001.fastq.gz','s3://human-pangenomics/working/HPRC/HG03458/raw_data/hic/HG03458-1_S17_L004_R2_001.fastq.gz','s3://human-pangenomics/working/HPRC/HG03458/raw_data/hic/HG03458-1_FC1_S52_L003_R1_001.fastq.gz','s3://human-pangenomics/working/HPRC/HG03458/raw_data/hic/HG03458-1_FC1_S52_L003_R2_001.fastq.gz','s3://human-pangenomics/working/HPRC/HG03458/raw_data/hic/HG03458-1_FC2_S52_L003_R1_001.fastq.gz','s3://human-pangenomics/working/HPRC/HG03458/raw_data/hic/HG03458-1_FC2_S52_L003_R2_001.fastq.gz','s3://human-pangenomics/working/HPRC/HG03458/raw_data/hic/HG03458-1_FC3_S52_L003_R1_001.fastq.gz','s3://human-pangenomics/working/HPRC/HG03458/raw_data/hic/HG03458-1_FC3_S52_L003_R2_001.fastq.gz','s3://human-pangenomics/working/HPRC/HG03458/raw_data/hic/HG03458-1_FC4_S52_L003_R1_001.fastq.gz','s3://human-pangenomics/working/HPRC/HG03458/raw_data/hic/HG03458-1_FC4_S52_L003_R2_001.fastq.gz']	['s3://human-pangenomics/working/HPRC/HG03458/raw_data/PacBio_HiFi/deepconsensus/v1pt2/HG03458.m64334e_220823_095812.dc.q20.fastq.gz','s3://human-pangenomics/working/HPRC/HG03458/raw_data/PacBio_HiFi/deepconsensus/v1pt2/HG03458.m64330e_220823_081200.dc.q20.fastq.gz','s3://human-pangenomics/working/HPRC/HG03458/raw_data/PacBio_HiFi/deepconsensus/v1pt2/HG03458.m64055e_220815_142254.dc.q20.fastq.gz','s3://human-pangenomics/working/HPRC/HG03458/raw_data/PacBio_HiFi/m84091_231208_201822_s1.hifi_reads.bc1011.bam']	['s3://human-pangenomics/working/HPRC/HG03458/raw_data/Illumina/child/HG03458.final.fq.gz']	['s3://human-pangenomics/working/HPRC/HG03458/raw_data/nanopore/sup5.0.0_5mCG_5hmCG/11_04_24_R1041_UL_HPRC_HG03458_1_dorado0.9.1_sup5.0.0_5mCG_5hmCG.bam','s3://human-pangenomics/working/HPRC/HG03458/raw_data/nanopore/sup5.0.0_5mCG_5hmCG/11_04_24_R1041_UL_HPRC_HG03458_2_dorado0.9.1_sup5.0.0_5mCG_5hmCG.bam']	[--unitig-abundance 8]
HG03460	['s3://human-pangenomics/working/HPRC/HG03460/raw_data/hic/HG03460-1_FC1_S27_L003_R1_001.fastq.gz','s3://human-pangenomics/working/HPRC/HG03460/raw_data/hic/HG03460-1_FC2_S27_L003_R2_001.fastq.gz','s3://human-pangenomics/working/HPRC/HG03460/raw_data/hic/HG03460-1_FC2_S27_L003_R1_001.fastq.gz','s3://human-pangenomics/working/HPRC/HG03460/raw_data/hic/HG03460-1_FC1_S27_L003_R2_001.fastq.gz','s3://human-pangenomics/working/HPRC/HG03460/raw_data/hic/HG03460-2_FC1_S28_L003_R1_001.fastq.gz','s3://human-pangenomics/working/HPRC/HG03460/raw_data/hic/HG03460-2_FC1_S28_L003_R2_001.fastq.gz','s3://human-pangenomics/working/HPRC/HG03460/raw_data/hic/HG03460-2_FC2_S28_L003_R1_001.fastq.gz','s3://human-pangenomics/working/HPRC/HG03460/raw_data/hic/HG03460-2_FC2_S28_L003_R2_001.fastq.gz']	['s3://human-pangenomics/working/HPRC/HG03460/raw_data/PacBio_HiFi/m84081_240203_015416_s4.hifi_reads.bc2019.bam','s3://human-pangenomics/working/HPRC/HG03460/raw_data/PacBio_HiFi/m84081_240202_235451_s3.hifi_reads.bc2019.bam']	['s3://human-pangenomics/working/HPRC/HG03460/raw_data/Illumina/child/HG03460.final.fq.gz']	['s3://human-pangenomics/working/HPRC/HG03460/raw_data/nanopore/sup5.0.0_5mCG_5hmCG/10_07_24_R1041_UL_HPRC_HG03460_1_dorado0.9.1_sup5.0.0_5mCG_5hmCG.bam','s3://human-pangenomics/working/HPRC/HG03460/raw_data/nanopore/sup5.0.0_5mCG_5hmCG/10_07_24_R1041_UL_HPRC_HG03460_2_dorado0.9.1_sup5.0.0_5mCG_5hmCG.bam','s3://human-pangenomics/working/HPRC/HG03460/raw_data/nanopore/sup5.0.0_5mCG_5hmCG/10_07_24_R1041_UL_HPRC_HG03460_3_dorado0.9.1_sup5.0.0_5mCG_5hmCG.bam']	[--unitig-abundance 8]
HG03470	['s3://human-pangenomics/working/HPRC/HG03470/raw_data/hic/HG03470-2_S26_L003_R1_001.fastq.gz','s3://human-pangenomics/working/HPRC/HG03470/raw_data/hic/HG03470-2_S26_L003_R2_001.fastq.gz','s3://human-pangenomics/working/HPRC/HG03470/raw_data/hic/HG03470-2_S26_L004_R1_001.fastq.gz','s3://human-pangenomics/working/HPRC/HG03470/raw_data/hic/HG03470-2_S26_L004_R2_001.fastq.gz','s3://human-pangenomics/working/HPRC/HG03470/raw_data/hic/HG03470-2_S26_L001_R1_001.fastq.gz','s3://human-pangenomics/working/HPRC/HG03470/raw_data/hic/HG03470-2_S26_L001_R2_001.fastq.gz','s3://human-pangenomics/working/HPRC/HG03470/raw_data/hic/HG03470-2_S26_L002_R1_001.fastq.gz','s3://human-pangenomics/working/HPRC/HG03470/raw_data/hic/HG03470-2_S26_L002_R2_001.fastq.gz','s3://human-pangenomics/working/HPRC/HG03470/raw_data/hic/HG03470-1_S18_L003_R1_001.fastq.gz','s3://human-pangenomics/working/HPRC/HG03470/raw_data/hic/HG03470-1_S18_L003_R2_001.fastq.gz','s3://human-pangenomics/working/HPRC/HG03470/raw_data/hic/HG03470-1_S18_L001_R1_001.fastq.gz','s3://human-pangenomics/working/HPRC/HG03470/raw_data/hic/HG03470-1_S18_L001_R2_001.fastq.gz','s3://human-pangenomics/working/HPRC/HG03470/raw_data/hic/HG03470-1_S18_L004_R1_001.fastq.gz','s3://human-pangenomics/working/HPRC/HG03470/raw_data/hic/HG03470-1_S18_L004_R2_001.fastq.gz','s3://human-pangenomics/working/HPRC/HG03470/raw_data/hic/HG03470-1_S18_L002_R1_001.fastq.gz','s3://human-pangenomics/working/HPRC/HG03470/raw_data/hic/HG03470-1_S18_L002_R2_001.fastq.gz']	['s3://human-pangenomics/working/HPRC/HG03470/raw_data/PacBio_HiFi/deepconsensus/v1pt2/HG03470.m54306Ue_220817_100412.dc.q20.fastq.gz','s3://human-pangenomics/working/HPRC/HG03470/raw_data/PacBio_HiFi/deepconsensus/v1pt2/HG03470.m54306Ue_220819_070258.dc.q20.fastq.gz','s3://human-pangenomics/working/HPRC/HG03470/raw_data/PacBio_HiFi/deepconsensus/v1pt2/HG03470.m64330e_220803_140136.dc.q20.fastq.gz','s3://human-pangenomics/working/HPRC/HG03470/raw_data/PacBio_HiFi/m84091_230705_174256_s2.hifi_reads.bc1009.bam','s3://human-pangenomics/working/HPRC/HG03470/raw_data/PacBio_HiFi/m84091_230705_184508_s4.hifi_reads.bc1009.bam']	['s3://human-pangenomics/working/HPRC/HG03470/raw_data/Illumina/child/HG03470.final.cram']	['s3://human-pangenomics/working/HPRC/HG03470/raw_data/nanopore/sup5.0.0_5mCG_5hmCG/11_04_24_R1041_UL_HPRC_HG03470_1_dorado0.9.1_sup5.0.0_5mCG_5hmCG.bam','s3://human-pangenomics/working/HPRC/HG03470/raw_data/nanopore/sup5.0.0_5mCG_5hmCG/11_04_24_R1041_UL_HPRC_HG03470_2_dorado0.9.1_sup5.0.0_5mCG_5hmCG.bam','s3://human-pangenomics/working/HPRC/HG03470/raw_data/nanopore/guppy_6/05_24_22_R941_HG03470_1_Guppy_6.5.7_450bps_modbases_5mc_cg_sup_prom_pass.bam','s3://human-pangenomics/working/HPRC/HG03470/raw_data/nanopore/guppy_6/05_24_22_R941_HG03470_2_Guppy_6.5.7_450bps_modbases_5mc_cg_sup_prom_pass.bam','s3://human-pangenomics/working/HPRC/HG03470/raw_data/nanopore/guppy_6/05_24_22_R941_HG03470_3_Guppy_6.5.7_450bps_modbases_5mc_cg_sup_prom_pass.bam']	[--unitig-abundance 8]
HG03471	['s3://human-pangenomics/working/HPRC/HG03471/raw_data/hic/NWM201a-1_S8_L003_R1_001.fastq.gz','s3://human-pangenomics/working/HPRC/HG03471/raw_data/hic/NWM201a-1_S8_L003_R2_001.fastq.gz','s3://human-pangenomics/working/HPRC/HG03471/raw_data/hic/NWM201a-2_S16_L003_R1_001.fastq.gz','s3://human-pangenomics/working/HPRC/HG03471/raw_data/hic/NWM201a-2_S16_L003_R2_001.fastq.gz','s3://human-pangenomics/working/HPRC/HG03471/raw_data/hic/NWM201a-1_S8_L004_R1_001.fastq.gz','s3://human-pangenomics/working/HPRC/HG03471/raw_data/hic/NWM201a-1_S8_L004_R2_001.fastq.gz','s3://human-pangenomics/working/HPRC/HG03471/raw_data/hic/NWM201a-1_S8_L001_R1_001.fastq.gz','s3://human-pangenomics/working/HPRC/HG03471/raw_data/hic/NWM201a-1_S8_L001_R2_001.fastq.gz','s3://human-pangenomics/working/HPRC/HG03471/raw_data/hic/NWM201a-1_S8_L002_R1_001.fastq.gz','s3://human-pangenomics/working/HPRC/HG03471/raw_data/hic/NWM201a-1_S8_L002_R2_001.fastq.gz','s3://human-pangenomics/working/HPRC/HG03471/raw_data/hic/NWM201a-2_S16_L004_R1_001.fastq.gz','s3://human-pangenomics/working/HPRC/HG03471/raw_data/hic/NWM201a-2_S16_L004_R2_001.fastq.gz','s3://human-pangenomics/working/HPRC/HG03471/raw_data/hic/NWM201a-2_S16_L001_R1_001.fastq.gz','s3://human-pangenomics/working/HPRC/HG03471/raw_data/hic/NWM201a-2_S16_L001_R2_001.fastq.gz','s3://human-pangenomics/working/HPRC/HG03471/raw_data/hic/NWM201a-2_S16_L002_R1_001.fastq.gz','s3://human-pangenomics/working/HPRC/HG03471/raw_data/hic/NWM201a-2_S16_L002_R2_001.fastq.gz']	['s3://human-pangenomics/working/HPRC/HG03471/raw_data/PacBio_HiFi/deepconsensus/v1pt2/HG03471.m64043_200606_175618.dc.q20.fastq.gz','s3://human-pangenomics/working/HPRC/HG03471/raw_data/PacBio_HiFi/deepconsensus/v1pt2/HG03471.m64043_200608_185843.dc.q20.fastq.gz','s3://human-pangenomics/working/HPRC/HG03471/raw_data/PacBio_HiFi/deepconsensus/v1pt2/HG03471.m64043_200610_011156.dc.q20.fastq.gz','s3://human-pangenomics/working/HPRC/HG03471/raw_data/PacBio_HiFi/deepconsensus/v1pt2/HG03471.m64043_200611_073649.dc.q20.fastq.gz']	['s3://human-pangenomics/working/HPRC/HG03471/raw_data/Illumina/child/HG03471-111121_S5_L002_R1_001.fastq.gz','s3://human-pangenomics/working/HPRC/HG03471/raw_data/Illumina/child/HG03471-111121_S5_L002_R2_001.fastq.gz']	['s3://human-pangenomics/working/HPRC/HG03471/raw_data/nanopore/sup5.0.0_5mCG_5hmCG/09_16_24_R1041_UL_HPRC_HG03471_1_dorado1.0.0_sup5.0.0_5mCG_5hmCG.bam','s3://human-pangenomics/working/HPRC/HG03471/raw_data/nanopore/sup5.0.0_5mCG_5hmCG/09_16_24_R1041_UL_HPRC_HG03471_2_dorado1.0.0_sup5.0.0_5mCG_5hmCG.bam','s3://human-pangenomics/working/HPRC/HG03471/raw_data/nanopore/guppy_6/03_14_23_R941_HG03471_1_Guppy_6.5.7_450bps_modbases_5mc_cg_sup_prom_pass.bam','s3://human-pangenomics/working/HPRC/HG03471/raw_data/nanopore/guppy_6/03_14_23_R941_HG03471_2_Guppy_6.5.7_450bps_modbases_5mc_cg_sup_prom_pass.bam','s3://human-pangenomics/working/HPRC/HG03471/raw_data/nanopore/guppy_6/HG03471_1_Guppy_6.5.7_450bps_modbases_5mc_cg_sup_prom_pass.bam','s3://human-pangenomics/working/HPRC/HG03471/raw_data/nanopore/guppy_6/HG03471_3_Guppy_6.5.7_450bps_modbases_5mc_cg_sup_prom_pass.bam','s3://human-pangenomics/working/HPRC/HG03471/raw_data/nanopore/guppy_6/HG03471_5_Guppy_6.5.7_450bps_modbases_5mc_cg_sup_prom_pass.bam']	[--unitig-abundance 8]
HG03516	['s3://human-pangenomics/working/HPRC/HG03516/raw_data/hic/NWM204a-2_S19_L001_R1_001.fastq.gz','s3://human-pangenomics/working/HPRC/HG03516/raw_data/hic/NWM204a-2_S19_L001_R2_001.fastq.gz','s3://human-pangenomics/working/HPRC/HG03516/raw_data/hic/NWM204a-2_S19_L003_R1_001.fastq.gz','s3://human-pangenomics/working/HPRC/HG03516/raw_data/hic/NWM204a-2_S19_L003_R2_001.fastq.gz','s3://human-pangenomics/working/HPRC/HG03516/raw_data/hic/NWM204a-2_S19_L002_R1_001.fastq.gz','s3://human-pangenomics/working/HPRC/HG03516/raw_data/hic/NWM204a-2_S19_L002_R2_001.fastq.gz','s3://human-pangenomics/working/HPRC/HG03516/raw_data/hic/NWM204a-2_S19_L004_R1_001.fastq.gz','s3://human-pangenomics/working/HPRC/HG03516/raw_data/hic/NWM204a-2_S19_L004_R2_001.fastq.gz','s3://human-pangenomics/working/HPRC/HG03516/raw_data/hic/NWM204a-1_S17_L001_R2_001.fastq.gz','s3://human-pangenomics/working/HPRC/HG03516/raw_data/hic/NWM204a-1_S17_L001_R1_001.fastq.gz','s3://human-pangenomics/working/HPRC/HG03516/raw_data/hic/NWM204a-1_S17_L003_R1_001.fastq.gz','s3://human-pangenomics/working/HPRC/HG03516/raw_data/hic/NWM204a-1_S17_L003_R2_001.fastq.gz','s3://human-pangenomics/working/HPRC/HG03516/raw_data/hic/NWM204a-1_S17_L002_R1_001.fastq.gz','s3://human-pangenomics/working/HPRC/HG03516/raw_data/hic/NWM204a-1_S17_L002_R2_001.fastq.gz','s3://human-pangenomics/working/HPRC/HG03516/raw_data/hic/NWM204a-1_S17_L004_R1_001.fastq.gz','s3://human-pangenomics/working/HPRC/HG03516/raw_data/hic/NWM204a-1_S17_L004_R2_001.fastq.gz']	['s3://human-pangenomics/working/HPRC/HG03516/raw_data/PacBio_HiFi/deepconsensus/v1pt2/HG03516.m54329U_200610_234222.dc.q20.fastq.gz','s3://human-pangenomics/working/HPRC/HG03516/raw_data/PacBio_HiFi/deepconsensus/v1pt2/HG03516.m54329U_200612_200443.dc.q20.fastq.gz','s3://human-pangenomics/working/HPRC/HG03516/raw_data/PacBio_HiFi/deepconsensus/v1pt2/HG03516.m54329U_200614_021746.dc.q20.fastq.gz','s3://human-pangenomics/working/HPRC/HG03516/raw_data/PacBio_HiFi/deepconsensus/v1pt2/HG03516.m54329U_200615_084313.dc.q20.fastq.gz','s3://human-pangenomics/working/HPRC/HG03516/raw_data/PacBio_HiFi/deepconsensus/v1pt2/HG03516.m64136_220529_152051.dc.q20.fastq.gz','s3://human-pangenomics/working/HPRC/HG03516/raw_data/PacBio_HiFi/deepconsensus/v1pt2/HG03516.m64136_220531_103752.dc.q20.fastq.gz','s3://human-pangenomics/working/HPRC/HG03516/raw_data/PacBio_HiFi/m84046_231202_110908_s4.hifi_reads.bc2056.bam']	['s3://human-pangenomics/working/HPRC/HG03516/raw_data/Illumina/child/HG03516.final.cram']	['s3://human-pangenomics/working/HPRC/HG03516/raw_data/nanopore/sup5.0.0_5mCG_5hmCG/09_16_24_R1041_UL_HPRC_HG03516_2_dorado1.0.0_sup5.0.0_5mCG_5hmCG.bam','s3://human-pangenomics/working/HPRC/HG03516/raw_data/nanopore/sup5.0.0_5mCG_5hmCG/09_16_24_R1041_UL_HPRC_HG03516_1_dorado1.0.0_sup5.0.0_5mCG_5hmCG.bam','s3://human-pangenomics/working/HPRC/HG03516/raw_data/nanopore/guppy_6/HG03516_1_Guppy_6.5.7_450bps_modbases_5mc_cg_sup_prom_pass.bam','s3://human-pangenomics/working/HPRC/HG03516/raw_data/nanopore/guppy_6/HG03516_3_Guppy_6.5.7_450bps_modbases_5mc_cg_sup_prom_pass.bam','s3://human-pangenomics/working/HPRC/HG03516/raw_data/nanopore/guppy_6/HG03516_5_Guppy_6.5.7_450bps_modbases_5mc_cg_sup_prom_pass.bam','s3://human-pangenomics/working/HPRC/HG03516/raw_data/nanopore/guppy_6/HG03516_PAK11017_Guppy_6.5.7_450bps_modbases_5mc_cg_sup_prom_pass.bam','s3://human-pangenomics/working/HPRC/HG03516/raw_data/nanopore/guppy_6/HG03516_PAK11491_Guppy_6.5.7_450bps_modbases_5mc_cg_sup_prom_pass.bam','s3://human-pangenomics/working/HPRC/HG03516/raw_data/nanopore/guppy_6/HG03516_PAK15111_Guppy_6.5.7_450bps_modbases_5mc_cg_sup_prom_pass.bam','s3://human-pangenomics/working/HPRC/HG03516/raw_data/nanopore/guppy_6/HG03516_PAK15127_Guppy_6.5.7_450bps_modbases_5mc_cg_sup_prom_pass.bam','s3://human-pangenomics/working/HPRC/HG03516/raw_data/nanopore/guppy_6/HG03516_PAK42746_Guppy_6.5.7_450bps_modbases_5mc_cg_sup_prom_pass.bam','s3://human-pangenomics/working/HPRC/HG03516/raw_data/nanopore/guppy_6/HG03516_PAM62473_Guppy_6.5.7_450bps_modbases_5mc_cg_sup_prom_pass.bam']	[--unitig-abundance 8]
HG03521	['s3://human-pangenomics/working/HPRC/HG03521/raw_data/hic/HG03521-1_FC1_S25_L002_R1_001.fastq.gz','s3://human-pangenomics/working/HPRC/HG03521/raw_data/hic/HG03521-1_FC1_S25_L002_R2_001.fastq.gz','s3://human-pangenomics/working/HPRC/HG03521/raw_data/hic/HG03521-1_FC3_S25_L002_R1_001.fastq.gz','s3://human-pangenomics/working/HPRC/HG03521/raw_data/hic/HG03521-1_FC3_S25_L002_R2_001.fastq.gz','s3://human-pangenomics/working/HPRC/HG03521/raw_data/hic/HG03521-1_FC4_S25_L002_R1_001.fastq.gz','s3://human-pangenomics/working/HPRC/HG03521/raw_data/hic/HG03521-1_FC4_S25_L002_R2_001.fastq.gz','s3://human-pangenomics/working/HPRC/HG03521/raw_data/hic/HG03521-1_FC2_S25_L002_R1_001.fastq.gz','s3://human-pangenomics/working/HPRC/HG03521/raw_data/hic/HG03521-1_FC2_S25_L002_R2_001.fastq.gz','s3://human-pangenomics/working/HPRC/HG03521/raw_data/hic/HG03521-2_FC1_S26_L002_R1_001.fastq.gz','s3://human-pangenomics/working/HPRC/HG03521/raw_data/hic/HG03521-2_FC1_S26_L002_R2_001.fastq.gz','s3://human-pangenomics/working/HPRC/HG03521/raw_data/hic/HG03521-2_FC3_S26_L002_R1_001.fastq.gz','s3://human-pangenomics/working/HPRC/HG03521/raw_data/hic/HG03521-2_FC3_S26_L002_R2_001.fastq.gz','s3://human-pangenomics/working/HPRC/HG03521/raw_data/hic/HG03521-2_FC4_S26_L002_R1_001.fastq.gz','s3://human-pangenomics/working/HPRC/HG03521/raw_data/hic/HG03521-2_FC4_S26_L002_R2_001.fastq.gz','s3://human-pangenomics/working/HPRC/HG03521/raw_data/hic/HG03521-2_FC2_S26_L002_R1_001.fastq.gz','s3://human-pangenomics/working/HPRC/HG03521/raw_data/hic/HG03521-2_FC2_S26_L002_R2_001.fastq.gz']	['s3://human-pangenomics/working/HPRC/HG03521/raw_data/PacBio_HiFi/m84046_230715_064007_s2.hifi_reads.bc2084.bam','s3://human-pangenomics/working/HPRC/HG03521/raw_data/PacBio_HiFi/m84046_230715_060901_s1.hifi_reads.bc2084.bam','s3://human-pangenomics/working/HPRC/HG03521/raw_data/PacBio_HiFi/m84046_230718_230843_s2.hifi_reads.bc2084.bam']	['s3://human-pangenomics/working/HPRC/HG03521/raw_data/Illumina/child/HG03521.final.cram']	['s3://human-pangenomics/working/HPRC/HG03521/raw_data/nanopore/sup5.0.0_5mCG_5hmCG/10_24_23_R1041_HPRC_HG03521_1_dorado0.9.5_sup5.0.0_5mCG_5hmCG.bam','s3://human-pangenomics/working/HPRC/HG03521/raw_data/nanopore/sup5.0.0_5mCG_5hmCG/10_24_23_R1041_HPRC_HG03521_2_dorado0.9.5_sup5.0.0_5mCG_5hmCG.bam','s3://human-pangenomics/working/HPRC/HG03521/raw_data/nanopore/sup5.0.0_5mCG_5hmCG/10_24_23_R1041_HPRC_HG03521_3_dorado0.9.5_sup5.0.0_5mCG_5hmCG.bam']	[--unitig-abundance 8]
HG03540	['s3://human-pangenomics/working/HPRC/HG03540/raw_data/hic/NWM198a-1_S5_L003_R1_001.fastq.gz','s3://human-pangenomics/working/HPRC/HG03540/raw_data/hic/NWM198a-1_S5_L003_R2_001.fastq.gz','s3://human-pangenomics/working/HPRC/HG03540/raw_data/hic/NWM198a-2_S13_L003_R1_001.fastq.gz','s3://human-pangenomics/working/HPRC/HG03540/raw_data/hic/NWM198a-2_S13_L003_R2_001.fastq.gz','s3://human-pangenomics/working/HPRC/HG03540/raw_data/hic/NWM198a-1_S5_L004_R1_001.fastq.gz','s3://human-pangenomics/working/HPRC/HG03540/raw_data/hic/NWM198a-1_S5_L004_R2_001.fastq.gz','s3://human-pangenomics/working/HPRC/HG03540/raw_data/hic/NWM198a-1_S5_L001_R1_001.fastq.gz','s3://human-pangenomics/working/HPRC/HG03540/raw_data/hic/NWM198a-1_S5_L001_R2_001.fastq.gz','s3://human-pangenomics/working/HPRC/HG03540/raw_data/hic/NWM198a-2_S13_L004_R1_001.fastq.gz','s3://human-pangenomics/working/HPRC/HG03540/raw_data/hic/NWM198a-2_S13_L004_R2_001.fastq.gz','s3://human-pangenomics/working/HPRC/HG03540/raw_data/hic/NWM198a-1_S5_L002_R1_001.fastq.gz','s3://human-pangenomics/working/HPRC/HG03540/raw_data/hic/NWM198a-1_S5_L002_R2_001.fastq.gz','s3://human-pangenomics/working/HPRC/HG03540/raw_data/hic/NWM198a-2_S13_L001_R1_001.fastq.gz','s3://human-pangenomics/working/HPRC/HG03540/raw_data/hic/NWM198a-2_S13_L001_R2_001.fastq.gz','s3://human-pangenomics/working/HPRC/HG03540/raw_data/hic/NWM198a-2_S13_L002_R1_001.fastq.gz','s3://human-pangenomics/working/HPRC/HG03540/raw_data/hic/NWM198a-2_S13_L002_R2_001.fastq.gz']	['s3://human-pangenomics/working/HPRC/HG03540/raw_data/PacBio_HiFi/deepconsensus/v1pt2/HG03540.m64043_200521_171703.dc.q20.fastq.gz','s3://human-pangenomics/working/HPRC/HG03540/raw_data/PacBio_HiFi/deepconsensus/v1pt2/HG03540.m64043_200522_232930.dc.q20.fastq.gz','s3://human-pangenomics/working/HPRC/HG03540/raw_data/PacBio_HiFi/deepconsensus/v1pt2/HG03540.m64043_200524_055430.dc.q20.fastq.gz','s3://human-pangenomics/working/HPRC/HG03540/raw_data/PacBio_HiFi/deepconsensus/v1pt2/HG03540.m64043_200525_121851.dc.q20.fastq.gz']	['s3://human-pangenomics/working/HPRC/HG03540/raw_data/Illumina/child/HG03540.final.cram']	['s3://human-pangenomics/working/HPRC/HG03540/raw_data/nanopore/sup5.0.0_5mCG_5hmCG/09_16_24_R1041_UL_HPRC_HG03540_2_dorado1.0.0_sup5.0.0_5mCG_5hmCG.bam','s3://human-pangenomics/working/HPRC/HG03540/raw_data/nanopore/sup5.0.0_5mCG_5hmCG/09_16_24_R1041_UL_HPRC_HG03540_1_dorado1.0.0_sup5.0.0_5mCG_5hmCG.bam','s3://human-pangenomics/working/HPRC/HG03540/raw_data/nanopore/guppy_6/03_14_23_R941_HG03540_1_Guppy_6.5.7_450bps_modbases_5mc_cg_sup_prom_pass.bam','s3://human-pangenomics/working/HPRC/HG03540/raw_data/nanopore/guppy_6/03_14_23_R941_HG03540_2_Guppy_6.5.7_450bps_modbases_5mc_cg_sup_prom_pass.bam','s3://human-pangenomics/working/HPRC/HG03540/raw_data/nanopore/guppy_6/HG03540_1_Guppy_6.5.7_450bps_modbases_5mc_cg_sup_prom_pass.bam','s3://human-pangenomics/working/HPRC/HG03540/raw_data/nanopore/guppy_6/HG03540_3_Guppy_6.5.7_450bps_modbases_5mc_cg_sup_prom_pass.bam','s3://human-pangenomics/working/HPRC/HG03540/raw_data/nanopore/guppy_6/HG03540_5_Guppy_6.5.7_450bps_modbases_5mc_cg_sup_prom_pass.bam']	[--unitig-abundance 8]
HG03557	['s3://human-pangenomics/working/HPRC/HG03557/raw_data/hic/HG03557-1_FC1_S39_L004_R1_001.fastq.gz','s3://human-pangenomics/working/HPRC/HG03557/raw_data/hic/HG03557-1_FC1_S39_L004_R2_001.fastq.gz','s3://human-pangenomics/working/HPRC/HG03557/raw_data/hic/HG03557-1_FC2_S39_L004_R1_001.fastq.gz','s3://human-pangenomics/working/HPRC/HG03557/raw_data/hic/HG03557-1_FC2_S39_L004_R2_001.fastq.gz','s3://human-pangenomics/working/HPRC/HG03557/raw_data/hic/HG03557-2_FC1_S40_L004_R1_001.fastq.gz','s3://human-pangenomics/working/HPRC/HG03557/raw_data/hic/HG03557-2_FC1_S40_L004_R2_001.fastq.gz','s3://human-pangenomics/working/HPRC/HG03557/raw_data/hic/HG03557-2_FC2_S40_L004_R1_001.fastq.gz','s3://human-pangenomics/working/HPRC/HG03557/raw_data/hic/HG03557-2_FC2_S40_L004_R2_001.fastq.gz']	['s3://human-pangenomics/working/HPRC/HG03557/raw_data/PacBio_HiFi/m84046_240304_232330_s2.hifi_reads.bc2027.bam','s3://human-pangenomics/working/HPRC/HG03557/raw_data/PacBio_HiFi/m84046_240314_024949_s3.hifi_reads.bc2027.bam','s3://human-pangenomics/working/HPRC/HG03557/raw_data/PacBio_HiFi/m84046_240302_144154_s3.hifi_reads.bc2027.bam','s3://human-pangenomics/working/HPRC/HG03557/raw_data/PacBio_HiFi/m84046_240302_124223_s2.hifi_reads.bc2027.bam']	['s3://human-pangenomics/working/HPRC/HG03557/raw_data/Illumina/child/HG03557.final.fq.gz']	['s3://human-pangenomics/working/HPRC/HG03557/raw_data/nanopore/sup5.0.0_5mCG_5hmCG/10_21_24_R1041_UL_HPRC_HG03557_1_dorado0.9.1_sup5.0.0_5mCG_5hmCG.bam','s3://human-pangenomics/working/HPRC/HG03557/raw_data/nanopore/sup5.0.0_5mCG_5hmCG/10_21_24_R1041_UL_HPRC_HG03557_2_dorado0.9.1_sup5.0.0_5mCG_5hmCG.bam','s3://human-pangenomics/working/HPRC/HG03557/raw_data/nanopore/sup5.0.0_5mCG_5hmCG/10_21_24_R1041_UL_HPRC_HG03557_3_dorado0.9.1_sup5.0.0_5mCG_5hmCG.bam','s3://human-pangenomics/working/HPRC/HG03557/raw_data/nanopore/sup5.0.0_5mCG_5hmCG/10_21_24_R1041_UL_HPRC_HG03557_4_dorado0.9.1_sup5.0.0_5mCG_5hmCG.bam']	[--unitig-abundance 8]
HG03567	['s3://human-pangenomics/working/HPRC/HG03567/raw_data/hic/HG03567-2_FC1_S48_L004_R2_001.fastq.gz','s3://human-pangenomics/working/HPRC/HG03567/raw_data/hic/HG03567-2_FC2_S48_L004_R2_001.fastq.gz','s3://human-pangenomics/working/HPRC/HG03567/raw_data/hic/HG03567-1_FC1_S47_L004_R2_001.fastq.gz','s3://human-pangenomics/working/HPRC/HG03567/raw_data/hic/HG03567-2_FC1_S48_L004_R1_001.fastq.gz','s3://human-pangenomics/working/HPRC/HG03567/raw_data/hic/HG03567-1_FC2_S47_L004_R2_001.fastq.gz','s3://human-pangenomics/working/HPRC/HG03567/raw_data/hic/HG03567-2_FC2_S48_L004_R1_001.fastq.gz','s3://human-pangenomics/working/HPRC/HG03567/raw_data/hic/HG03567-1_FC1_S47_L004_R1_001.fastq.gz','s3://human-pangenomics/working/HPRC/HG03567/raw_data/hic/HG03567-1_FC2_S47_L004_R1_001.fastq.gz']	['s3://human-pangenomics/working/HPRC/HG03567/raw_data/PacBio_HiFi/m84081_240515_095620_s1.hifi_reads.bc2022.bam','s3://human-pangenomics/working/HPRC/HG03567/raw_data/PacBio_HiFi/m84081_240515_075653_s4.hifi_reads.bc2022.bam']	['s3://human-pangenomics/working/HPRC/HG03567/raw_data/Illumina/child/HG03567.final.fq.gz']	['s3://human-pangenomics/working/HPRC/HG03567/raw_data/nanopore/sup5.0.0_5mCG_5hmCG/10_07_24_R1041_UL_HPRC_HG03567_1_dorado0.9.1_sup5.0.0_5mCG_5hmCG.bam','s3://human-pangenomics/working/HPRC/HG03567/raw_data/nanopore/sup5.0.0_5mCG_5hmCG/10_07_24_R1041_UL_HPRC_HG03567_2_dorado0.9.1_sup5.0.0_5mCG_5hmCG.bam','s3://human-pangenomics/working/HPRC/HG03567/raw_data/nanopore/sup5.0.0_5mCG_5hmCG/12_09_24_R1041_UL_HPRC_HG03567_1_dorado1.1.1_sup5.0.0_5mCG_5hmCG.bam']	[--unitig-abundance 8]
HG03579	['s3://human-pangenomics/working/HPRC/HG03579/raw_data/hic/NWM200a-2_S15_L003_R1_001.fastq.gz','s3://human-pangenomics/working/HPRC/HG03579/raw_data/hic/NWM200a-2_S15_L003_R2_001.fastq.gz','s3://human-pangenomics/working/HPRC/HG03579/raw_data/hic/NWM200a-1_S7_L003_R1_001.fastq.gz','s3://human-pangenomics/working/HPRC/HG03579/raw_data/hic/NWM200a-1_S7_L003_R2_001.fastq.gz','s3://human-pangenomics/working/HPRC/HG03579/raw_data/hic/NWM200a-2_S15_L004_R1_001.fastq.gz','s3://human-pangenomics/working/HPRC/HG03579/raw_data/hic/NWM200a-2_S15_L004_R2_001.fastq.gz','s3://human-pangenomics/working/HPRC/HG03579/raw_data/hic/NWM200a-2_S15_L001_R1_001.fastq.gz','s3://human-pangenomics/working/HPRC/HG03579/raw_data/hic/NWM200a-2_S15_L001_R2_001.fastq.gz','s3://human-pangenomics/working/HPRC/HG03579/raw_data/hic/NWM200a-2_S15_L002_R1_001.fastq.gz','s3://human-pangenomics/working/HPRC/HG03579/raw_data/hic/NWM200a-2_S15_L002_R2_001.fastq.gz','s3://human-pangenomics/working/HPRC/HG03579/raw_data/hic/NWM200a-1_S7_L004_R1_001.fastq.gz','s3://human-pangenomics/working/HPRC/HG03579/raw_data/hic/NWM200a-1_S7_L004_R2_001.fastq.gz','s3://human-pangenomics/working/HPRC/HG03579/raw_data/hic/NWM200a-1_S7_L001_R1_001.fastq.gz','s3://human-pangenomics/working/HPRC/HG03579/raw_data/hic/NWM200a-1_S7_L001_R2_001.fastq.gz','s3://human-pangenomics/working/HPRC/HG03579/raw_data/hic/NWM200a-1_S7_L002_R1_001.fastq.gz','s3://human-pangenomics/working/HPRC/HG03579/raw_data/hic/NWM200a-1_S7_L002_R2_001.fastq.gz']	['s3://human-pangenomics/working/HPRC/HG03579/raw_data/PacBio_HiFi/deepconsensus/v1pt2/HG03579.m64043_200515_165406.dc.q20.fastq.gz','s3://human-pangenomics/working/HPRC/HG03579/raw_data/PacBio_HiFi/deepconsensus/v1pt2/HG03579.m64043_200516_230634.dc.q20.fastq.gz','s3://human-pangenomics/working/HPRC/HG03579/raw_data/PacBio_HiFi/deepconsensus/v1pt2/HG03579.m64043_200518_053124.dc.q20.fastq.gz','s3://human-pangenomics/working/HPRC/HG03579/raw_data/PacBio_HiFi/deepconsensus/v1pt2/HG03579.m64043_200519_115622.dc.q20.fastq.gz','s3://human-pangenomics/working/HPRC/HG03579/raw_data/PacBio_HiFi/deepconsensus/v1pt2/HG03579.m64043_220605_133005.dc.q20.fastq.gz','s3://human-pangenomics/working/HPRC/HG03579/raw_data/PacBio_HiFi/deepconsensus/v1pt2/HG03579.m64043_220607_102715.dc.q20.fastq.gz']	['s3://human-pangenomics/working/HPRC/HG03579/raw_data/Illumina/child/HG03579.final.cram']	['s3://human-pangenomics/working/HPRC/HG03579/raw_data/nanopore/sup5.0.0_5mCG_5hmCG/09_16_24_R1041_UL_HPRC_HG03579_2_dorado1.0.0_sup5.0.0_5mCG_5hmCG.bam','s3://human-pangenomics/working/HPRC/HG03579/raw_data/nanopore/sup5.0.0_5mCG_5hmCG/09_16_24_R1041_UL_HPRC_HG03579_1_dorado1.0.0_sup5.0.0_5mCG_5hmCG.bam','s3://human-pangenomics/working/HPRC/HG03579/raw_data/nanopore/guppy_6/HG03579_1_Guppy_6.5.7_450bps_modbases_5mc_cg_sup_prom_pass.bam','s3://human-pangenomics/working/HPRC/HG03579/raw_data/nanopore/guppy_6/HG03579_3_Guppy_6.5.7_450bps_modbases_5mc_cg_sup_prom_pass.bam','s3://human-pangenomics/working/HPRC/HG03579/raw_data/nanopore/guppy_6/HG03579_5_Guppy_6.5.7_450bps_modbases_5mc_cg_sup_prom_pass.bam','s3://human-pangenomics/working/HPRC/HG03579/raw_data/nanopore/guppy_6/HG03579_PAK43785_Guppy_6.5.7_450bps_modbases_5mc_cg_sup_prom_pass.bam','s3://human-pangenomics/working/HPRC/HG03579/raw_data/nanopore/guppy_6/HG03579_PAK45398_Guppy_6.5.7_450bps_modbases_5mc_cg_sup_prom_pass.bam','s3://human-pangenomics/working/HPRC/HG03579/raw_data/nanopore/guppy_6/HG03579_PAK45495_Guppy_6.5.7_450bps_modbases_5mc_cg_sup_prom_pass.bam','s3://human-pangenomics/working/HPRC/HG03579/raw_data/nanopore/guppy_6/HG03579_PAK45831_Guppy_6.5.7_450bps_modbases_5mc_cg_sup_prom_pass.bam','s3://human-pangenomics/working/HPRC/HG03579/raw_data/nanopore/guppy_6/HG03579_PAK45849_Guppy_6.5.7_450bps_modbases_5mc_cg_sup_prom_pass.bam','s3://human-pangenomics/working/HPRC/HG03579/raw_data/nanopore/guppy_6/HG03579_PAM34929_Guppy_6.5.7_450bps_modbases_5mc_cg_sup_prom_pass.bam']	[--unitig-abundance 8]
HG03583	['s3://human-pangenomics/working/HPRC/HG03583/raw_data/hic/HG03583-1_FC2_S15_L004_R1_001.fastq.gz','s3://human-pangenomics/working/HPRC/HG03583/raw_data/hic/HG03583-1_FC2_S15_L004_R2_001.fastq.gz','s3://human-pangenomics/working/HPRC/HG03583/raw_data/hic/HG03583-1_FC1_S15_L004_R1_001.fastq.gz','s3://human-pangenomics/working/HPRC/HG03583/raw_data/hic/HG03583-1_FC1_S15_L004_R2_001.fastq.gz','s3://human-pangenomics/working/HPRC/HG03583/raw_data/hic/HG03583-2_FC2_S16_L004_R1_001.fastq.gz','s3://human-pangenomics/working/HPRC/HG03583/raw_data/hic/HG03583-2_FC2_S16_L004_R2_001.fastq.gz','s3://human-pangenomics/working/HPRC/HG03583/raw_data/hic/HG03583-2_FC1_S16_L004_R1_001.fastq.gz','s3://human-pangenomics/working/HPRC/HG03583/raw_data/hic/HG03583-2_FC1_S16_L004_R2_001.fastq.gz']	['s3://human-pangenomics/working/HPRC/HG03583/raw_data/PacBio_HiFi/m84091_230719_172335_s4.hifi_reads.bc1020.bam','s3://human-pangenomics/working/HPRC/HG03583/raw_data/PacBio_HiFi/m84091_230817_153352_s4.hifi_reads.bc1020.bam','s3://human-pangenomics/working/HPRC/HG03583/raw_data/PacBio_HiFi/m84091_230727_132817_s2.hifi_reads.bc1020.bam','s3://human-pangenomics/working/HPRC/HG03583/raw_data/PacBio_HiFi/m84091_230712_170232_s2.hifi_reads.bc1020.bam']	['s3://human-pangenomics/working/HPRC/HG03583/raw_data/Illumina/child/HG03583.final.cram']	['s3://human-pangenomics/working/HPRC/HG03583/raw_data/nanopore/sup5.0.0_5mCG_5hmCG/10_31_23_R1041_HPRC_HG03583_1_dorado0.9.5_sup5.0.0_5mCG_5hmCG.bam','s3://human-pangenomics/working/HPRC/HG03583/raw_data/nanopore/sup5.0.0_5mCG_5hmCG/10_31_23_R1041_HPRC_HG03583_2_dorado0.9.5_sup5.0.0_5mCG_5hmCG.bam','s3://human-pangenomics/working/HPRC/HG03583/raw_data/nanopore/sup5.0.0_5mCG_5hmCG/10_31_23_R1041_HPRC_HG03583_3_dorado0.9.5_sup5.0.0_5mCG_5hmCG.bam']	[--unitig-abundance 8]
HG03595	['s3://human-pangenomics/working/HPRC/HG03595/raw_data/hic/HG03595-1_FC1_S45_L004_R2_001.fastq.gz','s3://human-pangenomics/working/HPRC/HG03595/raw_data/hic/HG03595-2_FC2_S46_L004_R1_001.fastq.gz','s3://human-pangenomics/working/HPRC/HG03595/raw_data/hic/HG03595-1_FC2_S45_L004_R1_001.fastq.gz','s3://human-pangenomics/working/HPRC/HG03595/raw_data/hic/HG03595-2_FC1_S46_L004_R2_001.fastq.gz','s3://human-pangenomics/working/HPRC/HG03595/raw_data/hic/HG03595-1_FC1_S45_L004_R1_001.fastq.gz','s3://human-pangenomics/working/HPRC/HG03595/raw_data/hic/HG03595-2_FC1_S46_L004_R1_001.fastq.gz','s3://human-pangenomics/working/HPRC/HG03595/raw_data/hic/HG03595-1_FC2_S45_L004_R2_001.fastq.gz','s3://human-pangenomics/working/HPRC/HG03595/raw_data/hic/HG03595-2_FC2_S46_L004_R2_001.fastq.gz']	['s3://human-pangenomics/working/HPRC/HG03595/raw_data/PacBio_HiFi/m84046_240306_091532_s2.hifi_reads.bc2026.bam','s3://human-pangenomics/working/HPRC/HG03595/raw_data/PacBio_HiFi/m84046_240314_005030_s2.hifi_reads.bc2026.bam','s3://human-pangenomics/working/HPRC/HG03595/raw_data/PacBio_HiFi/m84046_240306_071608_s1.hifi_reads.bc2026.bam','s3://human-pangenomics/working/HPRC/HG03595/raw_data/PacBio_HiFi/m84046_240327_225434_s3.hifi_reads.bc2026.bam']	['s3://human-pangenomics/working/HPRC/HG03595/raw_data/Illumina/child/HG03595.final.fq.gz']	['s3://human-pangenomics/working/HPRC/HG03595/raw_data/nanopore/sup5.0.0_5mCG_5hmCG/10_14_24_R1041_UL_HPRC_HG03595_1_dorado0.9.1_sup5.0.0_5mCG_5hmCG.bam','s3://human-pangenomics/working/HPRC/HG03595/raw_data/nanopore/sup5.0.0_5mCG_5hmCG/10_14_24_R1041_UL_HPRC_HG03595_2_dorado0.9.1_sup5.0.0_5mCG_5hmCG.bam']	[--unitig-abundance 8]
HG03611	[]	['s3://human-pangenomics/working/HPRC/HG03611/raw_data/PacBio_HiFi/m84046_230428_224315_s2.hifi_reads.bc2095.bam','s3://human-pangenomics/working/HPRC/HG03611/raw_data/PacBio_HiFi/m84046_230502_210601_s4.hifi_reads.bc2095.bam','s3://human-pangenomics/working/HPRC/HG03611/raw_data/PacBio_HiFi/m84046_230502_203455_s3.hifi_reads.bc2095.bam','s3://human-pangenomics/working/HPRC/HG03611/raw_data/PacBio_HiFi/m84046_230508_193709_s3.hifi_reads.bc2095.bam']	['s3://human-pangenomics/working/HPRC/HG03611/raw_data/Illumina/child/HG03611.final.fq.gz']	['s3://human-pangenomics/working/HPRC/HG03611/raw_data/nanopore/sup5.0.0_5mCG_5hmCG/11_7_23_R1041_HPRC_HG03611_1_dorado0.9.5_sup5.0.0_5mCG_5hmCG.bam','s3://human-pangenomics/working/HPRC/HG03611/raw_data/nanopore/sup5.0.0_5mCG_5hmCG/11_7_23_R1041_HPRC_HG03611_2_dorado0.9.5_sup5.0.0_5mCG_5hmCG.bam','s3://human-pangenomics/working/HPRC/HG03611/raw_data/nanopore/sup5.0.0_5mCG_5hmCG/11_7_23_R1041_HPRC_HG03611_3_dorado0.9.5_sup5.0.0_5mCG_5hmCG.bam']	[--unitig-abundance 8]
HG03654	['s3://human-pangenomics/working/HPRC/HG03654/raw_data/hic/HG03654-2_FC4_S68_L004_R1_001.fastq.gz','s3://human-pangenomics/working/HPRC/HG03654/raw_data/hic/HG03654-2_FC4_S68_L004_R2_001.fastq.gz','s3://human-pangenomics/working/HPRC/HG03654/raw_data/hic/HG03654-2_FC3_S68_L004_R1_001.fastq.gz','s3://human-pangenomics/working/HPRC/HG03654/raw_data/hic/HG03654-2_FC3_S68_L004_R2_001.fastq.gz','s3://human-pangenomics/working/HPRC/HG03654/raw_data/hic/HG03654-2_FC1_S68_L004_R1_001.fastq.gz','s3://human-pangenomics/working/HPRC/HG03654/raw_data/hic/HG03654-2_FC1_S68_L004_R2_001.fastq.gz','s3://human-pangenomics/working/HPRC/HG03654/raw_data/hic/HG03654-2_FC2_S68_L004_R1_001.fastq.gz','s3://human-pangenomics/working/HPRC/HG03654/raw_data/hic/HG03654-2_FC2_S68_L004_R2_001.fastq.gz','s3://human-pangenomics/working/HPRC/HG03654/raw_data/hic/HG03654-1_FC4_S65_L004_R1_001.fastq.gz','s3://human-pangenomics/working/HPRC/HG03654/raw_data/hic/HG03654-1_FC4_S65_L004_R2_001.fastq.gz','s3://human-pangenomics/working/HPRC/HG03654/raw_data/hic/HG03654-1_FC3_S65_L004_R1_001.fastq.gz','s3://human-pangenomics/working/HPRC/HG03654/raw_data/hic/HG03654-1_FC3_S65_L004_R2_001.fastq.gz','s3://human-pangenomics/working/HPRC/HG03654/raw_data/hic/HG03654-1_FC1_S65_L004_R1_001.fastq.gz','s3://human-pangenomics/working/HPRC/HG03654/raw_data/hic/HG03654-1_FC1_S65_L004_R2_001.fastq.gz','s3://human-pangenomics/working/HPRC/HG03654/raw_data/hic/HG03654-1_FC2_S65_L004_R1_001.fastq.gz','s3://human-pangenomics/working/HPRC/HG03654/raw_data/hic/HG03654-1_FC2_S65_L004_R2_001.fastq.gz']	['s3://human-pangenomics/working/HPRC/HG03654/raw_data/PacBio_HiFi/deepconsensus/v1pt2/HG03654.m64043_210524_174752.dc.q20.fastq.gz','s3://human-pangenomics/working/HPRC/HG03654/raw_data/PacBio_HiFi/deepconsensus/v1pt2/HG03654.m64043_210528_171552.dc.q20.fastq.gz','s3://human-pangenomics/working/HPRC/HG03654/raw_data/PacBio_HiFi/deepconsensus/v1pt2/HG03654.m64043_210522_023949.dc.q20.fastq.gz','s3://human-pangenomics/working/HPRC/HG03654/raw_data/PacBio_HiFi/deepconsensus/v1pt2/HG03654.m64043_210523_101851.dc.q20.fastq.gz','s3://human-pangenomics/working/HPRC/HG03654/raw_data/PacBio_HiFi/m84081_231112_023836_s2.hifi_reads.default.bam']	['s3://human-pangenomics/working/HPRC/HG03654/raw_data/Illumina/child/HG03654.final.cram']	['s3://human-pangenomics/working/HPRC/HG03654/raw_data/nanopore/sup5.0.0_5mCG_5hmCG/12_02_24_R1041_UL_HPRC_HG03654_1_dorado0.9.0_sup5.0.0_5mCG_5hmCG.bam','s3://human-pangenomics/working/HPRC/HG03654/raw_data/nanopore/sup5.0.0_5mCG_5hmCG/12_02_24_R1041_UL_HPRC_HG03654_2_dorado0.9.0_sup5.0.0_5mCG_5hmCG.bam','s3://human-pangenomics/working/HPRC/HG03654/raw_data/nanopore/guppy_6/07_27_21_R941_HG03654_1_Guppy_6.5.7_450bps_modbases_5mc_cg_sup_prom_pass.bam','s3://human-pangenomics/working/HPRC/HG03654/raw_data/nanopore/guppy_6/07_27_21_R941_HG03654_2_Guppy_6.5.7_450bps_modbases_5mc_cg_sup_prom_pass.bam','s3://human-pangenomics/working/HPRC/HG03654/raw_data/nanopore/guppy_6/07_27_21_R941_HG03654_3_Guppy_6.5.7_450bps_modbases_5mc_cg_sup_prom_pass.bam']	[--unitig-abundance 8]
HG03669	['s3://human-pangenomics/working/HPRC/HG03669/raw_data/hic/HG03669-26a-2_S4_L003_R1_001.fastq.gz','s3://human-pangenomics/working/HPRC/HG03669/raw_data/hic/HG03669-26a-2_S4_L003_R2_001.fastq.gz','s3://human-pangenomics/working/HPRC/HG03669/raw_data/hic/HG03669-26a-2_S4_L001_R1_001.fastq.gz','s3://human-pangenomics/working/HPRC/HG03669/raw_data/hic/HG03669-26a-2_S4_L001_R2_001.fastq.gz','s3://human-pangenomics/working/HPRC/HG03669/raw_data/hic/HG03669-26a-2_S4_L004_R1_001.fastq.gz','s3://human-pangenomics/working/HPRC/HG03669/raw_data/hic/HG03669-26a-2_S4_L004_R2_001.fastq.gz','s3://human-pangenomics/working/HPRC/HG03669/raw_data/hic/HG03669-26a-2_S4_L002_R1_001.fastq.gz','s3://human-pangenomics/working/HPRC/HG03669/raw_data/hic/HG03669-26a-2_S4_L002_R2_001.fastq.gz','s3://human-pangenomics/working/HPRC/HG03669/raw_data/hic/HG03669-26a-1_S3_L003_R1_001.fastq.gz','s3://human-pangenomics/working/HPRC/HG03669/raw_data/hic/HG03669-26a-1_S3_L003_R2_001.fastq.gz','s3://human-pangenomics/working/HPRC/HG03669/raw_data/hic/HG03669-26a-1_S3_L002_R1_001.fastq.gz','s3://human-pangenomics/working/HPRC/HG03669/raw_data/hic/HG03669-26a-1_S3_L002_R2_001.fastq.gz','s3://human-pangenomics/working/HPRC/HG03669/raw_data/hic/HG03669-26a-1_S3_L004_R1_001.fastq.gz','s3://human-pangenomics/working/HPRC/HG03669/raw_data/hic/HG03669-26a-1_S3_L004_R2_001.fastq.gz','s3://human-pangenomics/working/HPRC/HG03669/raw_data/hic/HG03669-26a-1_S3_L001_R1_001.fastq.gz','s3://human-pangenomics/working/HPRC/HG03669/raw_data/hic/HG03669-26a-1_S3_L001_R2_001.fastq.gz']	['s3://human-pangenomics/working/HPRC/HG03669/raw_data/PacBio_HiFi/deepconsensus/v1pt2/HG03669.m64043_210604_175624.dc.q20.fastq.gz','s3://human-pangenomics/working/HPRC/HG03669/raw_data/PacBio_HiFi/deepconsensus/v1pt2/HG03669.m64043_210606_013256.dc.q20.fastq.gz','s3://human-pangenomics/working/HPRC/HG03669/raw_data/PacBio_HiFi/deepconsensus/v1pt2/HG03669.m64043_210607_090252.dc.q20.fastq.gz','s3://human-pangenomics/working/HPRC/HG03669/raw_data/PacBio_HiFi/deepconsensus/v1pt2/HG03669.m64043_210610_203329.dc.q20.fastq.gz','s3://human-pangenomics/working/HPRC/HG03669/raw_data/PacBio_HiFi/m84081_231124_021221_s2.hifi_reads.default.bam','s3://human-pangenomics/working/HPRC/HG03669/raw_data/PacBio_HiFi/m84081_231124_024327_s3.hifi_reads.default.bam','s3://human-pangenomics/working/HPRC/HG03669/raw_data/PacBio_HiFi/m84081_231124_014115_s1.hifi_reads.default.bam']	['s3://human-pangenomics/working/HPRC/HG03669/raw_data/Illumina/child/HG03669.final.cram']	['s3://human-pangenomics/working/HPRC/HG03669/raw_data/nanopore/sup5.0.0_5mCG_5hmCG/11_04_24_R1041_UL_HPRC_HG03669_1_dorado0.9.0_sup5.0.0_5mCG_5hmCG.bam','s3://human-pangenomics/working/HPRC/HG03669/raw_data/nanopore/sup5.0.0_5mCG_5hmCG/11_04_24_R1041_UL_HPRC_HG03669_2_dorado0.9.0_sup5.0.0_5mCG_5hmCG.bam','s3://human-pangenomics/working/HPRC/HG03669/raw_data/nanopore/sup5.0.0_5mCG_5hmCG/11_18_24_R1041_UL_HPRC_HG03669_1_dorado0.9.0_sup5.0.0_5mCG_5hmCG.bam','s3://human-pangenomics/working/HPRC/HG03669/raw_data/nanopore/guppy_6/07_27_21_R941_HG03669_1_Guppy_6.5.7_450bps_modbases_5mc_cg_sup_prom_pass.bam','s3://human-pangenomics/working/HPRC/HG03669/raw_data/nanopore/guppy_6/07_27_21_R941_HG03669_2_Guppy_6.5.7_450bps_modbases_5mc_cg_sup_prom_pass.bam','s3://human-pangenomics/working/HPRC/HG03669/raw_data/nanopore/guppy_6/07_27_21_R941_HG03669_3_Guppy_6.5.7_450bps_modbases_5mc_cg_sup_prom_pass.bam','s3://human-pangenomics/working/HPRC/HG03669/raw_data/nanopore/guppy_6/07_27_21_R941_HG03669_4_Guppy_6.5.7_450bps_modbases_5mc_cg_sup_prom_pass.bam']	[--unitig-abundance 8]
HG03672	['s3://human-pangenomics/working/HPRC/HG03672/raw_data/hic/HG03672-2_FC1_S12_L001_R2_001.fastq.gz','s3://human-pangenomics/working/HPRC/HG03672/raw_data/hic/HG03672-1_FC2_S11_L001_R2_001.fastq.gz','s3://human-pangenomics/working/HPRC/HG03672/raw_data/hic/HG03672-2_FC2_S12_L001_R2_001.fastq.gz','s3://human-pangenomics/working/HPRC/HG03672/raw_data/hic/HG03672-1_FC1_S11_L001_R2_001.fastq.gz','s3://human-pangenomics/working/HPRC/HG03672/raw_data/hic/HG03672-2_FC1_S12_L001_R1_001.fastq.gz','s3://human-pangenomics/working/HPRC/HG03672/raw_data/hic/HG03672-1_FC1_S11_L001_R1_001.fastq.gz','s3://human-pangenomics/working/HPRC/HG03672/raw_data/hic/HG03672-1_FC2_S11_L001_R1_001.fastq.gz','s3://human-pangenomics/working/HPRC/HG03672/raw_data/hic/HG03672-2_FC2_S12_L001_R1_001.fastq.gz']	['s3://human-pangenomics/working/HPRC/HG03672/raw_data/PacBio_HiFi/m84091_231106_212107_s3.hifi_reads.bc1021.bam','s3://human-pangenomics/working/HPRC/HG03672/raw_data/PacBio_HiFi/m84091_240221_215958_s3.hifi_reads.bc1021.bam','s3://human-pangenomics/working/HPRC/HG03672/raw_data/PacBio_HiFi/m84091_231113_173111_s2.hifi_reads.bc1021.bam']	['s3://human-pangenomics/working/HPRC/HG03672/raw_data/Illumina/child/HG03672.final.fq.gz']	['s3://human-pangenomics/working/HPRC/HG03672/raw_data/nanopore/sup5.0.0_5mCG_5hmCG/01_23_24_R1041_HPRC_HG03672_1_dorado0.9.5_sup5.0.0_5mCG_5hmCG.bam','s3://human-pangenomics/working/HPRC/HG03672/raw_data/nanopore/sup5.0.0_5mCG_5hmCG/01_23_24_R1041_HPRC_HG03672_2_dorado0.9.5_sup5.0.0_5mCG_5hmCG.bam','s3://human-pangenomics/working/HPRC/HG03672/raw_data/nanopore/sup5.0.0_5mCG_5hmCG/11_14_23_R1041_HPRC_HG03672_1_dorado0.9.5_sup5.0.0_5mCG_5hmCG.bam','s3://human-pangenomics/working/HPRC/HG03672/raw_data/nanopore/sup5.0.0_5mCG_5hmCG/11_14_23_R1041_HPRC_HG03672_2_dorado0.9.5_sup5.0.0_5mCG_5hmCG.bam','s3://human-pangenomics/working/HPRC/HG03672/raw_data/nanopore/sup5.0.0_5mCG_5hmCG/11_14_23_R1041_HPRC_HG03672_3_dorado0.9.5_sup5.0.0_5mCG_5hmCG.bam']	[--unitig-abundance 8]
HG03688	['s3://human-pangenomics/working/HPRC/HG03688/raw_data/hic/HG03688-1_FC4_S67_L004_R1_001.fastq.gz','s3://human-pangenomics/working/HPRC/HG03688/raw_data/hic/HG03688-1_FC4_S67_L004_R2_001.fastq.gz','s3://human-pangenomics/working/HPRC/HG03688/raw_data/hic/HG03688-1_FC3_S67_L004_R1_001.fastq.gz','s3://human-pangenomics/working/HPRC/HG03688/raw_data/hic/HG03688-1_FC3_S67_L004_R2_001.fastq.gz','s3://human-pangenomics/working/HPRC/HG03688/raw_data/hic/HG03688-1_FC1_S67_L004_R1_001.fastq.gz','s3://human-pangenomics/working/HPRC/HG03688/raw_data/hic/HG03688-1_FC1_S67_L004_R2_001.fastq.gz','s3://human-pangenomics/working/HPRC/HG03688/raw_data/hic/HG03688-1_FC2_S67_L004_R1_001.fastq.gz','s3://human-pangenomics/working/HPRC/HG03688/raw_data/hic/HG03688-1_FC2_S67_L004_R2_001.fastq.gz','s3://human-pangenomics/working/HPRC/HG03688/raw_data/hic/HG03688-2_FC4_S70_L004_R1_001.fastq.gz','s3://human-pangenomics/working/HPRC/HG03688/raw_data/hic/HG03688-2_FC4_S70_L004_R2_001.fastq.gz','s3://human-pangenomics/working/HPRC/HG03688/raw_data/hic/HG03688-2_FC3_S70_L004_R1_001.fastq.gz','s3://human-pangenomics/working/HPRC/HG03688/raw_data/hic/HG03688-2_FC3_S70_L004_R2_001.fastq.gz','s3://human-pangenomics/working/HPRC/HG03688/raw_data/hic/HG03688-2_FC1_S70_L004_R1_001.fastq.gz','s3://human-pangenomics/working/HPRC/HG03688/raw_data/hic/HG03688-2_FC1_S70_L004_R2_001.fastq.gz','s3://human-pangenomics/working/HPRC/HG03688/raw_data/hic/HG03688-2_FC2_S70_L004_R1_001.fastq.gz','s3://human-pangenomics/working/HPRC/HG03688/raw_data/hic/HG03688-2_FC2_S70_L004_R2_001.fastq.gz']	['s3://human-pangenomics/working/HPRC/HG03688/raw_data/PacBio_HiFi/deepconsensus/v1pt2/HG03688.m54329U_210608_221930.dc.q20.fastq.gz','s3://human-pangenomics/working/HPRC/HG03688/raw_data/PacBio_HiFi/deepconsensus/v1pt2/HG03688.m54329U_210611_221457.dc.q20.fastq.gz','s3://human-pangenomics/working/HPRC/HG03688/raw_data/PacBio_HiFi/deepconsensus/v1pt2/HG03688.m54329U_210618_202343.dc.q20.fastq.gz','s3://human-pangenomics/working/HPRC/HG03688/raw_data/PacBio_HiFi/deepconsensus/v1pt2/HG03688.m64076_210610_224207.dc.q20.fastq.gz','s3://human-pangenomics/working/HPRC/HG03688/raw_data/PacBio_HiFi/m84046_230707_195504_s2.hifi_reads.default.bam']	['s3://human-pangenomics/working/HPRC/HG03688/raw_data/Illumina/child/HG03688.final.cram']	['s3://human-pangenomics/working/HPRC/HG03688/raw_data/nanopore/sup5.0.0_5mCG_5hmCG/12_02_24_R1041_UL_HPRC_HG03688_1_dorado0.9.0_sup5.0.0_5mCG_5hmCG.bam','s3://human-pangenomics/working/HPRC/HG03688/raw_data/nanopore/sup5.0.0_5mCG_5hmCG/12_02_24_R1041_UL_HPRC_HG03688_2_dorado0.9.0_sup5.0.0_5mCG_5hmCG.bam','s3://human-pangenomics/working/HPRC/HG03688/raw_data/nanopore/guppy_6/07_27_21_R941_HG03688_1_Guppy_6.5.7_450bps_modbases_5mc_cg_sup_prom_pass.bam','s3://human-pangenomics/working/HPRC/HG03688/raw_data/nanopore/guppy_6/07_27_21_R941_HG03688_2_Guppy_6.5.7_450bps_modbases_5mc_cg_sup_prom_pass.bam','s3://human-pangenomics/working/HPRC/HG03688/raw_data/nanopore/guppy_6/07_27_21_R941_HG03688_3_Guppy_6.5.7_450bps_modbases_5mc_cg_sup_prom_pass.bam']	[--unitig-abundance 8]
HG03691	['s3://human-pangenomics/working/HPRC/HG03691/raw_data/hic/HG03691-1_FC1_S43_L004_R1_001.fastq.gz','s3://human-pangenomics/working/HPRC/HG03691/raw_data/hic/HG03691-1_FC1_S43_L004_R2_001.fastq.gz','s3://human-pangenomics/working/HPRC/HG03691/raw_data/hic/HG03691-1_FC2_S43_L004_R2_001.fastq.gz','s3://human-pangenomics/working/HPRC/HG03691/raw_data/hic/HG03691-2_FC1_S44_L004_R2_001.fastq.gz','s3://human-pangenomics/working/HPRC/HG03691/raw_data/hic/HG03691-2_FC1_S44_L004_R1_001.fastq.gz','s3://human-pangenomics/working/HPRC/HG03691/raw_data/hic/HG03691-2_FC2_S44_L004_R1_001.fastq.gz','s3://human-pangenomics/working/HPRC/HG03691/raw_data/hic/HG03691-2_FC2_S44_L004_R2_001.fastq.gz','s3://human-pangenomics/working/HPRC/HG03691/raw_data/hic/HG03691-1_FC2_S43_L004_R1_001.fastq.gz']	['s3://human-pangenomics/working/HPRC/HG03691/raw_data/PacBio_HiFi/m84203_240607_183113_s3.hifi_reads.bc1002.bam','s3://human-pangenomics/working/HPRC/HG03691/raw_data/PacBio_HiFi/m84091_240614_170533_s4.hifi_reads.bc1002.bam','s3://human-pangenomics/working/HPRC/HG03691/raw_data/PacBio_HiFi/m84091_240506_185939_s1.hifi_reads.bc1002.bam','s3://human-pangenomics/working/HPRC/HG03691/raw_data/PacBio_HiFi/m84091_240502_194654_s1.hifi_reads.bc1002.bam']	['s3://human-pangenomics/working/HPRC/HG03691/raw_data/Illumina/child/HG03691.final.fq.gz']	['s3://human-pangenomics/working/HPRC/HG03691/raw_data/nanopore/sup5.0.0_5mCG_5hmCG/10_07_24_R1041_UL_HPRC_HG03691_1_dorado0.9.1_sup5.0.0_5mCG_5hmCG.bam','s3://human-pangenomics/working/HPRC/HG03691/raw_data/nanopore/sup5.0.0_5mCG_5hmCG/10_07_24_R1041_UL_HPRC_HG03691_2_dorado0.9.1_sup5.0.0_5mCG_5hmCG.bam','s3://human-pangenomics/working/HPRC/HG03691/raw_data/nanopore/sup5.0.0_5mCG_5hmCG/10_07_24_R1041_UL_HPRC_HG03691_3_dorado0.9.1_sup5.0.0_5mCG_5hmCG.bam','s3://human-pangenomics/working/HPRC/HG03691/raw_data/nanopore/sup5.0.0_5mCG_5hmCG/12_09_24_R1041_UL_HPRC_HG03691_1_dorado1.1.1_sup5.0.0_5mCG_5hmCG.bam','s3://human-pangenomics/working/HPRC/HG03691/raw_data/nanopore/sup5.0.0_5mCG_5hmCG/12_16_24_R1041_UL_HPRC_HG03691_1_dorado1.1.1_sup5.0.0_5mCG_5hmCG.bam']	[--unitig-abundance 8]
HG03704	['s3://human-pangenomics/working/HPRC/HG03704/raw_data/hic/HG03704-2_FC4_S72_L004_R1_001.fastq.gz','s3://human-pangenomics/working/HPRC/HG03704/raw_data/hic/HG03704-2_FC4_S72_L004_R2_001.fastq.gz','s3://human-pangenomics/working/HPRC/HG03704/raw_data/hic/HG03704-2_FC3_S72_L004_R1_001.fastq.gz','s3://human-pangenomics/working/HPRC/HG03704/raw_data/hic/HG03704-2_FC3_S72_L004_R2_001.fastq.gz','s3://human-pangenomics/working/HPRC/HG03704/raw_data/hic/HG03704-2_FC1_S72_L004_R1_001.fastq.gz','s3://human-pangenomics/working/HPRC/HG03704/raw_data/hic/HG03704-2_FC1_S72_L004_R2_001.fastq.gz','s3://human-pangenomics/working/HPRC/HG03704/raw_data/hic/HG03704-2_FC2_S72_L004_R1_001.fastq.gz','s3://human-pangenomics/working/HPRC/HG03704/raw_data/hic/HG03704-2_FC2_S72_L004_R2_001.fastq.gz','s3://human-pangenomics/working/HPRC/HG03704/raw_data/hic/HG03704-1_FC4_S71_L004_R1_001.fastq.gz','s3://human-pangenomics/working/HPRC/HG03704/raw_data/hic/HG03704-1_FC4_S71_L004_R2_001.fastq.gz','s3://human-pangenomics/working/HPRC/HG03704/raw_data/hic/HG03704-1_FC3_S71_L004_R1_001.fastq.gz','s3://human-pangenomics/working/HPRC/HG03704/raw_data/hic/HG03704-1_FC3_S71_L004_R2_001.fastq.gz','s3://human-pangenomics/working/HPRC/HG03704/raw_data/hic/HG03704-1_FC1_S71_L004_R1_001.fastq.gz','s3://human-pangenomics/working/HPRC/HG03704/raw_data/hic/HG03704-1_FC1_S71_L004_R2_001.fastq.gz','s3://human-pangenomics/working/HPRC/HG03704/raw_data/hic/HG03704-1_FC2_S71_L004_R1_001.fastq.gz','s3://human-pangenomics/working/HPRC/HG03704/raw_data/hic/HG03704-1_FC2_S71_L004_R2_001.fastq.gz']	['s3://human-pangenomics/working/HPRC/HG03704/raw_data/PacBio_HiFi/deepconsensus/v1pt2/HG03704.m54329U_211105_213234.dc.q20.fastq.gz','s3://human-pangenomics/working/HPRC/HG03704/raw_data/PacBio_HiFi/deepconsensus/v1pt2/HG03704.m54329U_211111_222027.dc.q20.fastq.gz','s3://human-pangenomics/working/HPRC/HG03704/raw_data/PacBio_HiFi/deepconsensus/v1pt2/HG03704.m54329U_220203_054640.dc.q20.fastq.gz','s3://human-pangenomics/working/HPRC/HG03704/raw_data/PacBio_HiFi/deepconsensus/v1pt2/HG03704.m54329U_220207_224702.dc.q20.fastq.gz','s3://human-pangenomics/working/HPRC/HG03704/raw_data/PacBio_HiFi/deepconsensus/v1pt2/HG03704.m64076_220216_013707.dc.q20.fastq.gz','s3://human-pangenomics/working/HPRC/HG03704/raw_data/PacBio_HiFi/m84046_230617_040148_s2.hifi_reads.bc1001.bam','s3://human-pangenomics/working/HPRC/HG03704/raw_data/PacBio_HiFi/m84046_230720_185410_s2.hifi_reads.bc2002.bam']	['s3://human-pangenomics/working/HPRC/HG03704/raw_data/Illumina/child/HG03704.final.cram']	['s3://human-pangenomics/working/HPRC/HG03704/raw_data/nanopore/sup5.0.0_5mCG_5hmCG/12_09_24_R1041_UL_HPRC_HG03704_1_dorado0.9.5_sup5.0.0_5mCG_5hmCG.bam','s3://human-pangenomics/working/HPRC/HG03704/raw_data/nanopore/sup5.0.0_5mCG_5hmCG/12_16_24_R1041_UL_HPRC_HG03704_1_dorado0.9.5_sup5.0.0_5mCG_5hmCG.bam','s3://human-pangenomics/working/HPRC/HG03704/raw_data/nanopore/guppy_6/08_17_21_R941_HG03704_1_Guppy_6.5.7_450bps_modbases_5mc_cg_sup_prom_pass.bam','s3://human-pangenomics/working/HPRC/HG03704/raw_data/nanopore/guppy_6/08_17_21_R941_HG03704_2_Guppy_6.5.7_450bps_modbases_5mc_cg_sup_prom_pass.bam','s3://human-pangenomics/working/HPRC/HG03704/raw_data/nanopore/guppy_6/08_17_21_R941_HG03704_3_Guppy_6.5.7_450bps_modbases_5mc_cg_sup_prom_pass.bam']	[--unitig-abundance 8]
HG03710	['s3://human-pangenomics/working/HPRC/HG03710/raw_data/hic/HG03710-17a-2_S4_L001_R1_001.fastq.gz','s3://human-pangenomics/working/HPRC/HG03710/raw_data/hic/HG03710-17a-2_S4_L001_R2_001.fastq.gz','s3://human-pangenomics/working/HPRC/HG03710/raw_data/hic/HG03710-17a-2_S4_L002_R1_001.fastq.gz','s3://human-pangenomics/working/HPRC/HG03710/raw_data/hic/HG03710-17a-2_S4_L002_R2_001.fastq.gz','s3://human-pangenomics/working/HPRC/HG03710/raw_data/hic/HG03710-17a-2_S4_L003_R1_001.fastq.gz','s3://human-pangenomics/working/HPRC/HG03710/raw_data/hic/HG03710-17a-2_S4_L003_R2_001.fastq.gz','s3://human-pangenomics/working/HPRC/HG03710/raw_data/hic/HG03710-17a-2_S4_L004_R1_001.fastq.gz','s3://human-pangenomics/working/HPRC/HG03710/raw_data/hic/HG03710-17a-2_S4_L004_R2_001.fastq.gz','s3://human-pangenomics/working/HPRC/HG03710/raw_data/hic/HG03710-17a-1_S3_L001_R1_001.fastq.gz','s3://human-pangenomics/working/HPRC/HG03710/raw_data/hic/HG03710-17a-1_S3_L001_R2_001.fastq.gz','s3://human-pangenomics/working/HPRC/HG03710/raw_data/hic/HG03710-17a-1_S3_L002_R1_001.fastq.gz','s3://human-pangenomics/working/HPRC/HG03710/raw_data/hic/HG03710-17a-1_S3_L002_R2_001.fastq.gz','s3://human-pangenomics/working/HPRC/HG03710/raw_data/hic/HG03710-17a-1_S3_L003_R1_001.fastq.gz','s3://human-pangenomics/working/HPRC/HG03710/raw_data/hic/HG03710-17a-1_S3_L003_R2_001.fastq.gz','s3://human-pangenomics/working/HPRC/HG03710/raw_data/hic/HG03710-17a-1_S3_L004_R1_001.fastq.gz','s3://human-pangenomics/working/HPRC/HG03710/raw_data/hic/HG03710-17a-1_S3_L004_R2_001.fastq.gz','s3://human-pangenomics/working/HPRC/HG03710/raw_data/hic/HG03710-2_FC4_S69_L004_R1_001.fastq.gz','s3://human-pangenomics/working/HPRC/HG03710/raw_data/hic/HG03710-2_FC4_S69_L004_R2_001.fastq.gz','s3://human-pangenomics/working/HPRC/HG03710/raw_data/hic/HG03710-2_FC3_S69_L004_R1_001.fastq.gz','s3://human-pangenomics/working/HPRC/HG03710/raw_data/hic/HG03710-2_FC3_S69_L004_R2_001.fastq.gz','s3://human-pangenomics/working/HPRC/HG03710/raw_data/hic/HG03710-2_FC1_S69_L004_R1_001.fastq.gz','s3://human-pangenomics/working/HPRC/HG03710/raw_data/hic/HG03710-2_FC1_S69_L004_R2_001.fastq.gz','s3://human-pangenomics/working/HPRC/HG03710/raw_data/hic/HG03710-2_FC2_S69_L004_R1_001.fastq.gz','s3://human-pangenomics/working/HPRC/HG03710/raw_data/hic/HG03710-2_FC2_S69_L004_R2_001.fastq.gz','s3://human-pangenomics/working/HPRC/HG03710/raw_data/hic/HG03710-1_FC4_S66_L004_R1_001.fastq.gz','s3://human-pangenomics/working/HPRC/HG03710/raw_data/hic/HG03710-1_FC4_S66_L004_R2_001.fastq.gz','s3://human-pangenomics/working/HPRC/HG03710/raw_data/hic/HG03710-1_FC1_S66_L004_R1_001.fastq.gz','s3://human-pangenomics/working/HPRC/HG03710/raw_data/hic/HG03710-1_FC1_S66_L004_R2_001.fastq.gz','s3://human-pangenomics/working/HPRC/HG03710/raw_data/hic/HG03710-1_FC3_S66_L004_R1_001.fastq.gz','s3://human-pangenomics/working/HPRC/HG03710/raw_data/hic/HG03710-1_FC3_S66_L004_R2_001.fastq.gz','s3://human-pangenomics/working/HPRC/HG03710/raw_data/hic/HG03710-1_FC2_S66_L004_R1_001.fastq.gz','s3://human-pangenomics/working/HPRC/HG03710/raw_data/hic/HG03710-1_FC2_S66_L004_R2_001.fastq.gz']	['s3://human-pangenomics/working/HPRC/HG03710/raw_data/PacBio_HiFi/deepconsensus/v1pt2/HG03710.m64043_210514_184131.dc.q20.fastq.gz','s3://human-pangenomics/working/HPRC/HG03710/raw_data/PacBio_HiFi/deepconsensus/v1pt2/HG03710.m64043_210516_020821.dc.q20.fastq.gz','s3://human-pangenomics/working/HPRC/HG03710/raw_data/PacBio_HiFi/deepconsensus/v1pt2/HG03710.m64043_210517_175123.dc.q20.fastq.gz','s3://human-pangenomics/working/HPRC/HG03710/raw_data/PacBio_HiFi/m84081_231117_193129_s1.hifi_reads.bc2082.bam','s3://human-pangenomics/working/HPRC/HG03710/raw_data/PacBio_HiFi/m84081_231117_204232_s3.hifi_reads.bc2082.bam','s3://human-pangenomics/working/HPRC/HG03710/raw_data/PacBio_HiFi/m84081_231117_201125_s2.hifi_reads.bc2082.bam']	['s3://human-pangenomics/working/HPRC/HG03710/raw_data/Illumina/child/HG03710.final.cram']	['s3://human-pangenomics/working/HPRC/HG03710/raw_data/nanopore/sup5.0.0_5mCG_5hmCG/11_12_24_R1041_UL_HPRC_HG03710_1_dorado0.9.0_sup5.0.0_5mCG_5hmCG.bam','s3://human-pangenomics/working/HPRC/HG03710/raw_data/nanopore/sup5.0.0_5mCG_5hmCG/11_12_24_R1041_UL_HPRC_HG03710_2_dorado0.9.0_sup5.0.0_5mCG_5hmCG.bam','s3://human-pangenomics/working/HPRC/HG03710/raw_data/nanopore/guppy_6/07_20_21_R941_HG03710_1_Guppy_6.5.7_450bps_modbases_5mc_cg_sup_prom_pass.bam','s3://human-pangenomics/working/HPRC/HG03710/raw_data/nanopore/guppy_6/07_20_21_R941_HG03710_2_Guppy_6.5.7_450bps_modbases_5mc_cg_sup_prom_pass.bam','s3://human-pangenomics/working/HPRC/HG03710/raw_data/nanopore/guppy_6/07_20_21_R941_HG03710_3_Guppy_6.5.7_450bps_modbases_5mc_cg_sup_prom_pass.bam','s3://human-pangenomics/working/HPRC/HG03710/raw_data/nanopore/guppy_6/07_20_21_R941_HG03710_4_Guppy_6.5.7_450bps_modbases_5mc_cg_sup_prom_pass.bam']	[--unitig-abundance 8]
HG03733	['s3://human-pangenomics/working/HPRC/HG03733/raw_data/hic/HG03733-1_FC1_S39_L004_R1_001.fastq.gz','s3://human-pangenomics/working/HPRC/HG03733/raw_data/hic/HG03733-1_FC1_S39_L004_R2_001.fastq.gz','s3://human-pangenomics/working/HPRC/HG03733/raw_data/hic/HG03733-1_FC2_S39_L004_R1_001.fastq.gz','s3://human-pangenomics/working/HPRC/HG03733/raw_data/hic/HG03733-1_FC2_S39_L004_R2_001.fastq.gz','s3://human-pangenomics/working/HPRC/HG03733/raw_data/hic/HG03733-2_FC1_S40_L004_R1_001.fastq.gz','s3://human-pangenomics/working/HPRC/HG03733/raw_data/hic/HG03733-2_FC1_S40_L004_R2_001.fastq.gz','s3://human-pangenomics/working/HPRC/HG03733/raw_data/hic/HG03733-2_FC2_S40_L004_R1_001.fastq.gz','s3://human-pangenomics/working/HPRC/HG03733/raw_data/hic/HG03733-2_FC2_S40_L004_R2_001.fastq.gz']	['s3://human-pangenomics/working/HPRC/HG03733/raw_data/PacBio_HiFi/m84081_240308_200044_s1.hifi_reads.bc2059.bam','s3://human-pangenomics/working/HPRC/HG03733/raw_data/PacBio_HiFi/m84081_240308_220007_s2.hifi_reads.bc2059.bam']	['s3://human-pangenomics/working/HPRC/HG03733/raw_data/Illumina/child/HG03733.final.fq.gz']	['s3://human-pangenomics/working/HPRC/HG03733/raw_data/nanopore/sup5.0.0_5mCG_5hmCG/10_07_24_R1041_UL_HPRC_HG03733_1_dorado0.9.1_sup5.0.0_5mCG_5hmCG.bam','s3://human-pangenomics/working/HPRC/HG03733/raw_data/nanopore/sup5.0.0_5mCG_5hmCG/10_07_24_R1041_UL_HPRC_HG03733_2_dorado0.9.1_sup5.0.0_5mCG_5hmCG.bam','s3://human-pangenomics/working/HPRC/HG03733/raw_data/nanopore/sup5.0.0_5mCG_5hmCG/10_07_24_R1041_UL_HPRC_HG03733_3_dorado0.9.1_sup5.0.0_5mCG_5hmCG.bam','s3://human-pangenomics/working/HPRC/HG03733/raw_data/nanopore/sup5.0.0_5mCG_5hmCG/12_09_24_R1041_UL_HPRC_HG03733_1_dorado1.1.1_sup5.0.0_5mCG_5hmCG.bam']	[--unitig-abundance 8]
HG03742	['s3://human-pangenomics/working/HPRC/HG03742/raw_data/hic/HG03742-1_S24_L001_R1_001.fastq.gz','s3://human-pangenomics/working/HPRC/HG03742/raw_data/hic/HG03742-1_S24_L001_R2_001.fastq.gz','s3://human-pangenomics/working/HPRC/HG03742/raw_data/hic/HG03742-1_S24_L004_R1_001.fastq.gz','s3://human-pangenomics/working/HPRC/HG03742/raw_data/hic/HG03742-1_S24_L004_R2_001.fastq.gz','s3://human-pangenomics/working/HPRC/HG03742/raw_data/hic/HG03742-1_S24_L002_R1_001.fastq.gz','s3://human-pangenomics/working/HPRC/HG03742/raw_data/hic/HG03742-1_S24_L002_R2_001.fastq.gz','s3://human-pangenomics/working/HPRC/HG03742/raw_data/hic/HG03742-1_S24_L003_R1_001.fastq.gz','s3://human-pangenomics/working/HPRC/HG03742/raw_data/hic/HG03742-1_S24_L003_R2_001.fastq.gz','s3://human-pangenomics/working/HPRC/HG03742/raw_data/hic/HG03742-2_S32_L001_R1_001.fastq.gz','s3://human-pangenomics/working/HPRC/HG03742/raw_data/hic/HG03742-2_S32_L001_R2_001.fastq.gz','s3://human-pangenomics/working/HPRC/HG03742/raw_data/hic/HG03742-2_S32_L004_R1_001.fastq.gz','s3://human-pangenomics/working/HPRC/HG03742/raw_data/hic/HG03742-2_S32_L004_R2_001.fastq.gz','s3://human-pangenomics/working/HPRC/HG03742/raw_data/hic/HG03742-2_S32_L002_R1_001.fastq.gz','s3://human-pangenomics/working/HPRC/HG03742/raw_data/hic/HG03742-2_S32_L002_R2_001.fastq.gz','s3://human-pangenomics/working/HPRC/HG03742/raw_data/hic/HG03742-2_S32_L003_R1_001.fastq.gz','s3://human-pangenomics/working/HPRC/HG03742/raw_data/hic/HG03742-2_S32_L003_R2_001.fastq.gz']	['s3://human-pangenomics/working/HPRC/HG03742/raw_data/PacBio_HiFi/deepconsensus/v1pt2/HG03742.m64055e_220917_121508.dc.q20.fastq.gz','s3://human-pangenomics/working/HPRC/HG03742/raw_data/PacBio_HiFi/deepconsensus/v1pt2/HG03742.m64055e_220924_080740.dc.q20.fastq.gz','s3://human-pangenomics/working/HPRC/HG03742/raw_data/PacBio_HiFi/deepconsensus/v1pt2/HG03742.m64055e_220926_031456.dc.q20.fastq.gz','s3://human-pangenomics/working/HPRC/HG03742/raw_data/PacBio_HiFi/m84091_231120_193041_s3.hifi_reads.bc1020.bam']	['s3://human-pangenomics/working/HPRC/HG03742/raw_data/Illumina/child/HG03742.final.cram']	['s3://human-pangenomics/working/HPRC/HG03742/raw_data/nanopore/sup5.0.0_5mCG_5hmCG/12_02_24_R1041_UL_HPRC_HG03742_1_dorado0.9.1_sup5.0.0_5mCG_5hmCG.bam','s3://human-pangenomics/working/HPRC/HG03742/raw_data/nanopore/sup5.0.0_5mCG_5hmCG/12_02_24_R1041_UL_HPRC_HG03742_2_dorado0.9.1_sup5.0.0_5mCG_5hmCG.bam','s3://human-pangenomics/working/HPRC/HG03742/raw_data/nanopore/guppy_6/09_27_2022_R941_HG03742_1_Guppy_6.5.7_450bps_modbases_5mc_cg_sup_prom_pass.bam','s3://human-pangenomics/working/HPRC/HG03742/raw_data/nanopore/guppy_6/09_27_2022_R941_HG03742_2_Guppy_6.5.7_450bps_modbases_5mc_cg_sup_prom_pass.bam','s3://human-pangenomics/working/HPRC/HG03742/raw_data/nanopore/guppy_6/09_27_2022_R941_HG03742_3_Guppy_6.5.7_450bps_modbases_5mc_cg_sup_prom_pass.bam']	[--unitig-abundance 8]
HG03775	['s3://human-pangenomics/working/HPRC/HG03775/raw_data/hic/HG03775-2_FC1_S2_L001_R2_001.fastq.gz','s3://human-pangenomics/working/HPRC/HG03775/raw_data/hic/HG03775-2_FC1_S2_L001_R1_001.fastq.gz','s3://human-pangenomics/working/HPRC/HG03775/raw_data/hic/HG03775-2_FC2_S2_L001_R1_001.fastq.gz','s3://human-pangenomics/working/HPRC/HG03775/raw_data/hic/HG03775-1_FC1_S1_L001_R2_001.fastq.gz','s3://human-pangenomics/working/HPRC/HG03775/raw_data/hic/HG03775-1_FC2_S1_L001_R1_001.fastq.gz','s3://human-pangenomics/working/HPRC/HG03775/raw_data/hic/HG03775-1_FC1_S1_L001_R1_001.fastq.gz','s3://human-pangenomics/working/HPRC/HG03775/raw_data/hic/HG03775-2_FC2_S2_L001_R2_001.fastq.gz','s3://human-pangenomics/working/HPRC/HG03775/raw_data/hic/HG03775-1_FC2_S1_L001_R2_001.fastq.gz']	['s3://human-pangenomics/working/HPRC/HG03775/raw_data/PacBio_HiFi/m84046_240313_225116_s1.hifi_reads.bc2025.bam','s3://human-pangenomics/working/HPRC/HG03775/raw_data/PacBio_HiFi/m84046_240305_031802_s4.hifi_reads.bc2025.bam','s3://human-pangenomics/working/HPRC/HG03775/raw_data/PacBio_HiFi/m84046_240302_164114_s4.hifi_reads.bc2025.bam']	['s3://human-pangenomics/working/HPRC/HG03775/raw_data/Illumina/child/HG03775.final.fq.gz']	['s3://human-pangenomics/working/HPRC/HG03775/raw_data/nanopore/sup5.0.0_5mCG_5hmCG/10_21_24_R1041_UL_HPRC_HG03775_1_dorado1.1.1_sup5.0.0_5mCG_5hmCG.bam','s3://human-pangenomics/working/HPRC/HG03775/raw_data/nanopore/sup5.0.0_5mCG_5hmCG/10_21_24_R1041_UL_HPRC_HG03775_2_dorado1.1.1_sup5.0.0_5mCG_5hmCG.bam']	[--unitig-abundance 8]
HG03778	['s3://human-pangenomics/working/HPRC/HG03778/raw_data/hic/HG03778-1_FC1_S11_L001_R1_001.fastq.gz','s3://human-pangenomics/working/HPRC/HG03778/raw_data/hic/HG03778-1_FC1_S11_L001_R2_001.fastq.gz','s3://human-pangenomics/working/HPRC/HG03778/raw_data/hic/HG03778-1_FC2_S11_L001_R1_001.fastq.gz','s3://human-pangenomics/working/HPRC/HG03778/raw_data/hic/HG03778-1_FC2_S11_L001_R2_001.fastq.gz','s3://human-pangenomics/working/HPRC/HG03778/raw_data/hic/HG03778-2_FC1_S12_L001_R1_001.fastq.gz','s3://human-pangenomics/working/HPRC/HG03778/raw_data/hic/HG03778-2_FC1_S12_L001_R2_001.fastq.gz','s3://human-pangenomics/working/HPRC/HG03778/raw_data/hic/HG03778-2_FC2_S12_L001_R1_001.fastq.gz','s3://human-pangenomics/working/HPRC/HG03778/raw_data/hic/HG03778-2_FC2_S12_L001_R2_001.fastq.gz']	['s3://human-pangenomics/working/HPRC/HG03778/raw_data/PacBio_HiFi/m84046_230731_200859_s2.hifi_reads.bc2095.bam','s3://human-pangenomics/working/HPRC/HG03778/raw_data/PacBio_HiFi/m84046_230727_225904_s1.hifi_reads.bc2095.bam','s3://human-pangenomics/working/HPRC/HG03778/raw_data/PacBio_HiFi/m84046_230728_195023_s2.hifi_reads.bc2095.bam','s3://human-pangenomics/working/HPRC/HG03778/raw_data/PacBio_HiFi/m84046_230728_205153_s4.hifi_reads.bc2095.bam','s3://human-pangenomics/working/HPRC/HG03778/raw_data/PacBio_HiFi/m84046_230728_202047_s3.hifi_reads.bc2095.bam']	['s3://human-pangenomics/working/HPRC/HG03778/raw_data/Illumina/child/HG03778.final.fq.gz']	['s3://human-pangenomics/working/HPRC/HG03778/raw_data/nanopore/sup5.0.0_5mCG_5hmCG/09_12_23_R1041_HPRC_HG03778_1_dorado0.9.5_sup5.0.0_5mCG_5hmCG.bam','s3://human-pangenomics/working/HPRC/HG03778/raw_data/nanopore/sup5.0.0_5mCG_5hmCG/09_12_23_R1041_HPRC_HG03778_2_dorado0.9.5_sup5.0.0_5mCG_5hmCG.bam','s3://human-pangenomics/working/HPRC/HG03778/raw_data/nanopore/sup5.0.0_5mCG_5hmCG/09_12_23_R1041_HPRC_HG03778_3_dorado0.9.5_sup5.0.0_5mCG_5hmCG.bam']	[--unitig-abundance 8]
HG03784	['s3://human-pangenomics/working/HPRC/HG03784/raw_data/hic/HG03784-2_FC1_S42_L002_R1_001.fastq.gz','s3://human-pangenomics/working/HPRC/HG03784/raw_data/hic/HG03784-2_FC1_S42_L002_R2_001.fastq.gz','s3://human-pangenomics/working/HPRC/HG03784/raw_data/hic/HG03784-2_FC3_S42_L002_R1_001.fastq.gz','s3://human-pangenomics/working/HPRC/HG03784/raw_data/hic/HG03784-2_FC3_S42_L002_R2_001.fastq.gz','s3://human-pangenomics/working/HPRC/HG03784/raw_data/hic/HG03784-2_FC4_S42_L002_R1_001.fastq.gz','s3://human-pangenomics/working/HPRC/HG03784/raw_data/hic/HG03784-2_FC4_S42_L002_R2_001.fastq.gz','s3://human-pangenomics/working/HPRC/HG03784/raw_data/hic/HG03784-1_FC1_S41_L002_R1_001.fastq.gz','s3://human-pangenomics/working/HPRC/HG03784/raw_data/hic/HG03784-1_FC1_S41_L002_R2_001.fastq.gz','s3://human-pangenomics/working/HPRC/HG03784/raw_data/hic/HG03784-2_FC2_S42_L002_R1_001.fastq.gz','s3://human-pangenomics/working/HPRC/HG03784/raw_data/hic/HG03784-2_FC2_S42_L002_R2_001.fastq.gz','s3://human-pangenomics/working/HPRC/HG03784/raw_data/hic/HG03784-1_FC4_S41_L002_R1_001.fastq.gz','s3://human-pangenomics/working/HPRC/HG03784/raw_data/hic/HG03784-1_FC4_S41_L002_R2_001.fastq.gz','s3://human-pangenomics/working/HPRC/HG03784/raw_data/hic/HG03784-1_FC3_S41_L002_R1_001.fastq.gz','s3://human-pangenomics/working/HPRC/HG03784/raw_data/hic/HG03784-1_FC3_S41_L002_R2_001.fastq.gz','s3://human-pangenomics/working/HPRC/HG03784/raw_data/hic/HG03784-1_FC2_S41_L002_R1_001.fastq.gz','s3://human-pangenomics/working/HPRC/HG03784/raw_data/hic/HG03784-1_FC2_S41_L002_R2_001.fastq.gz']	['s3://human-pangenomics/working/HPRC/HG03784/raw_data/PacBio_HiFi/m84081_230624_213331_s3.hifi_reads.bc2017.bam','s3://human-pangenomics/working/HPRC/HG03784/raw_data/PacBio_HiFi/m84081_230624_220437_s4.hifi_reads.bc2017.bam']	['s3://human-pangenomics/working/HPRC/HG03784/raw_data/Illumina/child/HG03784.final.cram']	['s3://human-pangenomics/working/HPRC/HG03784/raw_data/nanopore/sup5.0.0_5mCG_5hmCG/10_17_23_R1041_HPRC_HG03784_1_dorado0.9.5_sup5.0.0_5mCG_5hmCG.bam','s3://human-pangenomics/working/HPRC/HG03784/raw_data/nanopore/sup5.0.0_5mCG_5hmCG/10_17_23_R1041_HPRC_HG03784_2_dorado0.9.5_sup5.0.0_5mCG_5hmCG.bam','s3://human-pangenomics/working/HPRC/HG03784/raw_data/nanopore/sup5.0.0_5mCG_5hmCG/10_17_23_R1041_HPRC_HG03784_3_dorado0.9.5_sup5.0.0_5mCG_5hmCG.bam']	[--unitig-abundance 8]
HG03788	['s3://human-pangenomics/working/HPRC/HG03788/raw_data/hic/HG03788-1_FC1_S37_L004_R1_001.fastq.gz','s3://human-pangenomics/working/HPRC/HG03788/raw_data/hic/HG03788-1_FC1_S37_L004_R2_001.fastq.gz','s3://human-pangenomics/working/HPRC/HG03788/raw_data/hic/HG03788-1_FC2_S37_L004_R1_001.fastq.gz','s3://human-pangenomics/working/HPRC/HG03788/raw_data/hic/HG03788-1_FC2_S37_L004_R2_001.fastq.gz','s3://human-pangenomics/working/HPRC/HG03788/raw_data/hic/HG03788-2_FC1_S38_L004_R1_001.fastq.gz','s3://human-pangenomics/working/HPRC/HG03788/raw_data/hic/HG03788-2_FC1_S38_L004_R2_001.fastq.gz','s3://human-pangenomics/working/HPRC/HG03788/raw_data/hic/HG03788-2_FC2_S38_L004_R1_001.fastq.gz','s3://human-pangenomics/working/HPRC/HG03788/raw_data/hic/HG03788-2_FC2_S38_L004_R2_001.fastq.gz']	['s3://human-pangenomics/working/HPRC/HG03788/raw_data/PacBio_HiFi/m84081_231221_001739_s2.hifi_reads.bc2007.bam','s3://human-pangenomics/working/HPRC/HG03788/raw_data/PacBio_HiFi/m84081_240209_193042_s1.hifi_reads.bc2007.bam','s3://human-pangenomics/working/HPRC/HG03788/raw_data/PacBio_HiFi/m84081_231221_041957_s4.hifi_reads.bc2007.bam','s3://human-pangenomics/working/HPRC/HG03788/raw_data/PacBio_HiFi/m84081_240103_224605_s3.hifi_reads.bc2007.bam','s3://human-pangenomics/working/HPRC/HG03788/raw_data/PacBio_HiFi/m84081_231221_022030_s3.hifi_reads.bc2007.bam','s3://human-pangenomics/working/HPRC/HG03788/raw_data/PacBio_HiFi/m84081_240104_004525_s4.hifi_reads.bc2007.bam']	['s3://human-pangenomics/working/HPRC/HG03788/raw_data/Illumina/child/HG03788.final.fq.gz']	['s3://human-pangenomics/working/HPRC/HG03788/raw_data/nanopore/sup5.0.0_5mCG_5hmCG/12_09_24_R1041_UL_HPRC_HG03788_1_dorado0.9.1_sup5.0.0_5mCG_5hmCG.bam','s3://human-pangenomics/working/HPRC/HG03788/raw_data/nanopore/sup5.0.0_5mCG_5hmCG/12_09_24_R1041_UL_HPRC_HG03788_2_dorado0.9.1_sup5.0.0_5mCG_5hmCG.bam']	[--unitig-abundance 8]
HG03792	['s3://human-pangenomics/working/HPRC/HG03792/raw_data/hic/HG03792-1_S19_L001_R1_001.fastq.gz','s3://human-pangenomics/working/HPRC/HG03792/raw_data/hic/HG03792-1_S19_L002_R1_001.fastq.gz','s3://human-pangenomics/working/HPRC/HG03792/raw_data/hic/HG03792-1_S19_L003_R1_001.fastq.gz','s3://human-pangenomics/working/HPRC/HG03792/raw_data/hic/HG03792-1_S19_L004_R1_001.fastq.gz','s3://human-pangenomics/working/HPRC/HG03792/raw_data/hic/HG03792-2_S27_L001_R1_001.fastq.gz','s3://human-pangenomics/working/HPRC/HG03792/raw_data/hic/HG03792-2_S27_L002_R1_001.fastq.gz','s3://human-pangenomics/working/HPRC/HG03792/raw_data/hic/HG03792-2_S27_L003_R1_001.fastq.gz','s3://human-pangenomics/working/HPRC/HG03792/raw_data/hic/HG03792-2_S27_L004_R1_001.fastq.gz','s3://human-pangenomics/working/HPRC/HG03792/raw_data/hic/HG03792-1_S19_L001_R2_001.fastq.gz','s3://human-pangenomics/working/HPRC/HG03792/raw_data/hic/HG03792-1_S19_L002_R2_001.fastq.gz','s3://human-pangenomics/working/HPRC/HG03792/raw_data/hic/HG03792-1_S19_L003_R2_001.fastq.gz','s3://human-pangenomics/working/HPRC/HG03792/raw_data/hic/HG03792-1_S19_L004_R2_001.fastq.gz','s3://human-pangenomics/working/HPRC/HG03792/raw_data/hic/HG03792-2_S27_L001_R2_001.fastq.gz','s3://human-pangenomics/working/HPRC/HG03792/raw_data/hic/HG03792-2_S27_L002_R2_001.fastq.gz','s3://human-pangenomics/working/HPRC/HG03792/raw_data/hic/HG03792-2_S27_L003_R2_001.fastq.gz','s3://human-pangenomics/working/HPRC/HG03792/raw_data/hic/HG03792-2_S27_L004_R2_001.fastq.gz']	['s3://human-pangenomics/working/HPRC/HG03792/raw_data/PacBio_HiFi/m84081_230516_194621_s2.hifi_reads.bc1019.bam','s3://human-pangenomics/working/HPRC/HG03792/raw_data/PacBio_HiFi/m84081_230519_183943_s4.hifi_reads.bc1019.bam']	['s3://human-pangenomics/working/HPRC/HG03792/raw_data/Illumina/child/HG03792.final.fq.gz']	['s3://human-pangenomics/working/HPRC/HG03792/raw_data/nanopore/sup5.0.0_5mCG_5hmCG/11_12_24_R1041_UL_HPRC_HG03792_1_dorado0.9.1_sup5.0.0_5mCG_5hmCG.bam','s3://human-pangenomics/working/HPRC/HG03792/raw_data/nanopore/sup5.0.0_5mCG_5hmCG/11_12_24_R1041_UL_HPRC_HG03792_2_dorado0.9.1_sup5.0.0_5mCG_5hmCG.bam']	[--unitig-abundance 8]
HG03804	['s3://human-pangenomics/working/HPRC/HG03804/raw_data/hic/HG03804-06b-2_S6_L004_R1_001.fastq.gz','s3://human-pangenomics/working/HPRC/HG03804/raw_data/hic/HG03804-06b-2_S6_L004_R2_001.fastq.gz','s3://human-pangenomics/working/HPRC/HG03804/raw_data/hic/HG03804-06b-2_S6_L003_R1_001.fastq.gz','s3://human-pangenomics/working/HPRC/HG03804/raw_data/hic/HG03804-06b-2_S6_L003_R2_001.fastq.gz','s3://human-pangenomics/working/HPRC/HG03804/raw_data/hic/HG03804-06b-2_S6_L002_R1_001.fastq.gz','s3://human-pangenomics/working/HPRC/HG03804/raw_data/hic/HG03804-06b-2_S6_L002_R2_001.fastq.gz','s3://human-pangenomics/working/HPRC/HG03804/raw_data/hic/HG03804-06b-2_S6_L001_R2_001.fastq.gz','s3://human-pangenomics/working/HPRC/HG03804/raw_data/hic/HG03804-06b-2_S6_L001_R1_001.fastq.gz','s3://human-pangenomics/working/HPRC/HG03804/raw_data/hic/HG03804-06b-1_S5_L004_R1_001.fastq.gz','s3://human-pangenomics/working/HPRC/HG03804/raw_data/hic/HG03804-06b-1_S5_L004_R2_001.fastq.gz','s3://human-pangenomics/working/HPRC/HG03804/raw_data/hic/HG03804-06b-1_S5_L003_R1_001.fastq.gz','s3://human-pangenomics/working/HPRC/HG03804/raw_data/hic/HG03804-06b-1_S5_L003_R2_001.fastq.gz','s3://human-pangenomics/working/HPRC/HG03804/raw_data/hic/HG03804-06b-1_S5_L002_R1_001.fastq.gz','s3://human-pangenomics/working/HPRC/HG03804/raw_data/hic/HG03804-06b-1_S5_L002_R2_001.fastq.gz','s3://human-pangenomics/working/HPRC/HG03804/raw_data/hic/HG03804-06b-1_S5_L001_R1_001.fastq.gz','s3://human-pangenomics/working/HPRC/HG03804/raw_data/hic/HG03804-06b-1_S5_L001_R2_001.fastq.gz']	['s3://human-pangenomics/working/HPRC/HG03804/raw_data/PacBio_HiFi/primrose/m54306Ue_210716_134443.5mc.hifi_reads.bam','s3://human-pangenomics/working/HPRC/HG03804/raw_data/PacBio_HiFi/primrose/m64055e_210709_184151.5mc.hifi_reads.bam','s3://human-pangenomics/working/HPRC/HG03804/raw_data/PacBio_HiFi/primrose/m64055e_210712_200125.5mc.hifi_reads.bam','s3://human-pangenomics/working/HPRC/HG03804/raw_data/PacBio_HiFi/primrose/m64055e_210714_052746.5mc.hifi_reads.bam','s3://human-pangenomics/working/HPRC/HG03804/raw_data/PacBio_HiFi/m84091_230804_181137_s4.hifi_reads.bc1002.bam']	['s3://human-pangenomics/working/HPRC/HG03804/raw_data/Illumina/child/HG03804.final.cram']	['s3://human-pangenomics/working/HPRC/HG03804/raw_data/nanopore/sup5.0.0_5mCG_5hmCG/12_02_24_R1041_UL_HPRC_HG03804_1_dorado0.9.5_sup5.0.0_5mCG_5hmCG.bam','s3://human-pangenomics/working/HPRC/HG03804/raw_data/nanopore/sup5.0.0_5mCG_5hmCG/12_02_24_R1041_UL_HPRC_HG03804_2_dorado0.9.5_sup5.0.0_5mCG_5hmCG.bam','s3://human-pangenomics/working/HPRC/HG03804/raw_data/nanopore/sup5.0.0_5mCG_5hmCG/12_09_24_R1041_UL_HPRC_HG03804_1_dorado0.9.5_sup5.0.0_5mCG_5hmCG.bam','s3://human-pangenomics/working/HPRC/HG03804/raw_data/nanopore/guppy_6/07_20_21_R941_HG03804_1_Guppy_6.5.7_450bps_modbases_5mc_cg_sup_prom_pass.bam','s3://human-pangenomics/working/HPRC/HG03804/raw_data/nanopore/guppy_6/07_20_21_R941_HG03804_2_Guppy_6.5.7_450bps_modbases_5mc_cg_sup_prom_pass.bam','s3://human-pangenomics/working/HPRC/HG03804/raw_data/nanopore/guppy_6/07_20_21_R941_HG03804_3_Guppy_6.5.7_450bps_modbases_5mc_cg_sup_prom_pass.bam']	[--unitig-abundance 8]
HG03816	['s3://human-pangenomics/working/HPRC/HG03816/raw_data/hic/HG03816-01ab-2_S4_L004_R1_001.fastq.gz','s3://human-pangenomics/working/HPRC/HG03816/raw_data/hic/HG03816-01ab-2_S4_L004_R2_001.fastq.gz','s3://human-pangenomics/working/HPRC/HG03816/raw_data/hic/HG03816-01ab-1_S3_L004_R1_001.fastq.gz','s3://human-pangenomics/working/HPRC/HG03816/raw_data/hic/HG03816-01ab-1_S3_L004_R2_001.fastq.gz','s3://human-pangenomics/working/HPRC/HG03816/raw_data/hic/HG03816-01ab-2_S4_L001_R1_001.fastq.gz','s3://human-pangenomics/working/HPRC/HG03816/raw_data/hic/HG03816-01ab-2_S4_L001_R2_001.fastq.gz','s3://human-pangenomics/working/HPRC/HG03816/raw_data/hic/HG03816-01ab-2_S4_L002_R1_001.fastq.gz','s3://human-pangenomics/working/HPRC/HG03816/raw_data/hic/HG03816-01ab-2_S4_L002_R2_001.fastq.gz','s3://human-pangenomics/working/HPRC/HG03816/raw_data/hic/HG03816-01ab-2_S4_L003_R1_001.fastq.gz','s3://human-pangenomics/working/HPRC/HG03816/raw_data/hic/HG03816-01ab-2_S4_L003_R2_001.fastq.gz','s3://human-pangenomics/working/HPRC/HG03816/raw_data/hic/HG03816-01ab-1_S3_L002_R2_001.fastq.gz','s3://human-pangenomics/working/HPRC/HG03816/raw_data/hic/HG03816-01ab-1_S3_L002_R1_001.fastq.gz','s3://human-pangenomics/working/HPRC/HG03816/raw_data/hic/HG03816-01ab-1_S3_L001_R1_001.fastq.gz','s3://human-pangenomics/working/HPRC/HG03816/raw_data/hic/HG03816-01ab-1_S3_L001_R2_001.fastq.gz','s3://human-pangenomics/working/HPRC/HG03816/raw_data/hic/HG03816-01ab-1_S3_L003_R1_001.fastq.gz','s3://human-pangenomics/working/HPRC/HG03816/raw_data/hic/HG03816-01ab-1_S3_L003_R2_001.fastq.gz']	['s3://human-pangenomics/working/HPRC/HG03816/raw_data/PacBio_HiFi/primrose/m54306Ue_210723_183738.5mc.hifi_reads.bam','s3://human-pangenomics/working/HPRC/HG03816/raw_data/PacBio_HiFi/primrose/m64055e_210726_155147.5mc.hifi_reads.bam','s3://human-pangenomics/working/HPRC/HG03816/raw_data/PacBio_HiFi/primrose/m64055e_210728_024601.5mc.hifi_reads.bam','s3://human-pangenomics/working/HPRC/HG03816/raw_data/PacBio_HiFi/primrose/m64055e_210729_122949.5mc.hifi_reads.bam','s3://human-pangenomics/working/HPRC/HG03816/raw_data/PacBio_HiFi/m84091_230802_183430_s4.hifi_reads.bc1009.bam']	['s3://human-pangenomics/working/HPRC/HG03816/raw_data/Illumina/child/HG03816.final.cram']	['s3://human-pangenomics/working/HPRC/HG03816/raw_data/nanopore/sup5.0.0_5mCG_5hmCG/12_02_24_R1041_UL_HPRC_HG03816_1_dorado0.9.0_sup5.0.0_5mCG_5hmCG.bam','s3://human-pangenomics/working/HPRC/HG03816/raw_data/nanopore/sup5.0.0_5mCG_5hmCG/12_02_24_R1041_UL_HPRC_HG03816_2_dorado0.9.0_sup5.0.0_5mCG_5hmCG.bam','s3://human-pangenomics/working/HPRC/HG03816/raw_data/nanopore/guppy_6/07_20_21_R941_HG03816_1_Guppy_6.5.7_450bps_modbases_5mc_cg_sup_prom_pass.bam','s3://human-pangenomics/working/HPRC/HG03816/raw_data/nanopore/guppy_6/07_20_21_R941_HG03816_2_Guppy_6.5.7_450bps_modbases_5mc_cg_sup_prom_pass.bam','s3://human-pangenomics/working/HPRC/HG03816/raw_data/nanopore/guppy_6/07_20_21_R941_HG03816_3_Guppy_6.5.7_450bps_modbases_5mc_cg_sup_prom_pass.bam']	[--unitig-abundance 8]
HG03831	['s3://human-pangenomics/working/HPRC/HG03831/raw_data/hic/HG03831-37a-2_S16_L004_R1_001.fastq.gz','s3://human-pangenomics/working/HPRC/HG03831/raw_data/hic/HG03831-37a-2_S16_L004_R2_001.fastq.gz','s3://human-pangenomics/working/HPRC/HG03831/raw_data/hic/HG03831-37a-2_S16_L002_R1_001.fastq.gz','s3://human-pangenomics/working/HPRC/HG03831/raw_data/hic/HG03831-37a-2_S16_L002_R2_001.fastq.gz','s3://human-pangenomics/working/HPRC/HG03831/raw_data/hic/HG03831-37a-2_S16_L003_R1_001.fastq.gz','s3://human-pangenomics/working/HPRC/HG03831/raw_data/hic/HG03831-37a-2_S16_L003_R2_001.fastq.gz','s3://human-pangenomics/working/HPRC/HG03831/raw_data/hic/HG03831-37a-2_S16_L001_R1_001.fastq.gz','s3://human-pangenomics/working/HPRC/HG03831/raw_data/hic/HG03831-37a-2_S16_L001_R2_001.fastq.gz','s3://human-pangenomics/working/HPRC/HG03831/raw_data/hic/HG03831-37a-1_S15_L004_R1_001.fastq.gz','s3://human-pangenomics/working/HPRC/HG03831/raw_data/hic/HG03831-37a-1_S15_L004_R2_001.fastq.gz','s3://human-pangenomics/working/HPRC/HG03831/raw_data/hic/HG03831-37a-1_S15_L002_R1_001.fastq.gz','s3://human-pangenomics/working/HPRC/HG03831/raw_data/hic/HG03831-37a-1_S15_L002_R2_001.fastq.gz','s3://human-pangenomics/working/HPRC/HG03831/raw_data/hic/HG03831-37a-1_S15_L001_R1_001.fastq.gz','s3://human-pangenomics/working/HPRC/HG03831/raw_data/hic/HG03831-37a-1_S15_L001_R2_001.fastq.gz','s3://human-pangenomics/working/HPRC/HG03831/raw_data/hic/HG03831-37a-1_S15_L003_R1_001.fastq.gz','s3://human-pangenomics/working/HPRC/HG03831/raw_data/hic/HG03831-37a-1_S15_L003_R2_001.fastq.gz']	['s3://human-pangenomics/working/HPRC/HG03831/raw_data/PacBio_HiFi/deepconsensus/v1pt2/HG03831.m64136_210612_053350.dc.q20.fastq.gz','s3://human-pangenomics/working/HPRC/HG03831/raw_data/PacBio_HiFi/deepconsensus/v1pt2/HG03831.m64136_210613_130744.dc.q20.fastq.gz','s3://human-pangenomics/working/HPRC/HG03831/raw_data/PacBio_HiFi/deepconsensus/v1pt2/HG03831.m64136_210614_204240.dc.q20.fastq.gz','s3://human-pangenomics/working/HPRC/HG03831/raw_data/PacBio_HiFi/deepconsensus/v1pt2/HG03831.m64136_210618_184849.dc.q20.fastq.gz','s3://human-pangenomics/working/HPRC/HG03831/raw_data/PacBio_HiFi/m84081_231119_015049_s1.hifi_reads.bc2084.bam','s3://human-pangenomics/working/HPRC/HG03831/raw_data/PacBio_HiFi/m84081_231119_022155_s2.hifi_reads.bc2084.bam','s3://human-pangenomics/working/HPRC/HG03831/raw_data/PacBio_HiFi/m84081_231119_025301_s3.hifi_reads.bc2084.bam']	['s3://human-pangenomics/working/HPRC/HG03831/raw_data/Illumina/child/HG03831.final.cram']	['s3://human-pangenomics/working/HPRC/HG03831/raw_data/nanopore/sup5.0.0_5mCG_5hmCG/11_12_24_R1041_UL_HPRC_HG03831_1_dorado0.9.0_sup5.0.0_5mCG_5hmCG.bam','s3://human-pangenomics/working/HPRC/HG03831/raw_data/nanopore/sup5.0.0_5mCG_5hmCG/11_12_24_R1041_UL_HPRC_HG03831_2_dorado0.9.0_sup5.0.0_5mCG_5hmCG.bam','s3://human-pangenomics/working/HPRC/HG03831/raw_data/nanopore/guppy_6/08_10_21_R941_HG03831_1_Guppy_6.5.7_450bps_modbases_5mc_cg_sup_prom_pass.bam','s3://human-pangenomics/working/HPRC/HG03831/raw_data/nanopore/guppy_6/08_10_21_R941_HG03831_2_Guppy_6.5.7_450bps_modbases_5mc_cg_sup_prom_pass.bam','s3://human-pangenomics/working/HPRC/HG03831/raw_data/nanopore/guppy_6/08_10_21_R941_HG03831_3_Guppy_6.5.7_450bps_modbases_5mc_cg_sup_prom_pass.bam']	[--unitig-abundance 8]
HG03834	['s3://human-pangenomics/working/HPRC/HG03834/raw_data/hic/HG03834-1_S4_L003_R1_001.fastq.gz','s3://human-pangenomics/working/HPRC/HG03834/raw_data/hic/HG03834-1_S4_L003_R2_001.fastq.gz','s3://human-pangenomics/working/HPRC/HG03834/raw_data/hic/HG03834-2_S8_L003_R1_001.fastq.gz','s3://human-pangenomics/working/HPRC/HG03834/raw_data/hic/HG03834-2_S8_L003_R2_001.fastq.gz']	['s3://human-pangenomics/working/HPRC/HG03834/raw_data/PacBio_HiFi/deepconsensus/v1pt2/HG03834.m64043_220107_191226.dc.q20.fastq.gz','s3://human-pangenomics/working/HPRC/HG03834/raw_data/PacBio_HiFi/deepconsensus/v1pt2/HG03834.m64043_220109_060731.dc.q20.fastq.gz','s3://human-pangenomics/working/HPRC/HG03834/raw_data/PacBio_HiFi/deepconsensus/v1pt2/HG03834.m64043_220110_170603.dc.q20.fastq.gz','s3://human-pangenomics/working/HPRC/HG03834/raw_data/PacBio_HiFi/m84081_230630_204121_s4.hifi_reads.bc1012.bam','s3://human-pangenomics/working/HPRC/HG03834/raw_data/PacBio_HiFi/m84081_230630_201015_s3.hifi_reads.bc1012.bam']	['s3://human-pangenomics/working/HPRC/HG03834/raw_data/Illumina/child/HG03834.final.cram']	['s3://human-pangenomics/working/HPRC/HG03834/raw_data/nanopore/sup5.0.0_5mCG_5hmCG/11_04_24_R1041_UL_HPRC_HG03834_1_dorado0.9.1_sup5.0.0_5mCG_5hmCG.bam','s3://human-pangenomics/working/HPRC/HG03834/raw_data/nanopore/sup5.0.0_5mCG_5hmCG/11_04_24_R1041_UL_HPRC_HG03834_2_dorado0.9.1_sup5.0.0_5mCG_5hmCG.bam','s3://human-pangenomics/working/HPRC/HG03834/raw_data/nanopore/sup5.0.0_5mCG_5hmCG/11_18_24_R1041_UL_HPRC_HG03834_1_dorado0.9.1_sup5.0.0_5mCG_5hmCG.bam','s3://human-pangenomics/working/HPRC/HG03834/raw_data/nanopore/guppy_6/02_08_22_R941_HG03834_1_Guppy_6.5.7_450bps_modbases_5mc_cg_sup_prom_pass.bam','s3://human-pangenomics/working/HPRC/HG03834/raw_data/nanopore/guppy_6/02_08_22_R941_HG03834_2_Guppy_6.5.7_450bps_modbases_5mc_cg_sup_prom_pass.bam','s3://human-pangenomics/working/HPRC/HG03834/raw_data/nanopore/guppy_6/02_08_22_R941_HG03834_3_Guppy_6.5.7_450bps_modbases_5mc_cg_sup_prom_pass.bam']	[--unitig-abundance 8]
HG03854	['s3://human-pangenomics/working/HPRC/HG03854/raw_data/hic/HG03854-1_FC1_S45_L004_R1_001.fastq.gz','s3://human-pangenomics/working/HPRC/HG03854/raw_data/hic/HG03854-1_FC1_S45_L004_R2_001.fastq.gz','s3://human-pangenomics/working/HPRC/HG03854/raw_data/hic/HG03854-1_FC2_S45_L004_R1_001.fastq.gz','s3://human-pangenomics/working/HPRC/HG03854/raw_data/hic/HG03854-1_FC2_S45_L004_R2_001.fastq.gz','s3://human-pangenomics/working/HPRC/HG03854/raw_data/hic/HG03854-2_FC1_S46_L004_R1_001.fastq.gz','s3://human-pangenomics/working/HPRC/HG03854/raw_data/hic/HG03854-2_FC1_S46_L004_R2_001.fastq.gz','s3://human-pangenomics/working/HPRC/HG03854/raw_data/hic/HG03854-2_FC2_S46_L004_R1_001.fastq.gz','s3://human-pangenomics/working/HPRC/HG03854/raw_data/hic/HG03854-2_FC2_S46_L004_R2_001.fastq.gz']	['s3://human-pangenomics/working/HPRC/HG03854/raw_data/PacBio_HiFi/m84046_240130_004103_s3.hifi_reads.bc2050.bam','s3://human-pangenomics/working/HPRC/HG03854/raw_data/PacBio_HiFi/m84046_240206_003032_s3.hifi_reads.bc2050.bam','s3://human-pangenomics/working/HPRC/HG03854/raw_data/PacBio_HiFi/m84046_240129_224143_s2.hifi_reads.bc2050.bam','s3://human-pangenomics/working/HPRC/HG03854/raw_data/PacBio_HiFi/m84046_240201_142515_s3.hifi_reads.bc2050.bam']	['s3://human-pangenomics/working/HPRC/HG03854/raw_data/Illumina/child/HG03854.final.fq.gz']	['s3://human-pangenomics/working/HPRC/HG03854/raw_data/nanopore/sup5.0.0_5mCG_5hmCG/04_30_24_R1041_UL_HPRC_HG03854_1_dorado0.9.1_sup5.0.0_5mCG_5hmCG.bam','s3://human-pangenomics/working/HPRC/HG03854/raw_data/nanopore/sup5.0.0_5mCG_5hmCG/04_30_24_R1041_UL_HPRC_HG03854_2_dorado0.9.1_sup5.0.0_5mCG_5hmCG.bam','s3://human-pangenomics/working/HPRC/HG03854/raw_data/nanopore/sup5.0.0_5mCG_5hmCG/04_30_24_R1041_UL_HPRC_HG03854_3_dorado0.9.1_sup5.0.0_5mCG_5hmCG.bam']	[--unitig-abundance 8]
HG03868	['s3://human-pangenomics/working/HPRC/HG03868/raw_data/hic/HG03868-2_FC2_S10_L001_R2_001.fastq.gz','s3://human-pangenomics/working/HPRC/HG03868/raw_data/hic/HG03868-2_FC1_S10_L001_R2_001.fastq.gz','s3://human-pangenomics/working/HPRC/HG03868/raw_data/hic/HG03868-1_FC2_S9_L001_R2_001.fastq.gz','s3://human-pangenomics/working/HPRC/HG03868/raw_data/hic/HG03868-1_FC1_S9_L001_R1_001.fastq.gz','s3://human-pangenomics/working/HPRC/HG03868/raw_data/hic/HG03868-1_FC1_S9_L001_R2_001.fastq.gz','s3://human-pangenomics/working/HPRC/HG03868/raw_data/hic/HG03868-2_FC1_S10_L001_R1_001.fastq.gz','s3://human-pangenomics/working/HPRC/HG03868/raw_data/hic/HG03868-1_FC2_S9_L001_R1_001.fastq.gz','s3://human-pangenomics/working/HPRC/HG03868/raw_data/hic/HG03868-2_FC2_S10_L001_R1_001.fastq.gz']	['s3://human-pangenomics/working/HPRC/HG03868/raw_data/PacBio_HiFi/m84091_240607_203630_s1.hifi_reads.bc1018.bam','s3://human-pangenomics/working/HPRC/HG03868/raw_data/PacBio_HiFi/m84203_240604_161242_s1.hifi_reads.bc1018.bam','s3://human-pangenomics/working/HPRC/HG03868/raw_data/PacBio_HiFi/m84091_240530_192913_s1.hifi_reads.bc1018.bam']	['s3://human-pangenomics/working/HPRC/HG03868/raw_data/Illumina/child/HG03868.final.fq.gz']	['s3://human-pangenomics/working/HPRC/HG03868/raw_data/nanopore/sup5.0.0_5mCG_5hmCG/10_07_24_R1041_UL_HPRC_HG03868_1_dorado0.9.1_sup5.0.0_5mCG_5hmCG.bam','s3://human-pangenomics/working/HPRC/HG03868/raw_data/nanopore/sup5.0.0_5mCG_5hmCG/10_07_24_R1041_UL_HPRC_HG03868_2_dorado0.9.1_sup5.0.0_5mCG_5hmCG.bam']	[--unitig-abundance 8]
HG03874	['s3://human-pangenomics/working/HPRC/HG03874/raw_data/hic/HG03874-1_FC2_S3_L001_R1_001.fastq.gz','s3://human-pangenomics/working/HPRC/HG03874/raw_data/hic/HG03874-1_FC2_S3_L001_R2_001.fastq.gz','s3://human-pangenomics/working/HPRC/HG03874/raw_data/hic/HG03874-1_FC1_S3_L001_R1_001.fastq.gz','s3://human-pangenomics/working/HPRC/HG03874/raw_data/hic/HG03874-1_FC1_S3_L001_R2_001.fastq.gz','s3://human-pangenomics/working/HPRC/HG03874/raw_data/hic/HG03874-2_FC2_S4_L001_R1_001.fastq.gz','s3://human-pangenomics/working/HPRC/HG03874/raw_data/hic/HG03874-2_FC2_S4_L001_R2_001.fastq.gz','s3://human-pangenomics/working/HPRC/HG03874/raw_data/hic/HG03874-2_FC1_S4_L001_R1_001.fastq.gz','s3://human-pangenomics/working/HPRC/HG03874/raw_data/hic/HG03874-2_FC1_S4_L001_R2_001.fastq.gz']	['s3://human-pangenomics/working/HPRC/HG03874/raw_data/PacBio_HiFi/m84091_230731_130312_s1.hifi_reads.bc1012.bam','s3://human-pangenomics/working/HPRC/HG03874/raw_data/PacBio_HiFi/m84091_230719_155016_s1.hifi_reads.bc1012.bam','s3://human-pangenomics/working/HPRC/HG03874/raw_data/PacBio_HiFi/m84091_230712_163213_s1.hifi_reads.bc1012.bam']	['s3://human-pangenomics/working/HPRC/HG03874/raw_data/Illumina/child/HG03874.final.cram']	['s3://human-pangenomics/working/HPRC/HG03874/raw_data/nanopore/sup5.0.0_5mCG_5hmCG/01_23_24_R1041_HPRC_HG03874_1_dorado0.9.5_sup5.0.0_5mCG_5hmCG.bam','s3://human-pangenomics/working/HPRC/HG03874/raw_data/nanopore/sup5.0.0_5mCG_5hmCG/01_23_24_R1041_HPRC_HG03874_2_dorado0.9.5_sup5.0.0_5mCG_5hmCG.bam','s3://human-pangenomics/working/HPRC/HG03874/raw_data/nanopore/sup5.0.0_5mCG_5hmCG/11_14_23_R1041_HPRC_HG03874_1_dorado0.9.5_sup5.0.0_5mCG_5hmCG.bam','s3://human-pangenomics/working/HPRC/HG03874/raw_data/nanopore/sup5.0.0_5mCG_5hmCG/11_14_23_R1041_HPRC_HG03874_2_dorado0.9.5_sup5.0.0_5mCG_5hmCG.bam','s3://human-pangenomics/working/HPRC/HG03874/raw_data/nanopore/sup5.0.0_5mCG_5hmCG/11_14_23_R1041_HPRC_HG03874_3_dorado0.9.5_sup5.0.0_5mCG_5hmCG.bam']	[--unitig-abundance 8]
HG03882	['s3://human-pangenomics/working/HPRC/HG03882/raw_data/hic/HG03882-2_FC2_S32_L003_R2_001.fastq.gz','s3://human-pangenomics/working/HPRC/HG03882/raw_data/hic/HG03882-1_FC1_S31_L003_R1_001.fastq.gz','s3://human-pangenomics/working/HPRC/HG03882/raw_data/hic/HG03882-1_FC2_S31_L003_R2_001.fastq.gz','s3://human-pangenomics/working/HPRC/HG03882/raw_data/hic/HG03882-2_FC2_S32_L003_R1_001.fastq.gz','s3://human-pangenomics/working/HPRC/HG03882/raw_data/hic/HG03882-1_FC2_S31_L003_R1_001.fastq.gz','s3://human-pangenomics/working/HPRC/HG03882/raw_data/hic/HG03882-2_FC1_S32_L003_R1_001.fastq.gz','s3://human-pangenomics/working/HPRC/HG03882/raw_data/hic/HG03882-2_FC1_S32_L003_R2_001.fastq.gz','s3://human-pangenomics/working/HPRC/HG03882/raw_data/hic/HG03882-1_FC1_S31_L003_R2_001.fastq.gz']	['s3://human-pangenomics/working/HPRC/HG03882/raw_data/PacBio_HiFi/m84081_240526_051820_s3.hifi_reads.bc2024.bam','s3://human-pangenomics/working/HPRC/HG03882/raw_data/PacBio_HiFi/m84081_240526_031853_s2.hifi_reads.bc2024.bam']	['s3://human-pangenomics/working/HPRC/HG03882/raw_data/Illumina/child/HG03882.final.fq.gz']	['s3://human-pangenomics/working/HPRC/HG03882/raw_data/nanopore/sup5.0.0_5mCG_5hmCG/10_07_24_R1041_UL_HPRC_HG03882_1_dorado0.9.1_sup5.0.0_5mCG_5hmCG.bam','s3://human-pangenomics/working/HPRC/HG03882/raw_data/nanopore/sup5.0.0_5mCG_5hmCG/10_07_24_R1041_UL_HPRC_HG03882_2_dorado0.9.1_sup5.0.0_5mCG_5hmCG.bam','s3://human-pangenomics/working/HPRC/HG03882/raw_data/nanopore/sup5.0.0_5mCG_5hmCG/12_09_24_R1041_UL_HPRC_HG03882_1_dorado0.9.1_sup5.0.0_5mCG_5hmCG.bam','s3://human-pangenomics/working/HPRC/HG03882/raw_data/nanopore/sup5.0.0_5mCG_5hmCG/12_09_24_R1041_UL_HPRC_HG03882_2_dorado0.9.1_sup5.0.0_5mCG_5hmCG.bam']	[--unitig-abundance 8]
HG03890	['s3://human-pangenomics/working/HPRC/HG03890/raw_data/hic/HG03890-1_FC1_S43_L004_R2_001.fastq.gz','s3://human-pangenomics/working/HPRC/HG03890/raw_data/hic/HG03890-1_FC2_S43_L004_R2_001.fastq.gz','s3://human-pangenomics/working/HPRC/HG03890/raw_data/hic/HG03890-2_FC1_S44_L004_R2_001.fastq.gz','s3://human-pangenomics/working/HPRC/HG03890/raw_data/hic/HG03890-1_FC2_S43_L004_R1_001.fastq.gz','s3://human-pangenomics/working/HPRC/HG03890/raw_data/hic/HG03890-1_FC1_S43_L004_R1_001.fastq.gz','s3://human-pangenomics/working/HPRC/HG03890/raw_data/hic/HG03890-2_FC2_S44_L004_R2_001.fastq.gz','s3://human-pangenomics/working/HPRC/HG03890/raw_data/hic/HG03890-2_FC1_S44_L004_R1_001.fastq.gz','s3://human-pangenomics/working/HPRC/HG03890/raw_data/hic/HG03890-2_FC2_S44_L004_R1_001.fastq.gz']	['s3://human-pangenomics/working/HPRC/HG03890/raw_data/PacBio_HiFi/m84203_240710_211043_s4.hifi_reads.bc1010.bam','s3://human-pangenomics/working/HPRC/HG03890/raw_data/PacBio_HiFi/m84091_240610_170528_s4.hifi_reads.bc1010.bam','s3://human-pangenomics/working/HPRC/HG03890/raw_data/PacBio_HiFi/m84091_240710_211449_s3.hifi_reads.bc1010.bam']	['s3://human-pangenomics/working/HPRC/HG03890/raw_data/Illumina/child/HG03890.final.fq.gz']	['s3://human-pangenomics/working/HPRC/HG03890/raw_data/nanopore/sup5.0.0_5mCG_5hmCG/04_30_24_R1041_UL_HPRC_HG03890_1_dorado0.9.1_sup5.0.0_5mCG_5hmCG.bam','s3://human-pangenomics/working/HPRC/HG03890/raw_data/nanopore/sup5.0.0_5mCG_5hmCG/04_30_24_R1041_UL_HPRC_HG03890_2_dorado0.9.1_sup5.0.0_5mCG_5hmCG.bam','s3://human-pangenomics/working/HPRC/HG03890/raw_data/nanopore/sup5.0.0_5mCG_5hmCG/04_30_24_R1041_UL_HPRC_HG03890_3_dorado0.9.1_sup5.0.0_5mCG_5hmCG.bam']	[--unitig-abundance 8]
HG03902	['s3://human-pangenomics/working/HPRC/HG03902/raw_data/hic/HG03902-1_FC1_S15_L002_R1_001.fastq.gz','s3://human-pangenomics/working/HPRC/HG03902/raw_data/hic/HG03902-1_FC1_S15_L002_R2_001.fastq.gz','s3://human-pangenomics/working/HPRC/HG03902/raw_data/hic/HG03902-1_FC2_S15_L002_R1_001.fastq.gz','s3://human-pangenomics/working/HPRC/HG03902/raw_data/hic/HG03902-1_FC2_S15_L002_R2_001.fastq.gz','s3://human-pangenomics/working/HPRC/HG03902/raw_data/hic/HG03902-2_FC1_S16_L002_R1_001.fastq.gz','s3://human-pangenomics/working/HPRC/HG03902/raw_data/hic/HG03902-2_FC1_S16_L002_R2_001.fastq.gz','s3://human-pangenomics/working/HPRC/HG03902/raw_data/hic/HG03902-2_FC2_S16_L002_R1_001.fastq.gz','s3://human-pangenomics/working/HPRC/HG03902/raw_data/hic/HG03902-2_FC2_S16_L002_R2_001.fastq.gz']	['s3://human-pangenomics/working/HPRC/HG03902/raw_data/PacBio_HiFi/m84091_240718_212041_s3.hifi_reads.bc1002.bam','s3://human-pangenomics/working/HPRC/HG03902/raw_data/PacBio_HiFi/m84203_240710_193759_s1.hifi_reads.bc1002.bam','s3://human-pangenomics/working/HPRC/HG03902/raw_data/PacBio_HiFi/m84091_240606_205712_s2.hifi_reads.bc1002.bam','s3://human-pangenomics/working/HPRC/HG03902/raw_data/PacBio_HiFi/m84203_240531_191236_s4.hifi_reads.bc1002.bam']	['s3://human-pangenomics/working/HPRC/HG03902/raw_data/Illumina/child/HG03902.final.fq.gz']	['s3://human-pangenomics/working/HPRC/HG03902/raw_data/nanopore/sup5.0.0_5mCG_5hmCG/10_28_24_R1041_UL_HPRC_HG03902_1_dorado0.9.1_sup5.0.0_5mCG_5hmCG.bam','s3://human-pangenomics/working/HPRC/HG03902/raw_data/nanopore/sup5.0.0_5mCG_5hmCG/10_28_24_R1041_UL_HPRC_HG03902_2_dorado0.9.1_sup5.0.0_5mCG_5hmCG.bam']	[--unitig-abundance 8]
HG03919	['s3://human-pangenomics/working/HPRC/HG03919/raw_data/hic/HG03919-1_FC1_S21_L002_R1_001.fastq.gz','s3://human-pangenomics/working/HPRC/HG03919/raw_data/hic/HG03919-1_FC1_S21_L002_R2_001.fastq.gz','s3://human-pangenomics/working/HPRC/HG03919/raw_data/hic/HG03919-1_FC2_S21_L002_R1_001.fastq.gz','s3://human-pangenomics/working/HPRC/HG03919/raw_data/hic/HG03919-1_FC2_S21_L002_R2_001.fastq.gz','s3://human-pangenomics/working/HPRC/HG03919/raw_data/hic/HG03919-2_FC1_S22_L002_R1_001.fastq.gz','s3://human-pangenomics/working/HPRC/HG03919/raw_data/hic/HG03919-2_FC1_S22_L002_R2_001.fastq.gz','s3://human-pangenomics/working/HPRC/HG03919/raw_data/hic/HG03919-2_FC2_S22_L002_R1_001.fastq.gz','s3://human-pangenomics/working/HPRC/HG03919/raw_data/hic/HG03919-2_FC2_S22_L002_R2_001.fastq.gz']	['s3://human-pangenomics/working/HPRC/HG03919/raw_data/PacBio_HiFi/m84081_231222_141231_s4.hifi_reads.bc2004.bam','s3://human-pangenomics/working/HPRC/HG03919/raw_data/PacBio_HiFi/m84081_231222_081401_s1.hifi_reads.bc2004.bam','s3://human-pangenomics/working/HPRC/HG03919/raw_data/PacBio_HiFi/m84081_231222_121301_s3.hifi_reads.bc2004.bam','s3://human-pangenomics/working/HPRC/HG03919/raw_data/PacBio_HiFi/m84081_231222_101332_s2.hifi_reads.bc2004.bam','s3://human-pangenomics/working/HPRC/HG03919/raw_data/PacBio_HiFi/m84081_231207_203234_s2.hifi_reads.bc2004.bam']	['s3://human-pangenomics/working/HPRC/HG03919/raw_data/Illumina/child/HG03919.final.fq.gz']	['s3://human-pangenomics/working/HPRC/HG03919/raw_data/nanopore/sup5.0.0_5mCG_5hmCG/01_16_24_R1041_HPRC_HG03919_1_dorado0.9.5_sup5.0.0_5mCG_5hmCG.bam','s3://human-pangenomics/working/HPRC/HG03919/raw_data/nanopore/sup5.0.0_5mCG_5hmCG/01_16_24_R1041_HPRC_HG03919_2_dorado0.9.5_sup5.0.0_5mCG_5hmCG.bam','s3://human-pangenomics/working/HPRC/HG03919/raw_data/nanopore/sup5.0.0_5mCG_5hmCG/01_16_24_R1041_HPRC_HG03919_3_dorado0.9.5_sup5.0.0_5mCG_5hmCG.bam','s3://human-pangenomics/working/HPRC/HG03919/raw_data/nanopore/sup5.0.0_5mCG_5hmCG/01_16_24_R1041_HPRC_HG03919_4_dorado0.9.5_sup5.0.0_5mCG_5hmCG.bam','s3://human-pangenomics/working/HPRC/HG03919/raw_data/nanopore/sup5.0.0_5mCG_5hmCG/11_14_23_R1041_HPRC_HG03919_1_dorado0.9.5_sup5.0.0_5mCG_5hmCG.bam','s3://human-pangenomics/working/HPRC/HG03919/raw_data/nanopore/sup5.0.0_5mCG_5hmCG/11_14_23_R1041_HPRC_HG03919_2_dorado0.9.5_sup5.0.0_5mCG_5hmCG.bam','s3://human-pangenomics/working/HPRC/HG03919/raw_data/nanopore/sup5.0.0_5mCG_5hmCG/11_14_23_R1041_HPRC_HG03919_3_dorado0.9.5_sup5.0.0_5mCG_5hmCG.bam']	[--unitig-abundance 8]
HG03927	['s3://human-pangenomics/working/HPRC/HG03927/raw_data/hic/HG03927-31b-2_S6_L004_R2_001.fastq.gz','s3://human-pangenomics/working/HPRC/HG03927/raw_data/hic/HG03927-31b-2_S6_L004_R1_001.fastq.gz','s3://human-pangenomics/working/HPRC/HG03927/raw_data/hic/HG03927-31b-1_S5_L004_R2_001.fastq.gz','s3://human-pangenomics/working/HPRC/HG03927/raw_data/hic/HG03927-31b-1_S5_L004_R1_001.fastq.gz','s3://human-pangenomics/working/HPRC/HG03927/raw_data/hic/HG03927-31b-2_S6_L003_R1_001.fastq.gz','s3://human-pangenomics/working/HPRC/HG03927/raw_data/hic/HG03927-31b-2_S6_L003_R2_001.fastq.gz','s3://human-pangenomics/working/HPRC/HG03927/raw_data/hic/HG03927-31b-1_S5_L003_R1_001.fastq.gz','s3://human-pangenomics/working/HPRC/HG03927/raw_data/hic/HG03927-31b-1_S5_L003_R2_001.fastq.gz','s3://human-pangenomics/working/HPRC/HG03927/raw_data/hic/HG03927-31b-2_S6_L002_R1_001.fastq.gz','s3://human-pangenomics/working/HPRC/HG03927/raw_data/hic/HG03927-31b-2_S6_L002_R2_001.fastq.gz','s3://human-pangenomics/working/HPRC/HG03927/raw_data/hic/HG03927-31b-1_S5_L002_R1_001.fastq.gz','s3://human-pangenomics/working/HPRC/HG03927/raw_data/hic/HG03927-31b-1_S5_L002_R2_001.fastq.gz','s3://human-pangenomics/working/HPRC/HG03927/raw_data/hic/HG03927-31b-1_S5_L001_R1_001.fastq.gz','s3://human-pangenomics/working/HPRC/HG03927/raw_data/hic/HG03927-31b-1_S5_L001_R2_001.fastq.gz','s3://human-pangenomics/working/HPRC/HG03927/raw_data/hic/HG03927-31b-2_S6_L001_R1_001.fastq.gz','s3://human-pangenomics/working/HPRC/HG03927/raw_data/hic/HG03927-31b-2_S6_L001_R2_001.fastq.gz']	['s3://human-pangenomics/working/HPRC/HG03927/raw_data/PacBio_HiFi/deepconsensus/v1pt2/HG03927.m54329U_210522_083046.dc.q20.fastq.gz','s3://human-pangenomics/working/HPRC/HG03927/raw_data/PacBio_HiFi/deepconsensus/v1pt2/HG03927.m64076_210514_222349.dc.q20.fastq.gz','s3://human-pangenomics/working/HPRC/HG03927/raw_data/PacBio_HiFi/deepconsensus/v1pt2/HG03927.m64076_210517_210115.dc.q20.fastq.gz','s3://human-pangenomics/working/HPRC/HG03927/raw_data/PacBio_HiFi/deepconsensus/v1pt2/HG03927.m64076_210519_075634.dc.q20.fastq.gz','s3://human-pangenomics/working/HPRC/HG03927/raw_data/PacBio_HiFi/m84046_230628_213236_s2.hifi_reads.default.bam']	['s3://human-pangenomics/working/HPRC/HG03927/raw_data/Illumina/child/HG03927.final.cram']	['s3://human-pangenomics/working/HPRC/HG03927/raw_data/nanopore/sup5.0.0_5mCG_5hmCG/12_09_24_R1041_UL_HPRC_HG03927_1_dorado0.9.5_sup5.0.0_5mCG_5hmCG.bam','s3://human-pangenomics/working/HPRC/HG03927/raw_data/nanopore/sup5.0.0_5mCG_5hmCG/12_16_24_R1041_UL_HPRC_HG03927_1_dorado0.9.5_sup5.0.0_5mCG_5hmCG.bam','s3://human-pangenomics/working/HPRC/HG03927/raw_data/nanopore/guppy_6/08_10_21_R941_HG03927_1_Guppy_6.5.7_450bps_modbases_5mc_cg_sup_prom_pass.bam','s3://human-pangenomics/working/HPRC/HG03927/raw_data/nanopore/guppy_6/08_10_21_R941_HG03927_2_Guppy_6.5.7_450bps_modbases_5mc_cg_sup_prom_pass.bam','s3://human-pangenomics/working/HPRC/HG03927/raw_data/nanopore/guppy_6/08_10_21_R941_HG03927_3_Guppy_6.5.7_450bps_modbases_5mc_cg_sup_prom_pass.bam']	[--unitig-abundance 8]
HG03942	['s3://human-pangenomics/working/HPRC/HG03942/raw_data/hic/HG03942-03b-1_S17_L004_R1_001.fastq.gz','s3://human-pangenomics/working/HPRC/HG03942/raw_data/hic/HG03942-03b-1_S17_L004_R2_001.fastq.gz','s3://human-pangenomics/working/HPRC/HG03942/raw_data/hic/HG03942-03b-1_S17_L003_R1_001.fastq.gz','s3://human-pangenomics/working/HPRC/HG03942/raw_data/hic/HG03942-03b-1_S17_L003_R2_001.fastq.gz','s3://human-pangenomics/working/HPRC/HG03942/raw_data/hic/HG03942-03b-1_S17_L002_R1_001.fastq.gz','s3://human-pangenomics/working/HPRC/HG03942/raw_data/hic/HG03942-03b-1_S17_L002_R2_001.fastq.gz','s3://human-pangenomics/working/HPRC/HG03942/raw_data/hic/HG03942-03b-1_S17_L001_R1_001.fastq.gz','s3://human-pangenomics/working/HPRC/HG03942/raw_data/hic/HG03942-03b-1_S17_L001_R2_001.fastq.gz','s3://human-pangenomics/working/HPRC/HG03942/raw_data/hic/HG03942-03b-2_S18_L004_R1_001.fastq.gz','s3://human-pangenomics/working/HPRC/HG03942/raw_data/hic/HG03942-03b-2_S18_L004_R2_001.fastq.gz','s3://human-pangenomics/working/HPRC/HG03942/raw_data/hic/HG03942-03b-2_S18_L003_R1_001.fastq.gz','s3://human-pangenomics/working/HPRC/HG03942/raw_data/hic/HG03942-03b-2_S18_L003_R2_001.fastq.gz','s3://human-pangenomics/working/HPRC/HG03942/raw_data/hic/HG03942-03b-2_S18_L002_R1_001.fastq.gz','s3://human-pangenomics/working/HPRC/HG03942/raw_data/hic/HG03942-03b-2_S18_L002_R2_001.fastq.gz','s3://human-pangenomics/working/HPRC/HG03942/raw_data/hic/HG03942-03b-2_S18_L001_R1_001.fastq.gz','s3://human-pangenomics/working/HPRC/HG03942/raw_data/hic/HG03942-03b-2_S18_L001_R2_001.fastq.gz']	['s3://human-pangenomics/working/HPRC/HG03942/raw_data/PacBio_HiFi/deepconsensus/v1pt2/HG03942.m54329U_210507_224951.dc.q20.fastq.gz','s3://human-pangenomics/working/HPRC/HG03942/raw_data/PacBio_HiFi/deepconsensus/v1pt2/HG03942.m54329U_210613_071322.dc.q20.fastq.gz','s3://human-pangenomics/working/HPRC/HG03942/raw_data/PacBio_HiFi/deepconsensus/v1pt2/HG03942.m64076_210606_095247.dc.q20.fastq.gz','s3://human-pangenomics/working/HPRC/HG03942/raw_data/PacBio_HiFi/deepconsensus/v1pt2/HG03942.m64076_210612_093800.dc.q20.fastq.gz','s3://human-pangenomics/working/HPRC/HG03942/raw_data/PacBio_HiFi/deepconsensus/v1pt2/HG03942.m64076_210615_181342.dc.q20.fastq.gz','s3://human-pangenomics/working/HPRC/HG03942/raw_data/PacBio_HiFi/m84046_230711_230656_s2.hifi_reads.default.bam']	['s3://human-pangenomics/working/HPRC/HG03942/raw_data/Illumina/child/HG03942.final.cram']	['s3://human-pangenomics/working/HPRC/HG03942/raw_data/nanopore/sup5.0.0_5mCG_5hmCG/11_12_24_R1041_UL_HPRC_HG03942_1_dorado0.9.0_sup5.0.0_5mCG_5hmCG.bam','s3://human-pangenomics/working/HPRC/HG03942/raw_data/nanopore/sup5.0.0_5mCG_5hmCG/11_12_24_R1041_UL_HPRC_HG03942_2_dorado0.9.0_sup5.0.0_5mCG_5hmCG.bam','s3://human-pangenomics/working/HPRC/HG03942/raw_data/nanopore/guppy_6/07_20_21_R941_HG03942_1_Guppy_6.5.7_450bps_modbases_5mc_cg_sup_prom_pass.bam','s3://human-pangenomics/working/HPRC/HG03942/raw_data/nanopore/guppy_6/07_20_21_R941_HG03942_2_Guppy_6.5.7_450bps_modbases_5mc_cg_sup_prom_pass.bam','s3://human-pangenomics/working/HPRC/HG03942/raw_data/nanopore/guppy_6/07_20_21_R941_HG03942_3_Guppy_6.5.7_450bps_modbases_5mc_cg_sup_prom_pass.bam']	[--unitig-abundance 8]
HG03995	['s3://human-pangenomics/working/HPRC/HG03995/raw_data/hic/HG03995-1_FC1_S9_L001_R2_001.fastq.gz','s3://human-pangenomics/working/HPRC/HG03995/raw_data/hic/HG03995-2_FC1_S10_L001_R2_001.fastq.gz','s3://human-pangenomics/working/HPRC/HG03995/raw_data/hic/HG03995-1_FC2_S9_L001_R1_001.fastq.gz','s3://human-pangenomics/working/HPRC/HG03995/raw_data/hic/HG03995-1_FC1_S9_L001_R1_001.fastq.gz','s3://human-pangenomics/working/HPRC/HG03995/raw_data/hic/HG03995-1_FC2_S9_L001_R2_001.fastq.gz','s3://human-pangenomics/working/HPRC/HG03995/raw_data/hic/HG03995-2_FC1_S10_L001_R1_001.fastq.gz','s3://human-pangenomics/working/HPRC/HG03995/raw_data/hic/HG03995-2_FC2_S10_L001_R1_001.fastq.gz','s3://human-pangenomics/working/HPRC/HG03995/raw_data/hic/HG03995-2_FC2_S10_L001_R2_001.fastq.gz']	['s3://human-pangenomics/working/HPRC/HG03995/raw_data/PacBio_HiFi/m84046_240420_005339_s4.hifi_reads.bc2081.bam','s3://human-pangenomics/working/HPRC/HG03995/raw_data/PacBio_HiFi/m84046_240419_225419_s3.hifi_reads.bc2081.bam','s3://human-pangenomics/working/HPRC/HG03995/raw_data/PacBio_HiFi/m84046_240505_091757_s1.hifi_reads.bc2081.bam','s3://human-pangenomics/working/HPRC/HG03995/raw_data/PacBio_HiFi/m84046_240417_024614_s2.hifi_reads.bc2081.bam']	['s3://human-pangenomics/working/HPRC/HG03995/raw_data/Illumina/child/HG03995.final.fq.gz']	['s3://human-pangenomics/working/HPRC/HG03995/raw_data/nanopore/sup5.0.0/10_28_24_R1041_UL_HPRC_HG03995_2_dorado0.9.1_sup5.0.0.bam','s3://human-pangenomics/working/HPRC/HG03995/raw_data/nanopore/sup5.0.0_5mCG_5hmCG/10_28_24_R1041_UL_HPRC_HG03995_1_dorado0.9.1_sup5.0.0_5mCG_5hmCG.bam']	[--unitig-abundance 8]
HG04115	['s3://human-pangenomics/working/HPRC/HG04115/raw_data/hic/HG04115-13a-1_S13_L004_R1_001.fastq.gz','s3://human-pangenomics/working/HPRC/HG04115/raw_data/hic/HG04115-13a-1_S13_L004_R2_001.fastq.gz','s3://human-pangenomics/working/HPRC/HG04115/raw_data/hic/HG04115-13a-1_S13_L003_R1_001.fastq.gz','s3://human-pangenomics/working/HPRC/HG04115/raw_data/hic/HG04115-13a-1_S13_L003_R2_001.fastq.gz','s3://human-pangenomics/working/HPRC/HG04115/raw_data/hic/HG04115-13a-1_S13_L002_R2_001.fastq.gz','s3://human-pangenomics/working/HPRC/HG04115/raw_data/hic/HG04115-13a-1_S13_L002_R1_001.fastq.gz','s3://human-pangenomics/working/HPRC/HG04115/raw_data/hic/HG04115-13a-1_S13_L001_R1_001.fastq.gz','s3://human-pangenomics/working/HPRC/HG04115/raw_data/hic/HG04115-13a-1_S13_L001_R2_001.fastq.gz','s3://human-pangenomics/working/HPRC/HG04115/raw_data/hic/HG04115-13a-2_S14_L004_R1_001.fastq.gz','s3://human-pangenomics/working/HPRC/HG04115/raw_data/hic/HG04115-13a-2_S14_L004_R2_001.fastq.gz','s3://human-pangenomics/working/HPRC/HG04115/raw_data/hic/HG04115-13a-2_S14_L003_R1_001.fastq.gz','s3://human-pangenomics/working/HPRC/HG04115/raw_data/hic/HG04115-13a-2_S14_L003_R2_001.fastq.gz','s3://human-pangenomics/working/HPRC/HG04115/raw_data/hic/HG04115-13a-2_S14_L002_R1_001.fastq.gz','s3://human-pangenomics/working/HPRC/HG04115/raw_data/hic/HG04115-13a-2_S14_L002_R2_001.fastq.gz','s3://human-pangenomics/working/HPRC/HG04115/raw_data/hic/HG04115-13a-2_S14_L001_R2_001.fastq.gz','s3://human-pangenomics/working/HPRC/HG04115/raw_data/hic/HG04115-13a-2_S14_L001_R1_001.fastq.gz']	['s3://human-pangenomics/working/HPRC/HG04115/raw_data/PacBio_HiFi/deepconsensus/v1pt2/HG04115.m64076_210623_104349.dc.q20.fastq.gz','s3://human-pangenomics/working/HPRC/HG04115/raw_data/PacBio_HiFi/deepconsensus/v1pt2/HG04115.m64076_210625_220013.dc.q20.fastq.gz','s3://human-pangenomics/working/HPRC/HG04115/raw_data/PacBio_HiFi/deepconsensus/v1pt2/HG04115.m64076_210627_085544.dc.q20.fastq.gz','s3://human-pangenomics/working/HPRC/HG04115/raw_data/PacBio_HiFi/m84046_230624_201459_s3.hifi_reads.default.bam']	['s3://human-pangenomics/working/HPRC/HG04115/raw_data/Illumina/child/HG04115.final.cram']	['s3://human-pangenomics/working/HPRC/HG04115/raw_data/nanopore/sup5.0.0_5mCG_5hmCG/11_12_24_R1041_UL_HPRC_HG04115_1_dorado0.9.0_sup5.0.0_5mCG_5hmCG.bam','s3://human-pangenomics/working/HPRC/HG04115/raw_data/nanopore/sup5.0.0_5mCG_5hmCG/11_12_24_R1041_UL_HPRC_HG04115_2_dorado0.9.0_sup5.0.0_5mCG_5hmCG.bam','s3://human-pangenomics/working/HPRC/HG04115/raw_data/nanopore/guppy_6/07_27_21_R941_HG04115_1_Guppy_6.5.7_450bps_modbases_5mc_cg_sup_prom_pass.bam','s3://human-pangenomics/working/HPRC/HG04115/raw_data/nanopore/guppy_6/07_27_21_R941_HG04115_2_Guppy_6.5.7_450bps_modbases_5mc_cg_sup_prom_pass.bam','s3://human-pangenomics/working/HPRC/HG04115/raw_data/nanopore/guppy_6/07_27_21_R941_HG04115_3_Guppy_6.5.7_450bps_modbases_5mc_cg_sup_prom_pass.bam','s3://human-pangenomics/working/HPRC/HG04115/raw_data/nanopore/guppy_6/07_27_21_R941_HG04115_4_Guppy_6.5.7_450bps_modbases_5mc_cg_sup_prom_pass.bam','s3://human-pangenomics/working/HPRC/HG04115/raw_data/nanopore/guppy_6/07_27_21_R941_HG04115_5_Guppy_6.5.7_450bps_modbases_5mc_cg_sup_prom_pass.bam']	[--unitig-abundance 8]
HG04144	['s3://human-pangenomics/working/HPRC/HG04144/raw_data/hic/HG04144-1_FC1_S37_L004_R1_001.fastq.gz','s3://human-pangenomics/working/HPRC/HG04144/raw_data/hic/HG04144-1_FC1_S37_L004_R2_001.fastq.gz','s3://human-pangenomics/working/HPRC/HG04144/raw_data/hic/HG04144-1_FC2_S37_L004_R1_001.fastq.gz','s3://human-pangenomics/working/HPRC/HG04144/raw_data/hic/HG04144-2_FC2_S38_L004_R1_001.fastq.gz','s3://human-pangenomics/working/HPRC/HG04144/raw_data/hic/HG04144-2_FC1_S38_L004_R1_001.fastq.gz','s3://human-pangenomics/working/HPRC/HG04144/raw_data/hic/HG04144-2_FC1_S38_L004_R2_001.fastq.gz','s3://human-pangenomics/working/HPRC/HG04144/raw_data/hic/HG04144-2_FC2_S38_L004_R2_001.fastq.gz','s3://human-pangenomics/working/HPRC/HG04144/raw_data/hic/HG04144-1_FC2_S37_L004_R2_001.fastq.gz']	['s3://human-pangenomics/working/HPRC/HG04144/raw_data/PacBio_HiFi/m84046_240206_022949_s2.hifi_reads.bc2004.bam','s3://human-pangenomics/working/HPRC/HG04144/raw_data/PacBio_HiFi/m84046_240201_222427_s4.hifi_reads.bc2004.bam','s3://human-pangenomics/working/HPRC/HG04144/raw_data/PacBio_HiFi/m84046_240131_123236_s4.hifi_reads.bc2004.bam','s3://human-pangenomics/working/HPRC/HG04144/raw_data/PacBio_HiFi/m84046_240131_143158_s1.hifi_reads.bc2004.bam']	['s3://human-pangenomics/working/HPRC/HG04144/raw_data/Illumina/child/HG04144.final.fq.gz']	['s3://human-pangenomics/working/HPRC/HG04144/raw_data/nanopore/sup5.0.0/10_21_24_R1041_UL_HPRC_HG04144_1_dorado0.9.1_sup5.0.0.bam','s3://human-pangenomics/working/HPRC/HG04144/raw_data/nanopore/sup5.0.0/10_21_24_R1041_UL_HPRC_HG04144_2_dorado0.9.1_sup5.0.0.bam']	[--unitig-abundance 8]
HG04153	['s3://human-pangenomics/working/HPRC/HG04153/raw_data/hic/HG04153-2_FC4_S22_L001_R1_001.fastq.gz','s3://human-pangenomics/working/HPRC/HG04153/raw_data/hic/HG04153-2_FC4_S22_L001_R2_001.fastq.gz','s3://human-pangenomics/working/HPRC/HG04153/raw_data/hic/HG04153-1_FC2_S14_L001_R1_001.fastq.gz','s3://human-pangenomics/working/HPRC/HG04153/raw_data/hic/HG04153-1_FC3_S14_L001_R2_001.fastq.gz','s3://human-pangenomics/working/HPRC/HG04153/raw_data/hic/HG04153-1_FC2_S14_L001_R2_001.fastq.gz','s3://human-pangenomics/working/HPRC/HG04153/raw_data/hic/HG04153-1_FC4_S14_L001_R2_001.fastq.gz','s3://human-pangenomics/working/HPRC/HG04153/raw_data/hic/HG04153-2_FC2_S22_L001_R1_001.fastq.gz','s3://human-pangenomics/working/HPRC/HG04153/raw_data/hic/HG04153-2_FC3_S22_L001_R1_001.fastq.gz','s3://human-pangenomics/working/HPRC/HG04153/raw_data/hic/HG04153-1_FC4_S14_L001_R1_001.fastq.gz','s3://human-pangenomics/working/HPRC/HG04153/raw_data/hic/HG04153-2_FC2_S22_L001_R2_001.fastq.gz','s3://human-pangenomics/working/HPRC/HG04153/raw_data/hic/HG04153-1_FC1_S14_L001_R2_001.fastq.gz','s3://human-pangenomics/working/HPRC/HG04153/raw_data/hic/HG04153-2_FC1_S22_L001_R1_001.fastq.gz','s3://human-pangenomics/working/HPRC/HG04153/raw_data/hic/HG04153-1_FC1_S14_L001_R1_001.fastq.gz','s3://human-pangenomics/working/HPRC/HG04153/raw_data/hic/HG04153-1_FC3_S14_L001_R1_001.fastq.gz','s3://human-pangenomics/working/HPRC/HG04153/raw_data/hic/HG04153-2_FC3_S22_L001_R2_001.fastq.gz','s3://human-pangenomics/working/HPRC/HG04153/raw_data/hic/HG04153-2_FC1_S22_L001_R2_001.fastq.gz']	['s3://human-pangenomics/working/HPRC/HG04153/raw_data/PacBio_HiFi/m84091_230727_125753_s1.hifi_reads.bc1016.bam','s3://human-pangenomics/working/HPRC/HG04153/raw_data/PacBio_HiFi/m84091_230802_170158_s1.hifi_reads.bc1016.bam']	['s3://human-pangenomics/working/HPRC/HG04153/raw_data/Illumina/child/HG04153.final.fq.gz']	['s3://human-pangenomics/working/HPRC/HG04153/raw_data/nanopore/sup5.0.0_5mCG_5hmCG/09_06_23_R1041_HPRC_HG04153_1_dorado0.9.5_sup5.0.0_5mCG_5hmCG.bam','s3://human-pangenomics/working/HPRC/HG04153/raw_data/nanopore/sup5.0.0_5mCG_5hmCG/09_06_23_R1041_HPRC_HG04153_2_dorado0.9.5_sup5.0.0_5mCG_5hmCG.bam','s3://human-pangenomics/working/HPRC/HG04153/raw_data/nanopore/sup5.0.0_5mCG_5hmCG/09_06_23_R1041_HPRC_HG04153_3_dorado0.9.5_sup5.0.0_5mCG_5hmCG.bam']	[--unitig-abundance 8]
HG04157	['s3://human-pangenomics/working/HPRC/HG04157/raw_data/hic/HG04157-05ab-1_S5_L004_R1_001.fastq.gz','s3://human-pangenomics/working/HPRC/HG04157/raw_data/hic/HG04157-05ab-1_S5_L004_R2_001.fastq.gz','s3://human-pangenomics/working/HPRC/HG04157/raw_data/hic/HG04157-05ab-1_S5_L002_R1_001.fastq.gz','s3://human-pangenomics/working/HPRC/HG04157/raw_data/hic/HG04157-05ab-1_S5_L002_R2_001.fastq.gz','s3://human-pangenomics/working/HPRC/HG04157/raw_data/hic/HG04157-05ab-1_S5_L001_R1_001.fastq.gz','s3://human-pangenomics/working/HPRC/HG04157/raw_data/hic/HG04157-05ab-1_S5_L001_R2_001.fastq.gz','s3://human-pangenomics/working/HPRC/HG04157/raw_data/hic/HG04157-05ab-1_S5_L003_R1_001.fastq.gz','s3://human-pangenomics/working/HPRC/HG04157/raw_data/hic/HG04157-05ab-1_S5_L003_R2_001.fastq.gz','s3://human-pangenomics/working/HPRC/HG04157/raw_data/hic/HG04157-05ab-2_S6_L004_R1_001.fastq.gz','s3://human-pangenomics/working/HPRC/HG04157/raw_data/hic/HG04157-05ab-2_S6_L004_R2_001.fastq.gz','s3://human-pangenomics/working/HPRC/HG04157/raw_data/hic/HG04157-05ab-2_S6_L001_R1_001.fastq.gz','s3://human-pangenomics/working/HPRC/HG04157/raw_data/hic/HG04157-05ab-2_S6_L001_R2_001.fastq.gz','s3://human-pangenomics/working/HPRC/HG04157/raw_data/hic/HG04157-05ab-2_S6_L002_R1_001.fastq.gz','s3://human-pangenomics/working/HPRC/HG04157/raw_data/hic/HG04157-05ab-2_S6_L002_R2_001.fastq.gz','s3://human-pangenomics/working/HPRC/HG04157/raw_data/hic/HG04157-05ab-2_S6_L003_R1_001.fastq.gz','s3://human-pangenomics/working/HPRC/HG04157/raw_data/hic/HG04157-05ab-2_S6_L003_R2_001.fastq.gz']	['s3://human-pangenomics/working/HPRC/HG04157/raw_data/PacBio_HiFi/primrose/m54306Ue_210725_040349.5mc.hifi_reads.bam','s3://human-pangenomics/working/HPRC/HG04157/raw_data/PacBio_HiFi/primrose/m54306Ue_210727_144948.5mc.hifi_reads.bam','s3://human-pangenomics/working/HPRC/HG04157/raw_data/PacBio_HiFi/primrose/m54306Ue_210729_003128.5mc.hifi_reads.bam','s3://human-pangenomics/working/HPRC/HG04157/raw_data/PacBio_HiFi/primrose/m54306Ue_210730_180007.5mc.hifi_reads.bam','s3://human-pangenomics/working/HPRC/HG04157/raw_data/PacBio_HiFi/m84091_230817_143140_s2.hifi_reads.bc1008.bam']	['s3://human-pangenomics/working/HPRC/HG04157/raw_data/Illumina/child/HG04157.final.cram']	['s3://human-pangenomics/working/HPRC/HG04157/raw_data/nanopore/sup5.0.0_5mCG_5hmCG/12_02_24_R1041_UL_HPRC_HG04157_1_dorado0.9.0_sup5.0.0_5mCG_5hmCG.bam','s3://human-pangenomics/working/HPRC/HG04157/raw_data/nanopore/sup5.0.0_5mCG_5hmCG/12_02_24_R1041_UL_HPRC_HG04157_2_dorado0.9.0_sup5.0.0_5mCG_5hmCG.bam','s3://human-pangenomics/working/HPRC/HG04157/raw_data/nanopore/guppy_6/08_03_21_R941_HG04157_1_Guppy_6.5.7_450bps_modbases_5mc_cg_sup_prom_pass.bam','s3://human-pangenomics/working/HPRC/HG04157/raw_data/nanopore/guppy_6/08_03_21_R941_HG04157_2_Guppy_6.5.7_450bps_modbases_5mc_cg_sup_prom_pass.bam','s3://human-pangenomics/working/HPRC/HG04157/raw_data/nanopore/guppy_6/08_03_21_R941_HG04157_3_Guppy_6.5.7_450bps_modbases_5mc_cg_sup_prom_pass.bam']	[--unitig-abundance 8]
HG04160	['s3://human-pangenomics/working/HPRC/HG04160/raw_data/hic/HG04160-02b-1_S1_L003_R1_001.fastq.gz','s3://human-pangenomics/working/HPRC/HG04160/raw_data/hic/HG04160-02b-1_S1_L003_R2_001.fastq.gz','s3://human-pangenomics/working/HPRC/HG04160/raw_data/hic/HG04160-02b-1_S1_L004_R1_001.fastq.gz','s3://human-pangenomics/working/HPRC/HG04160/raw_data/hic/HG04160-02b-1_S1_L004_R2_001.fastq.gz','s3://human-pangenomics/working/HPRC/HG04160/raw_data/hic/HG04160-02b-1_S1_L002_R1_001.fastq.gz','s3://human-pangenomics/working/HPRC/HG04160/raw_data/hic/HG04160-02b-1_S1_L002_R2_001.fastq.gz','s3://human-pangenomics/working/HPRC/HG04160/raw_data/hic/HG04160-02b-1_S1_L001_R1_001.fastq.gz','s3://human-pangenomics/working/HPRC/HG04160/raw_data/hic/HG04160-02b-1_S1_L001_R2_001.fastq.gz','s3://human-pangenomics/working/HPRC/HG04160/raw_data/hic/HG04160-02b-2_S2_L004_R1_001.fastq.gz','s3://human-pangenomics/working/HPRC/HG04160/raw_data/hic/HG04160-02b-2_S2_L004_R2_001.fastq.gz','s3://human-pangenomics/working/HPRC/HG04160/raw_data/hic/HG04160-02b-2_S2_L003_R1_001.fastq.gz','s3://human-pangenomics/working/HPRC/HG04160/raw_data/hic/HG04160-02b-2_S2_L003_R2_001.fastq.gz','s3://human-pangenomics/working/HPRC/HG04160/raw_data/hic/HG04160-02b-2_S2_L002_R1_001.fastq.gz','s3://human-pangenomics/working/HPRC/HG04160/raw_data/hic/HG04160-02b-2_S2_L002_R2_001.fastq.gz','s3://human-pangenomics/working/HPRC/HG04160/raw_data/hic/HG04160-02b-2_S2_L001_R1_001.fastq.gz','s3://human-pangenomics/working/HPRC/HG04160/raw_data/hic/HG04160-02b-2_S2_L001_R2_001.fastq.gz']	['s3://human-pangenomics/working/HPRC/HG04160/raw_data/PacBio_HiFi/primrose/m54306Ue_210713_140744.5mc.hifi_reads.bam','s3://human-pangenomics/working/HPRC/HG04160/raw_data/PacBio_HiFi/primrose/m54306Ue_210715_000620.5mc.hifi_reads.bam','s3://human-pangenomics/working/HPRC/HG04160/raw_data/PacBio_HiFi/primrose/m64055e_210711_053617.5mc.hifi_reads.bam','s3://human-pangenomics/working/HPRC/HG04160/raw_data/PacBio_HiFi/primrose/m64055e_210715_181933.5mc.hifi_reads.bam','s3://human-pangenomics/working/HPRC/HG04160/raw_data/PacBio_HiFi/m84091_230802_180324_s3.hifi_reads.bc1003.bam']	['s3://human-pangenomics/working/HPRC/HG04160/raw_data/Illumina/child/HG04160.final.cram']	['s3://human-pangenomics/working/HPRC/HG04160/raw_data/nanopore/sup5.0.0_5mCG_5hmCG/11_18_24_R1041_UL_HPRC_HG04160_1_dorado0.9.0_sup5.0.0_5mCG_5hmCG.bam','s3://human-pangenomics/working/HPRC/HG04160/raw_data/nanopore/sup5.0.0_5mCG_5hmCG/11_18_24_R1041_UL_HPRC_HG04160_2_dorado0.9.0_sup5.0.0_5mCG_5hmCG.bam','s3://human-pangenomics/working/HPRC/HG04160/raw_data/nanopore/guppy_6/08_03_21_R941_HG04160_1_Guppy_6.5.7_450bps_modbases_5mc_cg_sup_prom_pass.bam','s3://human-pangenomics/working/HPRC/HG04160/raw_data/nanopore/guppy_6/08_03_21_R941_HG04160_2_Guppy_6.5.7_450bps_modbases_5mc_cg_sup_prom_pass.bam','s3://human-pangenomics/working/HPRC/HG04160/raw_data/nanopore/guppy_6/08_03_21_R941_HG04160_3_Guppy_6.5.7_450bps_modbases_5mc_cg_sup_prom_pass.bam']	[--unitig-abundance 8]
HG04184	['s3://human-pangenomics/working/HPRC/HG04184/raw_data/hic/HG04184-39a-1_S11_L002_R1_001.fastq.gz','s3://human-pangenomics/working/HPRC/HG04184/raw_data/hic/HG04184-39a-1_S11_L002_R2_001.fastq.gz','s3://human-pangenomics/working/HPRC/HG04184/raw_data/hic/HG04184-39a-1_S11_L003_R1_001.fastq.gz','s3://human-pangenomics/working/HPRC/HG04184/raw_data/hic/HG04184-39a-1_S11_L003_R2_001.fastq.gz','s3://human-pangenomics/working/HPRC/HG04184/raw_data/hic/HG04184-39a-2_S12_L002_R1_001.fastq.gz','s3://human-pangenomics/working/HPRC/HG04184/raw_data/hic/HG04184-39a-2_S12_L002_R2_001.fastq.gz','s3://human-pangenomics/working/HPRC/HG04184/raw_data/hic/HG04184-39a-2_S12_L003_R1_001.fastq.gz','s3://human-pangenomics/working/HPRC/HG04184/raw_data/hic/HG04184-39a-2_S12_L003_R2_001.fastq.gz','s3://human-pangenomics/working/HPRC/HG04184/raw_data/hic/HG04184-39a-1_S11_L004_R1_001.fastq.gz','s3://human-pangenomics/working/HPRC/HG04184/raw_data/hic/HG04184-39a-1_S11_L004_R2_001.fastq.gz','s3://human-pangenomics/working/HPRC/HG04184/raw_data/hic/HG04184-39a-1_S11_L001_R1_001.fastq.gz','s3://human-pangenomics/working/HPRC/HG04184/raw_data/hic/HG04184-39a-1_S11_L001_R2_001.fastq.gz','s3://human-pangenomics/working/HPRC/HG04184/raw_data/hic/HG04184-39a-2_S12_L004_R1_001.fastq.gz','s3://human-pangenomics/working/HPRC/HG04184/raw_data/hic/HG04184-39a-2_S12_L004_R2_001.fastq.gz','s3://human-pangenomics/working/HPRC/HG04184/raw_data/hic/HG04184-39a-2_S12_L001_R1_001.fastq.gz','s3://human-pangenomics/working/HPRC/HG04184/raw_data/hic/HG04184-39a-2_S12_L001_R2_001.fastq.gz']	['s3://human-pangenomics/working/HPRC/HG04184/raw_data/PacBio_HiFi/deepconsensus/v1pt2/HG04184.m64076_210701_234028.dc.q20.fastq.gz','s3://human-pangenomics/working/HPRC/HG04184/raw_data/PacBio_HiFi/deepconsensus/v1pt2/HG04184.m64076_210708_084125.dc.q20.fastq.gz','s3://human-pangenomics/working/HPRC/HG04184/raw_data/PacBio_HiFi/deepconsensus/v1pt2/HG04184.m64076_210709_232529.dc.q20.fastq.gz','s3://human-pangenomics/working/HPRC/HG04184/raw_data/PacBio_HiFi/deepconsensus/v1pt2/HG04184.m64076_210712_194121.dc.q20.fastq.gz','s3://human-pangenomics/working/HPRC/HG04184/raw_data/PacBio_HiFi/m84046_230602_213334_s2.hifi_reads.default.bam','s3://human-pangenomics/working/HPRC/HG04184/raw_data/PacBio_HiFi/m84046_230523_001708_s3.hifi_reads.default.bam']	['s3://human-pangenomics/working/HPRC/HG04184/raw_data/Illumina/child/HG04184.final.cram']	['s3://human-pangenomics/working/HPRC/HG04184/raw_data/nanopore/sup5.0.0_5mCG_5hmCG/11_04_24_R1041_UL_HPRC_HG04184_1_dorado0.9.0_sup5.0.0_5mCG_5hmCG.bam','s3://human-pangenomics/working/HPRC/HG04184/raw_data/nanopore/sup5.0.0_5mCG_5hmCG/11_04_24_R1041_UL_HPRC_HG04184_2_dorado0.9.0_sup5.0.0_5mCG_5hmCG.bam','s3://human-pangenomics/working/HPRC/HG04184/raw_data/nanopore/guppy_6/08_25_21_R941_HG04184_1_Guppy_6.5.7_450bps_modbases_5mc_cg_sup_prom_pass.bam','s3://human-pangenomics/working/HPRC/HG04184/raw_data/nanopore/guppy_6/08_25_21_R941_HG04184_2_Guppy_6.5.7_450bps_modbases_5mc_cg_sup_prom_pass.bam','s3://human-pangenomics/working/HPRC/HG04184/raw_data/nanopore/guppy_6/08_25_21_R941_HG04184_3_Guppy_6.5.7_450bps_modbases_5mc_cg_sup_prom_pass.bam']	[--unitig-abundance 8]
HG04187	['s3://human-pangenomics/working/HPRC/HG04187/raw_data/hic/HG04187-04a-1_S3_L004_R1_001.fastq.gz','s3://human-pangenomics/working/HPRC/HG04187/raw_data/hic/HG04187-04a-1_S3_L004_R2_001.fastq.gz','s3://human-pangenomics/working/HPRC/HG04187/raw_data/hic/HG04187-04a-1_S3_L003_R1_001.fastq.gz','s3://human-pangenomics/working/HPRC/HG04187/raw_data/hic/HG04187-04a-1_S3_L003_R2_001.fastq.gz','s3://human-pangenomics/working/HPRC/HG04187/raw_data/hic/HG04187-04a-1_S3_L002_R1_001.fastq.gz','s3://human-pangenomics/working/HPRC/HG04187/raw_data/hic/HG04187-04a-1_S3_L002_R2_001.fastq.gz','s3://human-pangenomics/working/HPRC/HG04187/raw_data/hic/HG04187-04a-1_S3_L001_R1_001.fastq.gz','s3://human-pangenomics/working/HPRC/HG04187/raw_data/hic/HG04187-04a-1_S3_L001_R2_001.fastq.gz','s3://human-pangenomics/working/HPRC/HG04187/raw_data/hic/HG04187-04a-2_S4_L004_R1_001.fastq.gz','s3://human-pangenomics/working/HPRC/HG04187/raw_data/hic/HG04187-04a-2_S4_L004_R2_001.fastq.gz','s3://human-pangenomics/working/HPRC/HG04187/raw_data/hic/HG04187-04a-2_S4_L003_R1_001.fastq.gz','s3://human-pangenomics/working/HPRC/HG04187/raw_data/hic/HG04187-04a-2_S4_L003_R2_001.fastq.gz','s3://human-pangenomics/working/HPRC/HG04187/raw_data/hic/HG04187-04a-2_S4_L002_R1_001.fastq.gz','s3://human-pangenomics/working/HPRC/HG04187/raw_data/hic/HG04187-04a-2_S4_L002_R2_001.fastq.gz','s3://human-pangenomics/working/HPRC/HG04187/raw_data/hic/HG04187-04a-2_S4_L001_R1_001.fastq.gz','s3://human-pangenomics/working/HPRC/HG04187/raw_data/hic/HG04187-04a-2_S4_L001_R2_001.fastq.gz']	['s3://human-pangenomics/working/HPRC/HG04187/raw_data/PacBio_HiFi/deepconsensus/v1pt2/HG04187.m64055_210509_163848.dc.q20.fastq.gz','s3://human-pangenomics/working/HPRC/HG04187/raw_data/PacBio_HiFi/deepconsensus/v1pt2/HG04187.m64055_210511_013535.dc.q20.fastq.gz','s3://human-pangenomics/working/HPRC/HG04187/raw_data/PacBio_HiFi/deepconsensus/v1pt2/HG04187.m64055_210512_103416.dc.q20.fastq.gz','s3://human-pangenomics/working/HPRC/HG04187/raw_data/PacBio_HiFi/deepconsensus/v1pt2/HG04187.m64055_210514_141159.dc.q20.fastq.gz','s3://human-pangenomics/working/HPRC/HG04187/raw_data/PacBio_HiFi/deepconsensus/v1pt2/HG04187.m64055_210609_194302.dc.q20.fastq.gz','s3://human-pangenomics/working/HPRC/HG04187/raw_data/PacBio_HiFi/deepconsensus/v1pt2/HG04187.m64055_210611_031318.dc.q20.fastq.gz','s3://human-pangenomics/working/HPRC/HG04187/raw_data/PacBio_HiFi/m84091_230802_173218_s2.hifi_reads.bc1001.bam']	['s3://human-pangenomics/working/HPRC/HG04187/raw_data/Illumina/child/HG04187.final.cram']	['s3://human-pangenomics/working/HPRC/HG04187/raw_data/nanopore/sup5.0.0_5mCG_5hmCG/12_02_24_R1041_UL_HPRC_HG04187_1_dorado0.9.0_sup5.0.0_5mCG_5hmCG.bam','s3://human-pangenomics/working/HPRC/HG04187/raw_data/nanopore/sup5.0.0_5mCG_5hmCG/12_02_24_R1041_UL_HPRC_HG04187_2_dorado0.9.0_sup5.0.0_5mCG_5hmCG.bam','s3://human-pangenomics/working/HPRC/HG04187/raw_data/nanopore/guppy_6/08_10_21_R941_HG04187_1_Guppy_6.5.7_450bps_modbases_5mc_cg_sup_prom_pass.bam','s3://human-pangenomics/working/HPRC/HG04187/raw_data/nanopore/guppy_6/08_10_21_R941_HG04187_2_Guppy_6.5.7_450bps_modbases_5mc_cg_sup_prom_pass.bam','s3://human-pangenomics/working/HPRC/HG04187/raw_data/nanopore/guppy_6/08_10_21_R941_HG04187_3_Guppy_6.5.7_450bps_modbases_5mc_cg_sup_prom_pass.bam','s3://human-pangenomics/working/HPRC/HG04187/raw_data/nanopore/guppy_6/08_10_21_R941_HG04187_4_Guppy_6.5.7_450bps_modbases_5mc_cg_sup_prom_pass.bam']	[--unitig-abundance 8]
HG04199	['s3://human-pangenomics/working/HPRC/HG04199/raw_data/hic/HG04199-20b-2_S18_L004_R2_001.fastq.gz','s3://human-pangenomics/working/HPRC/HG04199/raw_data/hic/HG04199-20b-2_S18_L004_R1_001.fastq.gz','s3://human-pangenomics/working/HPRC/HG04199/raw_data/hic/HG04199-20b-2_S18_L002_R1_001.fastq.gz','s3://human-pangenomics/working/HPRC/HG04199/raw_data/hic/HG04199-20b-2_S18_L002_R2_001.fastq.gz','s3://human-pangenomics/working/HPRC/HG04199/raw_data/hic/HG04199-20b-2_S18_L003_R2_001.fastq.gz','s3://human-pangenomics/working/HPRC/HG04199/raw_data/hic/HG04199-20b-2_S18_L003_R1_001.fastq.gz','s3://human-pangenomics/working/HPRC/HG04199/raw_data/hic/HG04199-20b-2_S18_L001_R2_001.fastq.gz','s3://human-pangenomics/working/HPRC/HG04199/raw_data/hic/HG04199-20b-2_S18_L001_R1_001.fastq.gz','s3://human-pangenomics/working/HPRC/HG04199/raw_data/hic/HG04199-20b-1_S17_L004_R1_001.fastq.gz','s3://human-pangenomics/working/HPRC/HG04199/raw_data/hic/HG04199-20b-1_S17_L004_R2_001.fastq.gz','s3://human-pangenomics/working/HPRC/HG04199/raw_data/hic/HG04199-20b-1_S17_L002_R1_001.fastq.gz','s3://human-pangenomics/working/HPRC/HG04199/raw_data/hic/HG04199-20b-1_S17_L002_R2_001.fastq.gz','s3://human-pangenomics/working/HPRC/HG04199/raw_data/hic/HG04199-20b-1_S17_L003_R1_001.fastq.gz','s3://human-pangenomics/working/HPRC/HG04199/raw_data/hic/HG04199-20b-1_S17_L003_R2_001.fastq.gz','s3://human-pangenomics/working/HPRC/HG04199/raw_data/hic/HG04199-20b-1_S17_L001_R1_001.fastq.gz','s3://human-pangenomics/working/HPRC/HG04199/raw_data/hic/HG04199-20b-1_S17_L001_R2_001.fastq.gz']	['s3://human-pangenomics/working/HPRC/HG04199/raw_data/PacBio_HiFi/deepconsensus/v1pt2/HG04199.m54329U_210614_155303.dc.q20.fastq.gz','s3://human-pangenomics/working/HPRC/HG04199/raw_data/PacBio_HiFi/deepconsensus/v1pt2/HG04199.m54329U_210620_071842.dc.q20.fastq.gz','s3://human-pangenomics/working/HPRC/HG04199/raw_data/PacBio_HiFi/deepconsensus/v1pt2/HG04199.m54329U_210621_233920.dc.q20.fastq.gz','s3://human-pangenomics/working/HPRC/HG04199/raw_data/PacBio_HiFi/deepconsensus/v1pt2/HG04199.m64076_210613_183806.dc.q20.fastq.gz','s3://human-pangenomics/working/HPRC/HG04199/raw_data/PacBio_HiFi/m84046_230703_225306_s4.hifi_reads.default.bam']	['s3://human-pangenomics/working/HPRC/HG04199/raw_data/Illumina/child/HG04199.final.cram']	['s3://human-pangenomics/working/HPRC/HG04199/raw_data/nanopore/sup5.0.0_5mCG_5hmCG/12_02_24_R1041_UL_HPRC_HG04199_1_dorado0.9.0_sup5.0.0_5mCG_5hmCG.bam','s3://human-pangenomics/working/HPRC/HG04199/raw_data/nanopore/sup5.0.0_5mCG_5hmCG/12_02_24_R1041_UL_HPRC_HG04199_2_dorado0.9.0_sup5.0.0_5mCG_5hmCG.bam','s3://human-pangenomics/working/HPRC/HG04199/raw_data/nanopore/guppy_6/08_10_21_R941_HG04199_1_Guppy_6.5.7_450bps_modbases_5mc_cg_sup_prom_pass.bam','s3://human-pangenomics/working/HPRC/HG04199/raw_data/nanopore/guppy_6/08_10_21_R941_HG04199_2_Guppy_6.5.7_450bps_modbases_5mc_cg_sup_prom_pass.bam','s3://human-pangenomics/working/HPRC/HG04199/raw_data/nanopore/guppy_6/08_10_21_R941_HG04199_3_Guppy_6.5.7_450bps_modbases_5mc_cg_sup_prom_pass.bam']	[--unitig-abundance 8]
HG04204	['s3://human-pangenomics/working/HPRC/HG04204/raw_data/hic/HG04204-14ab-1_S9_L004_R1_001.fastq.gz','s3://human-pangenomics/working/HPRC/HG04204/raw_data/hic/HG04204-14ab-1_S9_L004_R2_001.fastq.gz','s3://human-pangenomics/working/HPRC/HG04204/raw_data/hic/HG04204-14ab-1_S9_L002_R1_001.fastq.gz','s3://human-pangenomics/working/HPRC/HG04204/raw_data/hic/HG04204-14ab-1_S9_L002_R2_001.fastq.gz','s3://human-pangenomics/working/HPRC/HG04204/raw_data/hic/HG04204-14ab-1_S9_L001_R1_001.fastq.gz','s3://human-pangenomics/working/HPRC/HG04204/raw_data/hic/HG04204-14ab-1_S9_L001_R2_001.fastq.gz','s3://human-pangenomics/working/HPRC/HG04204/raw_data/hic/HG04204-14ab-1_S9_L003_R1_001.fastq.gz','s3://human-pangenomics/working/HPRC/HG04204/raw_data/hic/HG04204-14ab-1_S9_L003_R2_001.fastq.gz','s3://human-pangenomics/working/HPRC/HG04204/raw_data/hic/HG04204-14ab-2_S10_L004_R1_001.fastq.gz','s3://human-pangenomics/working/HPRC/HG04204/raw_data/hic/HG04204-14ab-2_S10_L004_R2_001.fastq.gz','s3://human-pangenomics/working/HPRC/HG04204/raw_data/hic/HG04204-14ab-2_S10_L002_R1_001.fastq.gz','s3://human-pangenomics/working/HPRC/HG04204/raw_data/hic/HG04204-14ab-2_S10_L002_R2_001.fastq.gz','s3://human-pangenomics/working/HPRC/HG04204/raw_data/hic/HG04204-14ab-2_S10_L001_R1_001.fastq.gz','s3://human-pangenomics/working/HPRC/HG04204/raw_data/hic/HG04204-14ab-2_S10_L001_R2_001.fastq.gz','s3://human-pangenomics/working/HPRC/HG04204/raw_data/hic/HG04204-14ab-2_S10_L003_R1_001.fastq.gz','s3://human-pangenomics/working/HPRC/HG04204/raw_data/hic/HG04204-14ab-2_S10_L003_R2_001.fastq.gz']	['s3://human-pangenomics/working/HPRC/HG04204/raw_data/PacBio_HiFi/deepconsensus/v1pt2/HG04204.m54329U_210507_224951.dc.q20.fastq.gz','s3://human-pangenomics/working/HPRC/HG04204/raw_data/PacBio_HiFi/deepconsensus/v1pt2/HG04204.m54329U_210514_222517.dc.q20.fastq.gz','s3://human-pangenomics/working/HPRC/HG04204/raw_data/PacBio_HiFi/deepconsensus/v1pt2/HG04204.m54329U_210517_210109.dc.q20.fastq.gz','s3://human-pangenomics/working/HPRC/HG04204/raw_data/PacBio_HiFi/deepconsensus/v1pt2/HG04204.m54329U_210519_065152.dc.q20.fastq.gz','s3://human-pangenomics/working/HPRC/HG04204/raw_data/PacBio_HiFi/m54329U_210520_213459-bc1003_BAK8A_OA.hifi_reads.bam','s3://human-pangenomics/working/HPRC/HG04204/raw_data/PacBio_HiFi/m84046_230623_213746_s2.hifi_reads.bc1003.bam']	['s3://human-pangenomics/working/HPRC/HG04204/raw_data/Illumina/child/HG04204.final.cram']	['s3://human-pangenomics/working/HPRC/HG04204/raw_data/nanopore/sup5.0.0_5mCG_5hmCG/12_02_24_R1041_UL_HPRC_HG04204_1_dorado0.9.0_sup5.0.0_5mCG_5hmCG.bam','s3://human-pangenomics/working/HPRC/HG04204/raw_data/nanopore/sup5.0.0_5mCG_5hmCG/12_02_24_R1041_UL_HPRC_HG04204_2_dorado0.9.0_sup5.0.0_5mCG_5hmCG.bam','s3://human-pangenomics/working/HPRC/HG04204/raw_data/nanopore/sup5.0.0_5mCG_5hmCG/12_09_24_R1041_UL_HPRC_HG04204_1_dorado0.9.0_sup5.0.0_5mCG_5hmCG.bam','s3://human-pangenomics/working/HPRC/HG04204/raw_data/nanopore/sup5.0.0_5mCG_5hmCG/12_09_24_R1041_UL_HPRC_HG04204_2_dorado0.9.0_sup5.0.0_5mCG_5hmCG.bam','s3://human-pangenomics/working/HPRC/HG04204/raw_data/nanopore/guppy_6/08_10_21_R941_HG04204_1_Guppy_6.5.7_450bps_modbases_5mc_cg_sup_prom_pass.bam','s3://human-pangenomics/working/HPRC/HG04204/raw_data/nanopore/guppy_6/08_10_21_R941_HG04204_2_Guppy_6.5.7_450bps_modbases_5mc_cg_sup_prom_pass.bam','s3://human-pangenomics/working/HPRC/HG04204/raw_data/nanopore/guppy_6/08_10_21_R941_HG04204_3_Guppy_6.5.7_450bps_modbases_5mc_cg_sup_prom_pass.bam']	[--unitig-abundance 8]
HG04216	['s3://human-pangenomics/working/HPRC/HG04216/raw_data/hic/HG04216-1_FC1_S41_L004_R1_001.fastq.gz','s3://human-pangenomics/working/HPRC/HG04216/raw_data/hic/HG04216-1_FC1_S41_L004_R2_001.fastq.gz','s3://human-pangenomics/working/HPRC/HG04216/raw_data/hic/HG04216-1_FC2_S41_L004_R1_001.fastq.gz','s3://human-pangenomics/working/HPRC/HG04216/raw_data/hic/HG04216-1_FC2_S41_L004_R2_001.fastq.gz','s3://human-pangenomics/working/HPRC/HG04216/raw_data/hic/HG04216-2_FC1_S42_L004_R1_001.fastq.gz','s3://human-pangenomics/working/HPRC/HG04216/raw_data/hic/HG04216-2_FC1_S42_L004_R2_001.fastq.gz','s3://human-pangenomics/working/HPRC/HG04216/raw_data/hic/HG04216-2_FC2_S42_L004_R1_001.fastq.gz','s3://human-pangenomics/working/HPRC/HG04216/raw_data/hic/HG04216-2_FC2_S42_L004_R2_001.fastq.gz']	['s3://human-pangenomics/working/HPRC/HG04216/raw_data/PacBio_HiFi/m84091_240606_202606_s1.hifi_reads.bc1012.bam','s3://human-pangenomics/working/HPRC/HG04216/raw_data/PacBio_HiFi/m84091_240503_200752_s1.hifi_reads.bc1012.bam','s3://human-pangenomics/working/HPRC/HG04216/raw_data/PacBio_HiFi/m84203_240506_190542_s4.hifi_reads.bc1012.bam']	['s3://human-pangenomics/working/HPRC/HG04216/raw_data/Illumina/child/HG04216.final.fq.gz']	['s3://human-pangenomics/working/HPRC/HG04216/raw_data/nanopore/sup5.0.0/10_07_24_R1041_UL_HPRC_HG04216_1_dorado0.9.1_sup5.0.0.bam','s3://human-pangenomics/working/HPRC/HG04216/raw_data/nanopore/sup5.0.0/10_07_24_R1041_UL_HPRC_HG04216_2_dorado0.9.1_sup5.0.0.bam','s3://human-pangenomics/working/HPRC/HG04216/raw_data/nanopore/sup5.0.0/10_07_24_R1041_UL_HPRC_HG04216_3_dorado0.9.1_sup5.0.0.bam']	[--unitig-abundance 8]
HG04225	['s3://human-pangenomics/working/HPRC/HG04225/raw_data/hic/HG04225-1_FC1_S23_L002_R2_001.fastq.gz','s3://human-pangenomics/working/HPRC/HG04225/raw_data/hic/HG04225-1_FC2_S23_L002_R2_001.fastq.gz','s3://human-pangenomics/working/HPRC/HG04225/raw_data/hic/HG04225-1_FC2_S23_L002_R1_001.fastq.gz','s3://human-pangenomics/working/HPRC/HG04225/raw_data/hic/HG04225-1_FC1_S23_L002_R1_001.fastq.gz','s3://human-pangenomics/working/HPRC/HG04225/raw_data/hic/HG04225-2_FC1_S24_L002_R2_001.fastq.gz','s3://human-pangenomics/working/HPRC/HG04225/raw_data/hic/HG04225-2_FC1_S24_L002_R1_001.fastq.gz','s3://human-pangenomics/working/HPRC/HG04225/raw_data/hic/HG04225-2_FC2_S24_L002_R2_001.fastq.gz','s3://human-pangenomics/working/HPRC/HG04225/raw_data/hic/HG04225-2_FC2_S24_L002_R1_001.fastq.gz']	['s3://human-pangenomics/working/HPRC/HG04225/raw_data/PacBio_HiFi/m84046_230901_223052_s3.hifi_reads.bc2036.bam','s3://human-pangenomics/working/HPRC/HG04225/raw_data/PacBio_HiFi/m84046_230906_215022_s3.hifi_reads.bc2036.bam','s3://human-pangenomics/working/HPRC/HG04225/raw_data/PacBio_HiFi/m84046_230906_222128_s4.hifi_reads.bc2036.bam','s3://human-pangenomics/working/HPRC/HG04225/raw_data/PacBio_HiFi/m84046_230901_230230_s4.hifi_reads.bc2036.bam']	['s3://human-pangenomics/working/HPRC/HG04225/raw_data/Illumina/child/HG04225.final.fq.gz']	['s3://human-pangenomics/working/HPRC/HG04225/raw_data/nanopore/sup5.0.0_5mCG_5hmCG/10_10_23_R1041_HPRC_HG04225_1_dorado0.9.5_sup5.0.0_5mCG_5hmCG.bam','s3://human-pangenomics/working/HPRC/HG04225/raw_data/nanopore/sup5.0.0_5mCG_5hmCG/10_10_23_R1041_HPRC_HG04225_2_dorado0.9.5_sup5.0.0_5mCG_5hmCG.bam','s3://human-pangenomics/working/HPRC/HG04225/raw_data/nanopore/sup5.0.0_5mCG_5hmCG/10_10_23_R1041_HPRC_HG04225_3_dorado0.9.5_sup5.0.0_5mCG_5hmCG.bam']	[--unitig-abundance 8]
HG04228	['s3://human-pangenomics/working/HPRC/HG04228/raw_data/hic/HG04228-12e-1_S11_L004_R1_001.fastq.gz','s3://human-pangenomics/working/HPRC/HG04228/raw_data/hic/HG04228-12e-1_S11_L004_R2_001.fastq.gz','s3://human-pangenomics/working/HPRC/HG04228/raw_data/hic/HG04228-22e-2_S12_L004_R1_001.fastq.gz','s3://human-pangenomics/working/HPRC/HG04228/raw_data/hic/HG04228-22e-2_S12_L004_R2_001.fastq.gz','s3://human-pangenomics/working/HPRC/HG04228/raw_data/hic/HG04228-12e-1_S11_L001_R1_001.fastq.gz','s3://human-pangenomics/working/HPRC/HG04228/raw_data/hic/HG04228-12e-1_S11_L001_R2_001.fastq.gz','s3://human-pangenomics/working/HPRC/HG04228/raw_data/hic/HG04228-12e-1_S11_L002_R1_001.fastq.gz','s3://human-pangenomics/working/HPRC/HG04228/raw_data/hic/HG04228-12e-1_S11_L002_R2_001.fastq.gz','s3://human-pangenomics/working/HPRC/HG04228/raw_data/hic/HG04228-12e-1_S11_L003_R1_001.fastq.gz','s3://human-pangenomics/working/HPRC/HG04228/raw_data/hic/HG04228-12e-1_S11_L003_R2_001.fastq.gz','s3://human-pangenomics/working/HPRC/HG04228/raw_data/hic/HG04228-22e-2_S12_L002_R1_001.fastq.gz','s3://human-pangenomics/working/HPRC/HG04228/raw_data/hic/HG04228-22e-2_S12_L002_R2_001.fastq.gz','s3://human-pangenomics/working/HPRC/HG04228/raw_data/hic/HG04228-22e-2_S12_L001_R1_001.fastq.gz','s3://human-pangenomics/working/HPRC/HG04228/raw_data/hic/HG04228-22e-2_S12_L001_R2_001.fastq.gz','s3://human-pangenomics/working/HPRC/HG04228/raw_data/hic/HG04228-22e-2_S12_L003_R1_001.fastq.gz','s3://human-pangenomics/working/HPRC/HG04228/raw_data/hic/HG04228-22e-2_S12_L003_R2_001.fastq.gz']	['s3://human-pangenomics/working/HPRC/HG04228/raw_data/PacBio_HiFi/deepconsensus/v1pt2/HG04228.m54329U_210507_224951.dc.q20.fastq.gz','s3://human-pangenomics/working/HPRC/HG04228/raw_data/PacBio_HiFi/deepconsensus/v1pt2/HG04228.m54329U_210725_100455.dc.q20.fastq.gz','s3://human-pangenomics/working/HPRC/HG04228/raw_data/PacBio_HiFi/deepconsensus/v1pt2/HG04228.m64076_210617_050849.dc.q20.fastq.gz','s3://human-pangenomics/working/HPRC/HG04228/raw_data/PacBio_HiFi/deepconsensus/v1pt2/HG04228.m64076_210618_160639.dc.q20.fastq.gz','s3://human-pangenomics/working/HPRC/HG04228/raw_data/PacBio_HiFi/deepconsensus/v1pt2/HG04228.m64076_210620_030428.dc.q20.fastq.gz','s3://human-pangenomics/working/HPRC/HG04228/raw_data/PacBio_HiFi/m84046_230617_033126_s1.hifi_reads.default.bam']	['s3://human-pangenomics/working/HPRC/HG04228/raw_data/Illumina/child/HG04228.final.cram']	['s3://human-pangenomics/working/HPRC/HG04228/raw_data/nanopore/sup5.0.0_5mCG_5hmCG/11_12_24_R1041_UL_HPRC_HG04228_1_dorado0.9.0_sup5.0.0_5mCG_5hmCG.bam','s3://human-pangenomics/working/HPRC/HG04228/raw_data/nanopore/sup5.0.0_5mCG_5hmCG/11_12_24_R1041_UL_HPRC_HG04228_2_dorado0.9.0_sup5.0.0_5mCG_5hmCG.bam','s3://human-pangenomics/working/HPRC/HG04228/raw_data/nanopore/guppy_6/08_10_21_R941_HG04228_1_Guppy_6.5.7_450bps_modbases_5mc_cg_sup_prom_pass.bam','s3://human-pangenomics/working/HPRC/HG04228/raw_data/nanopore/guppy_6/08_10_21_R941_HG04228_2_Guppy_6.5.7_450bps_modbases_5mc_cg_sup_prom_pass.bam','s3://human-pangenomics/working/HPRC/HG04228/raw_data/nanopore/guppy_6/08_10_21_R941_HG04228_3_Guppy_6.5.7_450bps_modbases_5mc_cg_sup_prom_pass.bam']	[--unitig-abundance 8]
NA18488	['s3://human-pangenomics/working/HPRC/NA18488/raw_data/hic/NA18488-1_FC1_S31_L003_R1_001.fastq.gz','s3://human-pangenomics/working/HPRC/NA18488/raw_data/hic/NA18488-1_FC1_S31_L003_R2_001.fastq.gz','s3://human-pangenomics/working/HPRC/NA18488/raw_data/hic/NA18488-1_FC2_S31_L003_R1_001.fastq.gz','s3://human-pangenomics/working/HPRC/NA18488/raw_data/hic/NA18488-1_FC2_S31_L003_R2_001.fastq.gz','s3://human-pangenomics/working/HPRC/NA18488/raw_data/hic/NA18488-2_FC1_S32_L003_R1_001.fastq.gz','s3://human-pangenomics/working/HPRC/NA18488/raw_data/hic/NA18488-2_FC1_S32_L003_R2_001.fastq.gz','s3://human-pangenomics/working/HPRC/NA18488/raw_data/hic/NA18488-2_FC2_S32_L003_R1_001.fastq.gz','s3://human-pangenomics/working/HPRC/NA18488/raw_data/hic/NA18488-2_FC2_S32_L003_R2_001.fastq.gz']	['s3://human-pangenomics/working/HPRC/NA18488/raw_data/PacBio_HiFi/m84046_240420_045217_s2.hifi_reads.bc2088.bam','s3://human-pangenomics/working/HPRC/NA18488/raw_data/PacBio_HiFi/m84046_240426_002652_s3.hifi_reads.bc2088.bam','s3://human-pangenomics/working/HPRC/NA18488/raw_data/PacBio_HiFi/m84046_240504_052403_s4.hifi_reads.bc2088.bam','s3://human-pangenomics/working/HPRC/NA18488/raw_data/PacBio_HiFi/m84046_240426_042530_s1.hifi_reads.bc2088.bam']	['s3://human-pangenomics/working/HPRC/NA18488/raw_data/Illumina/child/NA18488.final.fq.gz']	['s3://human-pangenomics/working/HPRC/NA18488/raw_data/nanopore/sup5.0.0_5mCG_5hmCG/04_30_24_R1041_UL_HPRC_NA18488_1_dorado0.9.1_sup5.0.0_5mCG_5hmCG.bam','s3://human-pangenomics/working/HPRC/NA18488/raw_data/nanopore/sup5.0.0_5mCG_5hmCG/04_30_24_R1041_UL_HPRC_NA18488_2_dorado0.9.1_sup5.0.0_5mCG_5hmCG.bam','s3://human-pangenomics/working/HPRC/NA18488/raw_data/nanopore/sup5.0.0_5mCG_5hmCG/04_30_24_R1041_UL_HPRC_NA18488_3_dorado0.9.1_sup5.0.0_5mCG_5hmCG.bam','s3://human-pangenomics/working/HPRC/NA18488/raw_data/nanopore/sup5.0.0_5mCG_5hmCG/04_30_24_R1041_UL_HPRC_NA18488_4_dorado0.9.1_sup5.0.0_5mCG_5hmCG.bam']	[--unitig-abundance 8]
NA18505	['s3://human-pangenomics/working/HPRC/NA18505/raw_data/hic/NA18505-2_FC2_S14_L004_R1_001.fastq.gz','s3://human-pangenomics/working/HPRC/NA18505/raw_data/hic/NA18505-2_FC2_S14_L004_R2_001.fastq.gz','s3://human-pangenomics/working/HPRC/NA18505/raw_data/hic/NA18505-2_FC1_S14_L004_R1_001.fastq.gz','s3://human-pangenomics/working/HPRC/NA18505/raw_data/hic/NA18505-2_FC1_S14_L004_R2_001.fastq.gz','s3://human-pangenomics/working/HPRC/NA18505/raw_data/hic/NA18505-1_FC2_S13_L004_R1_001.fastq.gz','s3://human-pangenomics/working/HPRC/NA18505/raw_data/hic/NA18505-1_FC2_S13_L004_R2_001.fastq.gz','s3://human-pangenomics/working/HPRC/NA18505/raw_data/hic/NA18505-1_FC1_S13_L004_R1_001.fastq.gz','s3://human-pangenomics/working/HPRC/NA18505/raw_data/hic/NA18505-1_FC1_S13_L004_R2_001.fastq.gz']	['s3://human-pangenomics/working/HPRC/NA18505/raw_data/PacBio_HiFi/m84091_230724_152950_s1.hifi_reads.bc1021.bam','s3://human-pangenomics/working/HPRC/NA18505/raw_data/PacBio_HiFi/m84091_230721_152112_s4.hifi_reads.bc1021.bam','s3://human-pangenomics/working/HPRC/NA18505/raw_data/PacBio_HiFi/m84091_230718_154039_s1.hifi_reads.bc1021.bam']	['s3://human-pangenomics/working/HPRC/NA18505/raw_data/Illumina/child/NA18505.final.cram']	['s3://human-pangenomics/working/HPRC/NA18505/raw_data/nanopore/sup5.0.0_5mCG_5hmCG/10_24_23_R1041_HPRC_NA18505_1_dorado0.9.5_sup5.0.0_5mCG_5hmCG.bam','s3://human-pangenomics/working/HPRC/NA18505/raw_data/nanopore/sup5.0.0_5mCG_5hmCG/10_24_23_R1041_HPRC_NA18505_2_dorado0.9.5_sup5.0.0_5mCG_5hmCG.bam','s3://human-pangenomics/working/HPRC/NA18505/raw_data/nanopore/sup5.0.0_5mCG_5hmCG/10_24_23_R1041_HPRC_NA18505_3_dorado0.9.5_sup5.0.0_5mCG_5hmCG.bam','s3://human-pangenomics/working/HPRC/NA18505/raw_data/nanopore/sup5.0.0_5mCG_5hmCG/10_24_23_R1041_HPRC_NA18505_4_dorado0.9.5_sup5.0.0_5mCG_5hmCG.bam']	[--unitig-abundance 8]
NA18508	['s3://human-pangenomics/working/HPRC/NA18508/raw_data/hic/NA18508-2_FC2_S8_L002_R1_001.fastq.gz','s3://human-pangenomics/working/HPRC/NA18508/raw_data/hic/NA18508-2_FC2_S8_L002_R2_001.fastq.gz','s3://human-pangenomics/working/HPRC/NA18508/raw_data/hic/NA18508-2_FC1_S8_L002_R1_001.fastq.gz','s3://human-pangenomics/working/HPRC/NA18508/raw_data/hic/NA18508-2_FC1_S8_L002_R2_001.fastq.gz','s3://human-pangenomics/working/HPRC/NA18508/raw_data/hic/NA18508-1_FC2_S7_L002_R1_001.fastq.gz','s3://human-pangenomics/working/HPRC/NA18508/raw_data/hic/NA18508-1_FC2_S7_L002_R2_001.fastq.gz','s3://human-pangenomics/working/HPRC/NA18508/raw_data/hic/NA18508-1_FC1_S7_L002_R1_001.fastq.gz','s3://human-pangenomics/working/HPRC/NA18508/raw_data/hic/NA18508-1_FC1_S7_L002_R2_001.fastq.gz']	['s3://human-pangenomics/working/HPRC/NA18508/raw_data/PacBio_HiFi/m84046_230516_205603_s2.hifi_reads.bc2001.bam','s3://human-pangenomics/working/HPRC/NA18508/raw_data/PacBio_HiFi/m84046_230513_215634_s1.hifi_reads.bc2001.bam','s3://human-pangenomics/working/HPRC/NA18508/raw_data/PacBio_HiFi/m84046_230516_212709_s3.hifi_reads.bc2001.bam']	['s3://human-pangenomics/working/HPRC/NA18508/raw_data/Illumina/child/NA18508.final.cram']	['s3://human-pangenomics/working/HPRC/NA18508/raw_data/nanopore/sup5.0.0_5mCG_5hmCG/09_12_23_R1041_HPRC_NA18508_1_dorado0.9.5_sup5.0.0_5mCG_5hmCG.bam','s3://human-pangenomics/working/HPRC/NA18508/raw_data/nanopore/sup5.0.0_5mCG_5hmCG/09_12_23_R1041_HPRC_NA18508_2_dorado0.9.5_sup5.0.0_5mCG_5hmCG.bam','s3://human-pangenomics/working/HPRC/NA18508/raw_data/nanopore/sup5.0.0_5mCG_5hmCG/09_12_23_R1041_HPRC_NA18508_3_dorado0.9.5_sup5.0.0_5mCG_5hmCG.bam']	[--unitig-abundance 8]
NA18511	['s3://human-pangenomics/working/HPRC/NA18511/raw_data/hic/NA18511-2_FC1_S42_L004_R2_001.fastq.gz','s3://human-pangenomics/working/HPRC/NA18511/raw_data/hic/NA18511-2_FC2_S42_L004_R2_001.fastq.gz','s3://human-pangenomics/working/HPRC/NA18511/raw_data/hic/NA18511-1_FC2_S41_L004_R2_001.fastq.gz','s3://human-pangenomics/working/HPRC/NA18511/raw_data/hic/NA18511-1_FC1_S41_L004_R2_001.fastq.gz','s3://human-pangenomics/working/HPRC/NA18511/raw_data/hic/NA18511-2_FC1_S42_L004_R1_001.fastq.gz','s3://human-pangenomics/working/HPRC/NA18511/raw_data/hic/NA18511-2_FC2_S42_L004_R1_001.fastq.gz','s3://human-pangenomics/working/HPRC/NA18511/raw_data/hic/NA18511-1_FC2_S41_L004_R1_001.fastq.gz','s3://human-pangenomics/working/HPRC/NA18511/raw_data/hic/NA18511-1_FC1_S41_L004_R1_001.fastq.gz']	['s3://human-pangenomics/working/HPRC/NA18511/raw_data/PacBio_HiFi/m84091_240515_215434_s4.hifi_reads.bc1009.bam','s3://human-pangenomics/working/HPRC/NA18511/raw_data/PacBio_HiFi/m84203_240524_201941_s1.hifi_reads.bc1009.bam','s3://human-pangenomics/working/HPRC/NA18511/raw_data/PacBio_HiFi/m84203_240520_164022_s3.hifi_reads.bc1009.bam']	['s3://human-pangenomics/working/HPRC/NA18511/raw_data/Illumina/child/NA18511.final.fq.gz']	['s3://human-pangenomics/working/HPRC/NA18511/raw_data/nanopore/sup5.0.0/10_21_24_R1041_UL_HPRC_NA18511_1_dorado0.9.1_sup5.0.0.bam','s3://human-pangenomics/working/HPRC/NA18511/raw_data/nanopore/sup5.0.0/10_21_24_R1041_UL_HPRC_NA18511_2_dorado0.9.1_sup5.0.0.bam']	[--unitig-abundance 8]
NA18522	['s3://human-pangenomics/working/HPRC/NA18522/raw_data/hic/NA18522-1_S8_L003_R1_001.fastq.gz','s3://human-pangenomics/working/HPRC/NA18522/raw_data/hic/NA18522-1_S8_L003_R2_001.fastq.gz','s3://human-pangenomics/working/HPRC/NA18522/raw_data/hic/NA18522-1_S8_L004_R1_001.fastq.gz','s3://human-pangenomics/working/HPRC/NA18522/raw_data/hic/NA18522-1_S8_L004_R2_001.fastq.gz','s3://human-pangenomics/working/HPRC/NA18522/raw_data/hic/NA18522-1_S8_L001_R1_001.fastq.gz','s3://human-pangenomics/working/HPRC/NA18522/raw_data/hic/NA18522-1_S8_L001_R2_001.fastq.gz','s3://human-pangenomics/working/HPRC/NA18522/raw_data/hic/NA18522-1_S8_L002_R1_001.fastq.gz','s3://human-pangenomics/working/HPRC/NA18522/raw_data/hic/NA18522-1_S8_L002_R2_001.fastq.gz','s3://human-pangenomics/working/HPRC/NA18522/raw_data/hic/NA18522-2_S16_L003_R2_001.fastq.gz','s3://human-pangenomics/working/HPRC/NA18522/raw_data/hic/NA18522-2_S16_L003_R1_001.fastq.gz','s3://human-pangenomics/working/HPRC/NA18522/raw_data/hic/NA18522-2_S16_L004_R1_001.fastq.gz','s3://human-pangenomics/working/HPRC/NA18522/raw_data/hic/NA18522-2_S16_L004_R2_001.fastq.gz','s3://human-pangenomics/working/HPRC/NA18522/raw_data/hic/NA18522-2_S16_L001_R1_001.fastq.gz','s3://human-pangenomics/working/HPRC/NA18522/raw_data/hic/NA18522-2_S16_L001_R2_001.fastq.gz','s3://human-pangenomics/working/HPRC/NA18522/raw_data/hic/NA18522-2_S16_L002_R1_001.fastq.gz','s3://human-pangenomics/working/HPRC/NA18522/raw_data/hic/NA18522-2_S16_L002_R2_001.fastq.gz']	['s3://human-pangenomics/working/HPRC/NA18522/raw_data/PacBio_HiFi/deepconsensus/v1pt2/NA18522.m54329U_220604_002013.dc.q20.fastq.gz','s3://human-pangenomics/working/HPRC/NA18522/raw_data/PacBio_HiFi/deepconsensus/v1pt2/NA18522.m54329U_220605_194957.dc.q20.fastq.gz','s3://human-pangenomics/working/HPRC/NA18522/raw_data/PacBio_HiFi/deepconsensus/v1pt2/NA18522.m54329U_220607_194753.dc.q20.fastq.gz','s3://human-pangenomics/working/HPRC/NA18522/raw_data/PacBio_HiFi/m84046_230531_214232_s2.hifi_reads.bc2021.bam','s3://human-pangenomics/working/HPRC/NA18522/raw_data/PacBio_HiFi/m84046_230603_204152_s4.hifi_reads.bc2021.bam']	['s3://human-pangenomics/working/HPRC/NA18522/raw_data/Illumina/child/NA18522.final.cram']	['s3://human-pangenomics/working/HPRC/NA18522/raw_data/nanopore/sup5.0.0_5mCG_5hmCG/11_18_24_R1041_UL_HPRC_NA18522_1_dorado0.9.1_sup5.0.0_5mCG_5hmCG.bam','s3://human-pangenomics/working/HPRC/NA18522/raw_data/nanopore/sup5.0.0_5mCG_5hmCG/11_18_24_R1041_UL_HPRC_NA18522_2_dorado0.9.1_sup5.0.0_5mCG_5hmCG.bam','s3://human-pangenomics/working/HPRC/NA18522/raw_data/nanopore/guppy_6/05_17_22_R941_GM18522_1_Guppy_6.5.7_450bps_modbases_5mc_cg_sup_prom_pass.bam','s3://human-pangenomics/working/HPRC/NA18522/raw_data/nanopore/guppy_6/05_17_22_R941_GM18522_2_Guppy_6.5.7_450bps_modbases_5mc_cg_sup_prom_pass.bam','s3://human-pangenomics/working/HPRC/NA18522/raw_data/nanopore/guppy_6/05_17_22_R941_GM18522_3_Guppy_6.5.7_450bps_modbases_5mc_cg_sup_prom_pass.bam']	[--unitig-abundance 8]
NA18538	['s3://human-pangenomics/working/HPRC/NA18538/raw_data/hic/NA18538-1_FC1_S39_L004_R2_001.fastq.gz','s3://human-pangenomics/working/HPRC/NA18538/raw_data/hic/NA18538-1_FC1_S39_L004_R1_001.fastq.gz','s3://human-pangenomics/working/HPRC/NA18538/raw_data/hic/NA18538-1_FC2_S39_L004_R2_001.fastq.gz','s3://human-pangenomics/working/HPRC/NA18538/raw_data/hic/NA18538-1_FC2_S39_L004_R1_001.fastq.gz','s3://human-pangenomics/working/HPRC/NA18538/raw_data/hic/NA18538-2_FC1_S40_L004_R2_001.fastq.gz','s3://human-pangenomics/working/HPRC/NA18538/raw_data/hic/NA18538-2_FC2_S40_L004_R2_001.fastq.gz','s3://human-pangenomics/working/HPRC/NA18538/raw_data/hic/NA18538-2_FC2_S40_L004_R1_001.fastq.gz','s3://human-pangenomics/working/HPRC/NA18538/raw_data/hic/NA18538-2_FC1_S40_L004_R1_001.fastq.gz']	['s3://human-pangenomics/working/HPRC/NA18538/raw_data/PacBio_HiFi/m84081_240209_193042_s1.hifi_reads.bc2020.bam','s3://human-pangenomics/working/HPRC/NA18538/raw_data/PacBio_HiFi/m84081_240128_051858_s4.hifi_reads.bc2020.bam']	['s3://human-pangenomics/working/HPRC/NA18538/raw_data/Illumina/child/NA18538.final.fq.gz']	['s3://human-pangenomics/working/HPRC/NA18538/raw_data/nanopore/sup5.0.0/03_26_24_R1041_UL_HPRC_NA18538_1_dorado0.9.1_sup5.0.0.bam','s3://human-pangenomics/working/HPRC/NA18538/raw_data/nanopore/sup5.0.0/03_26_24_R1041_UL_HPRC_NA18538_2_dorado0.9.1_sup5.0.0.bam','s3://human-pangenomics/working/HPRC/NA18538/raw_data/nanopore/sup5.0.0/03_26_24_R1041_UL_HPRC_NA18538_3_dorado0.9.1_sup5.0.0.bam']	[--unitig-abundance 8]
NA18547	['s3://human-pangenomics/working/HPRC/NA18547/raw_data/hic/NA18547-1_FC1_S3_L001_R1_001.fastq.gz','s3://human-pangenomics/working/HPRC/NA18547/raw_data/hic/NA18547-1_FC1_S3_L001_R2_001.fastq.gz','s3://human-pangenomics/working/HPRC/NA18547/raw_data/hic/NA18547-1_FC2_S3_L001_R1_001.fastq.gz','s3://human-pangenomics/working/HPRC/NA18547/raw_data/hic/NA18547-1_FC2_S3_L001_R2_001.fastq.gz','s3://human-pangenomics/working/HPRC/NA18547/raw_data/hic/NA18547-2_FC1_S4_L001_R1_001.fastq.gz','s3://human-pangenomics/working/HPRC/NA18547/raw_data/hic/NA18547-2_FC1_S4_L001_R2_001.fastq.gz','s3://human-pangenomics/working/HPRC/NA18547/raw_data/hic/NA18547-2_FC2_S4_L001_R1_001.fastq.gz','s3://human-pangenomics/working/HPRC/NA18547/raw_data/hic/NA18547-2_FC2_S4_L001_R2_001.fastq.gz']	['s3://human-pangenomics/working/HPRC/NA18547/raw_data/PacBio_HiFi/m84091_240710_201237_s1.hifi_reads.bc1003.bam','s3://human-pangenomics/working/HPRC/NA18547/raw_data/PacBio_HiFi/m84091_240607_210736_s2.hifi_reads.bc1003.bam','s3://human-pangenomics/working/HPRC/NA18547/raw_data/PacBio_HiFi/m84203_240531_194342_s1.hifi_reads.bc1003.bam']	['s3://human-pangenomics/working/HPRC/NA18547/raw_data/Illumina/child/NA18547.final.fq.gz']	['s3://human-pangenomics/working/HPRC/NA18547/raw_data/nanopore/sup5.0.0/10_21_24_R1041_UL_HPRC_NA18547_1_dorado0.9.1_sup5.0.0.bam','s3://human-pangenomics/working/HPRC/NA18547/raw_data/nanopore/sup5.0.0/10_21_24_R1041_UL_HPRC_NA18547_2_dorado0.9.1_sup5.0.0.bam','s3://human-pangenomics/working/HPRC/NA18547/raw_data/nanopore/sup5.0.0/10_21_24_R1041_UL_HPRC_NA18547_3_dorado0.9.1_sup5.0.0.bam']	[--unitig-abundance 8]
NA18559	['s3://human-pangenomics/working/HPRC/NA18559/raw_data/hic/NA18559-2_FC1_S20_L002_R2_001.fastq.gz','s3://human-pangenomics/working/HPRC/NA18559/raw_data/hic/NA18559-2_FC2_S20_L002_R2_001.fastq.gz','s3://human-pangenomics/working/HPRC/NA18559/raw_data/hic/NA18559-1_FC1_S19_L002_R2_001.fastq.gz','s3://human-pangenomics/working/HPRC/NA18559/raw_data/hic/NA18559-2_FC1_S20_L002_R1_001.fastq.gz','s3://human-pangenomics/working/HPRC/NA18559/raw_data/hic/NA18559-1_FC1_S19_L002_R1_001.fastq.gz','s3://human-pangenomics/working/HPRC/NA18559/raw_data/hic/NA18559-2_FC2_S20_L002_R1_001.fastq.gz','s3://human-pangenomics/working/HPRC/NA18559/raw_data/hic/NA18559-1_FC2_S19_L002_R2_001.fastq.gz','s3://human-pangenomics/working/HPRC/NA18559/raw_data/hic/NA18559-1_FC2_S19_L002_R1_001.fastq.gz']	['s3://human-pangenomics/working/HPRC/NA18559/raw_data/PacBio_HiFi/m84046_240206_022949_s2.hifi_reads.bc2003.bam','s3://human-pangenomics/working/HPRC/NA18559/raw_data/PacBio_HiFi/m84046_240130_024036_s4.hifi_reads.bc2003.bam','s3://human-pangenomics/working/HPRC/NA18559/raw_data/PacBio_HiFi/m84046_240201_182543_s2.hifi_reads.bc2003.bam','s3://human-pangenomics/working/HPRC/NA18559/raw_data/PacBio_HiFi/m84046_240130_043953_s1.hifi_reads.bc2003.bam']	['s3://human-pangenomics/working/HPRC/NA18559/raw_data/Illumina/child/NA18559.final.fq.gz']	['s3://human-pangenomics/working/HPRC/NA18559/raw_data/nanopore/sup5.0.0/10_14_24_R1041_UL_HPRC_NA18559_1_dorado0.9.1_sup5.0.0.bam','s3://human-pangenomics/working/HPRC/NA18559/raw_data/nanopore/sup5.0.0/10_14_24_R1041_UL_HPRC_NA18559_2_dorado0.9.1_sup5.0.0.bam','s3://human-pangenomics/working/HPRC/NA18559/raw_data/nanopore/sup5.0.0/10_14_24_R1041_UL_HPRC_NA18559_3_dorado0.9.1_sup5.0.0.bam']	[--unitig-abundance 8]
NA18565	['s3://human-pangenomics/working/HPRC/NA18565/raw_data/hic/NA18565-1_FC1_S9_L001_R1_001.fastq.gz','s3://human-pangenomics/working/HPRC/NA18565/raw_data/hic/NA18565-1_FC1_S9_L001_R2_001.fastq.gz','s3://human-pangenomics/working/HPRC/NA18565/raw_data/hic/NA18565-1_FC3_S9_L001_R1_001.fastq.gz','s3://human-pangenomics/working/HPRC/NA18565/raw_data/hic/NA18565-1_FC3_S9_L001_R2_001.fastq.gz','s3://human-pangenomics/working/HPRC/NA18565/raw_data/hic/NA18565-1_FC4_S9_L001_R1_001.fastq.gz','s3://human-pangenomics/working/HPRC/NA18565/raw_data/hic/NA18565-1_FC4_S9_L001_R2_001.fastq.gz','s3://human-pangenomics/working/HPRC/NA18565/raw_data/hic/NA18565-1_FC2_S9_L001_R1_001.fastq.gz','s3://human-pangenomics/working/HPRC/NA18565/raw_data/hic/NA18565-1_FC2_S9_L001_R2_001.fastq.gz','s3://human-pangenomics/working/HPRC/NA18565/raw_data/hic/NA18565-2_FC1_S17_L001_R1_001.fastq.gz','s3://human-pangenomics/working/HPRC/NA18565/raw_data/hic/NA18565-2_FC1_S17_L001_R2_001.fastq.gz','s3://human-pangenomics/working/HPRC/NA18565/raw_data/hic/NA18565-2_FC3_S17_L001_R1_001.fastq.gz','s3://human-pangenomics/working/HPRC/NA18565/raw_data/hic/NA18565-2_FC3_S17_L001_R2_001.fastq.gz','s3://human-pangenomics/working/HPRC/NA18565/raw_data/hic/NA18565-2_FC4_S17_L001_R1_001.fastq.gz','s3://human-pangenomics/working/HPRC/NA18565/raw_data/hic/NA18565-2_FC4_S17_L001_R2_001.fastq.gz','s3://human-pangenomics/working/HPRC/NA18565/raw_data/hic/NA18565-2_FC2_S17_L001_R1_001.fastq.gz','s3://human-pangenomics/working/HPRC/NA18565/raw_data/hic/NA18565-2_FC2_S17_L001_R2_001.fastq.gz']	['s3://human-pangenomics/working/HPRC/NA18565/raw_data/PacBio_HiFi/m84081_230728_191731_s1.hifi_reads.bc2020.bam','s3://human-pangenomics/working/HPRC/NA18565/raw_data/PacBio_HiFi/m84081_230714_201817_s1.hifi_reads.bc2020.bam','s3://human-pangenomics/working/HPRC/NA18565/raw_data/PacBio_HiFi/m84081_230714_205519_s2.hifi_reads.bc2020.bam']	['s3://human-pangenomics/working/HPRC/NA18565/raw_data/Illumina/child/NA18565.final.cram']	['s3://human-pangenomics/working/HPRC/NA18565/raw_data/nanopore/sup5.0.0_5mCG_5hmCG/10_10_23_R1041_HPRC_NA18565_1_dorado0.9.5_sup5.0.0_5mCG_5hmCG.bam','s3://human-pangenomics/working/HPRC/NA18565/raw_data/nanopore/sup5.0.0_5mCG_5hmCG/10_10_23_R1041_HPRC_NA18565_2_dorado0.9.5_sup5.0.0_5mCG_5hmCG.bam','s3://human-pangenomics/working/HPRC/NA18565/raw_data/nanopore/sup5.0.0_5mCG_5hmCG/10_10_23_R1041_HPRC_NA18565_3_dorado0.9.5_sup5.0.0_5mCG_5hmCG.bam','s3://human-pangenomics/working/HPRC/NA18565/raw_data/nanopore/sup5.0.0_5mCG_5hmCG/10_10_23_R1041_HPRC_NA18565_4_dorado0.9.5_sup5.0.0_5mCG_5hmCG.bam','s3://human-pangenomics/working/HPRC/NA18565/raw_data/nanopore/sup5.0.0_5mCG_5hmCG/10_10_23_R1041_HPRC_NA18565_5_dorado0.9.5_sup5.0.0_5mCG_5hmCG.bam','s3://human-pangenomics/working/HPRC/NA18565/raw_data/nanopore/sup5.0.0_5mCG_5hmCG/10_10_23_R1041_HPRC_NA18565_6_dorado0.9.5_sup5.0.0_5mCG_5hmCG.bam']	[--unitig-abundance 8]
NA18570	['s3://human-pangenomics/working/HPRC/NA18570/raw_data/hic/NA18570-2_S14_L001_R1_001.fastq.gz','s3://human-pangenomics/working/HPRC/NA18570/raw_data/hic/NA18570-2_S14_L001_R2_001.fastq.gz','s3://human-pangenomics/working/HPRC/NA18570/raw_data/hic/NA18570-2_S14_L004_R1_001.fastq.gz','s3://human-pangenomics/working/HPRC/NA18570/raw_data/hic/NA18570-2_S14_L004_R2_001.fastq.gz','s3://human-pangenomics/working/HPRC/NA18570/raw_data/hic/NA18570-2_S14_L002_R1_001.fastq.gz','s3://human-pangenomics/working/HPRC/NA18570/raw_data/hic/NA18570-2_S14_L002_R2_001.fastq.gz','s3://human-pangenomics/working/HPRC/NA18570/raw_data/hic/NA18570-2_S14_L003_R1_001.fastq.gz','s3://human-pangenomics/working/HPRC/NA18570/raw_data/hic/NA18570-2_S14_L003_R2_001.fastq.gz','s3://human-pangenomics/working/HPRC/NA18570/raw_data/hic/NA18570-1_S6_L001_R1_001.fastq.gz','s3://human-pangenomics/working/HPRC/NA18570/raw_data/hic/NA18570-1_S6_L001_R2_001.fastq.gz','s3://human-pangenomics/working/HPRC/NA18570/raw_data/hic/NA18570-1_S6_L004_R1_001.fastq.gz','s3://human-pangenomics/working/HPRC/NA18570/raw_data/hic/NA18570-1_S6_L004_R2_001.fastq.gz','s3://human-pangenomics/working/HPRC/NA18570/raw_data/hic/NA18570-1_S6_L002_R1_001.fastq.gz','s3://human-pangenomics/working/HPRC/NA18570/raw_data/hic/NA18570-1_S6_L002_R2_001.fastq.gz','s3://human-pangenomics/working/HPRC/NA18570/raw_data/hic/NA18570-1_S6_L003_R1_001.fastq.gz','s3://human-pangenomics/working/HPRC/NA18570/raw_data/hic/NA18570-1_S6_L003_R2_001.fastq.gz']	['s3://human-pangenomics/working/HPRC/NA18570/raw_data/PacBio_HiFi/deepconsensus/v1pt2/NA18570.m64330e_220821_125227.dc.q20.fastq.gz','s3://human-pangenomics/working/HPRC/NA18570/raw_data/PacBio_HiFi/deepconsensus/v1pt2/NA18570.m64334e_220815_142753.dc.q20.fastq.gz','s3://human-pangenomics/working/HPRC/NA18570/raw_data/PacBio_HiFi/deepconsensus/v1pt2/NA18570.m64334e_220821_130100.dc.q20.fastq.gz','s3://human-pangenomics/working/HPRC/NA18570/raw_data/PacBio_HiFi/m84091_231120_193041_s3.hifi_reads.bc1012.bam']	['s3://human-pangenomics/working/HPRC/NA18570/raw_data/Illumina/child/NA18570.final.cram']	['s3://human-pangenomics/working/HPRC/NA18570/raw_data/nanopore/sup5.0.0_5mCG_5hmCG/11_12_24_R1041_UL_HPRC_NA18570_1_dorado0.9.1_sup5.0.0_5mCG_5hmCG.bam','s3://human-pangenomics/working/HPRC/NA18570/raw_data/nanopore/sup5.0.0_5mCG_5hmCG/11_12_24_R1041_UL_HPRC_NA18570_2_dorado0.9.1_sup5.0.0_5mCG_5hmCG.bam','s3://human-pangenomics/working/HPRC/NA18570/raw_data/nanopore/guppy_6/08_10_22_R941_GM18570_1_Guppy_6.5.7_450bps_modbases_5mc_cg_sup_prom_pass.bam','s3://human-pangenomics/working/HPRC/NA18570/raw_data/nanopore/guppy_6/08_10_22_R941_GM18570_2_Guppy_6.5.7_450bps_modbases_5mc_cg_sup_prom_pass.bam','s3://human-pangenomics/working/HPRC/NA18570/raw_data/nanopore/guppy_6/08_10_22_R941_GM18570_3_Guppy_6.5.7_450bps_modbases_5mc_cg_sup_prom_pass.bam']	[--unitig-abundance 8]
NA18606	['s3://human-pangenomics/working/HPRC/NA18606/raw_data/hic/NA18606-1_FC1_S39_L004_R1_001.fastq.gz','s3://human-pangenomics/working/HPRC/NA18606/raw_data/hic/NA18606-1_FC1_S39_L004_R2_001.fastq.gz','s3://human-pangenomics/working/HPRC/NA18606/raw_data/hic/NA18606-1_FC2_S39_L004_R1_001.fastq.gz','s3://human-pangenomics/working/HPRC/NA18606/raw_data/hic/NA18606-1_FC2_S39_L004_R2_001.fastq.gz','s3://human-pangenomics/working/HPRC/NA18606/raw_data/hic/NA18606-2_FC1_S40_L004_R1_001.fastq.gz','s3://human-pangenomics/working/HPRC/NA18606/raw_data/hic/NA18606-2_FC1_S40_L004_R2_001.fastq.gz','s3://human-pangenomics/working/HPRC/NA18606/raw_data/hic/NA18606-2_FC2_S40_L004_R1_001.fastq.gz','s3://human-pangenomics/working/HPRC/NA18606/raw_data/hic/NA18606-2_FC2_S40_L004_R2_001.fastq.gz']	['s3://human-pangenomics/working/HPRC/NA18606/raw_data/PacBio_HiFi/m84081_240103_204645_s2.hifi_reads.bc2018.bam','s3://human-pangenomics/working/HPRC/NA18606/raw_data/PacBio_HiFi/m84081_240103_184725_s1.hifi_reads.bc2018.bam']	['s3://human-pangenomics/working/HPRC/NA18606/raw_data/Illumina/child/NA18606.final.fq.gz']	['s3://human-pangenomics/working/HPRC/NA18606/raw_data/nanopore/sup5.0.0/12_09_24_R1041_UL_HPRC_NA18606_1_dorado0.9.1_sup5.0.0.bam','s3://human-pangenomics/working/HPRC/NA18606/raw_data/nanopore/sup5.0.0/12_09_24_R1041_UL_HPRC_NA18606_2_dorado0.9.1_sup5.0.0.bam']	[--unitig-abundance 8]
NA18608	['s3://human-pangenomics/working/HPRC/NA18608/raw_data/hic/NA18608-1_FC2_S11_L001_R1_001.fastq.gz','s3://human-pangenomics/working/HPRC/NA18608/raw_data/hic/NA18608-1_FC2_S11_L001_R2_001.fastq.gz','s3://human-pangenomics/working/HPRC/NA18608/raw_data/hic/NA18608-1_FC1_S11_L001_R1_001.fastq.gz','s3://human-pangenomics/working/HPRC/NA18608/raw_data/hic/NA18608-1_FC1_S11_L001_R2_001.fastq.gz','s3://human-pangenomics/working/HPRC/NA18608/raw_data/hic/NA18608-2_FC2_S12_L001_R1_001.fastq.gz','s3://human-pangenomics/working/HPRC/NA18608/raw_data/hic/NA18608-2_FC2_S12_L001_R2_001.fastq.gz','s3://human-pangenomics/working/HPRC/NA18608/raw_data/hic/NA18608-2_FC1_S12_L001_R1_001.fastq.gz','s3://human-pangenomics/working/HPRC/NA18608/raw_data/hic/NA18608-2_FC1_S12_L001_R2_001.fastq.gz']	['s3://human-pangenomics/working/HPRC/NA18608/raw_data/PacBio_HiFi/m84081_230623_205201_s2.hifi_reads.bc2007.bam','s3://human-pangenomics/working/HPRC/NA18608/raw_data/PacBio_HiFi/m84081_230623_202140_s1.hifi_reads.bc2007.bam','s3://human-pangenomics/working/HPRC/NA18608/raw_data/PacBio_HiFi/m84081_230601_202307_s1.hifi_reads.bc2007.bam','s3://human-pangenomics/working/HPRC/NA18608/raw_data/PacBio_HiFi/m84081_230601_210338_s2.hifi_reads.bc2007.bam']	['s3://human-pangenomics/working/HPRC/NA18608/raw_data/Illumina/child/NA18608.final.cram']	['s3://human-pangenomics/working/HPRC/NA18608/raw_data/nanopore/sup5.0.0_5mCG_5hmCG/10_31_23_R1041_HPRC_NA18608_1_dorado0.9.5_sup5.0.0_5mCG_5hmCG.bam','s3://human-pangenomics/working/HPRC/NA18608/raw_data/nanopore/sup5.0.0_5mCG_5hmCG/10_31_23_R1041_HPRC_NA18608_2_dorado0.9.5_sup5.0.0_5mCG_5hmCG.bam','s3://human-pangenomics/working/HPRC/NA18608/raw_data/nanopore/sup5.0.0_5mCG_5hmCG/10_31_23_R1041_HPRC_NA18608_3_dorado0.9.5_sup5.0.0_5mCG_5hmCG.bam']	[--unitig-abundance 8]
NA18611	['s3://human-pangenomics/working/HPRC/NA18611/raw_data/hic/NA18611-1_FC1_S47_L004_R1_001.fastq.gz','s3://human-pangenomics/working/HPRC/NA18611/raw_data/hic/NA18611-1_FC1_S47_L004_R2_001.fastq.gz','s3://human-pangenomics/working/HPRC/NA18611/raw_data/hic/NA18611-1_FC2_S47_L004_R1_001.fastq.gz','s3://human-pangenomics/working/HPRC/NA18611/raw_data/hic/NA18611-1_FC2_S47_L004_R2_001.fastq.gz','s3://human-pangenomics/working/HPRC/NA18611/raw_data/hic/NA18611-2_FC1_S48_L004_R1_001.fastq.gz','s3://human-pangenomics/working/HPRC/NA18611/raw_data/hic/NA18611-2_FC1_S48_L004_R2_001.fastq.gz','s3://human-pangenomics/working/HPRC/NA18611/raw_data/hic/NA18611-2_FC2_S48_L004_R1_001.fastq.gz','s3://human-pangenomics/working/HPRC/NA18611/raw_data/hic/NA18611-2_FC2_S48_L004_R2_001.fastq.gz']	['s3://human-pangenomics/working/HPRC/NA18611/raw_data/PacBio_HiFi/m84046_240206_003032_s3.hifi_reads.bc2086.bam','s3://human-pangenomics/working/HPRC/NA18611/raw_data/PacBio_HiFi/m84046_240111_074804_s2.hifi_reads.bc2086.bam','s3://human-pangenomics/working/HPRC/NA18611/raw_data/PacBio_HiFi/m84046_240111_094727_s1.hifi_reads.bc2086.bam','s3://human-pangenomics/working/HPRC/NA18611/raw_data/PacBio_HiFi/m84046_240118_074907_s4.hifi_reads.bc2086.bam']	['s3://human-pangenomics/working/HPRC/NA18611/raw_data/Illumina/child/NA18611.final.fq.gz']	['s3://human-pangenomics/working/HPRC/NA18611/raw_data/nanopore/sup5.0.0/10_07_24_R1041_UL_HPRC_NA18611_1_dorado0.9.1_sup5.0.0.bam','s3://human-pangenomics/working/HPRC/NA18611/raw_data/nanopore/sup5.0.0/10_07_24_R1041_UL_HPRC_NA18611_2_dorado0.9.1_sup5.0.0.bam']	[--unitig-abundance 8]
NA18612	['s3://human-pangenomics/working/HPRC/NA18612/raw_data/hic/NA18612-1_S2_L001_R1_001.fastq.gz','s3://human-pangenomics/working/HPRC/NA18612/raw_data/hic/NA18612-1_S2_L002_R1_001.fastq.gz','s3://human-pangenomics/working/HPRC/NA18612/raw_data/hic/NA18612-1_S2_L003_R1_001.fastq.gz','s3://human-pangenomics/working/HPRC/NA18612/raw_data/hic/NA18612-1_S2_L004_R1_001.fastq.gz','s3://human-pangenomics/working/HPRC/NA18612/raw_data/hic/NA18612-2_S10_L001_R1_001.fastq.gz','s3://human-pangenomics/working/HPRC/NA18612/raw_data/hic/NA18612-2_S10_L002_R1_001.fastq.gz','s3://human-pangenomics/working/HPRC/NA18612/raw_data/hic/NA18612-2_S10_L003_R1_001.fastq.gz','s3://human-pangenomics/working/HPRC/NA18612/raw_data/hic/NA18612-2_S10_L004_R1_001.fastq.gz','s3://human-pangenomics/working/HPRC/NA18612/raw_data/hic/NA18612-1_S2_L001_R2_001.fastq.gz','s3://human-pangenomics/working/HPRC/NA18612/raw_data/hic/NA18612-1_S2_L002_R2_001.fastq.gz','s3://human-pangenomics/working/HPRC/NA18612/raw_data/hic/NA18612-1_S2_L003_R2_001.fastq.gz','s3://human-pangenomics/working/HPRC/NA18612/raw_data/hic/NA18612-1_S2_L004_R2_001.fastq.gz','s3://human-pangenomics/working/HPRC/NA18612/raw_data/hic/NA18612-2_S10_L001_R2_001.fastq.gz','s3://human-pangenomics/working/HPRC/NA18612/raw_data/hic/NA18612-2_S10_L002_R2_001.fastq.gz','s3://human-pangenomics/working/HPRC/NA18612/raw_data/hic/NA18612-2_S10_L003_R2_001.fastq.gz','s3://human-pangenomics/working/HPRC/NA18612/raw_data/hic/NA18612-2_S10_L004_R2_001.fastq.gz']	['s3://human-pangenomics/working/HPRC/NA18612/raw_data/PacBio_HiFi/deepconsensus/v1pt2/NA18612.m64043_220708_205637.dc.q20.fastq.gz','s3://human-pangenomics/working/HPRC/NA18612/raw_data/PacBio_HiFi/deepconsensus/v1pt2/NA18612.m64043_220710_175250.dc.q20.fastq.gz','s3://human-pangenomics/working/HPRC/NA18612/raw_data/PacBio_HiFi/deepconsensus/v1pt2/NA18612.m64043_220712_145025.dc.q20.fastq.gz','s3://human-pangenomics/working/HPRC/NA18612/raw_data/PacBio_HiFi/m84081_230628_194051_s3.hifi_reads.bc1015.bam','s3://human-pangenomics/working/HPRC/NA18612/raw_data/PacBio_HiFi/m84081_230628_201157_s4.hifi_reads.bc1015.bam']	['s3://human-pangenomics/working/HPRC/NA18612/raw_data/Illumina/child/NA18612.final.fq.gz']	['s3://human-pangenomics/working/HPRC/NA18612/raw_data/nanopore/sup5.0.0_5mCG_5hmCG/11_04_24_R1041_UL_HPRC_NA18612_1_dorado0.9.1_sup5.0.0_5mCG_5hmCG.bam','s3://human-pangenomics/working/HPRC/NA18612/raw_data/nanopore/sup5.0.0_5mCG_5hmCG/11_04_24_R1041_UL_HPRC_NA18612_2_dorado0.9.1_sup5.0.0_5mCG_5hmCG.bam','s3://human-pangenomics/working/HPRC/NA18612/raw_data/nanopore/sup5.0.0_5mCG_5hmCG/11_04_24_R1041_UL_HPRC_NA18612_3_dorado0.9.1_sup5.0.0_5mCG_5hmCG.bam']	[--unitig-abundance 8]
NA18620	['s3://human-pangenomics/working/HPRC/NA18620/raw_data/hic/NA18620-1_FC2_S13_L001_R1_001.fastq.gz','s3://human-pangenomics/working/HPRC/NA18620/raw_data/hic/NA18620-1_FC2_S13_L001_R2_001.fastq.gz','s3://human-pangenomics/working/HPRC/NA18620/raw_data/hic/NA18620-1_FC1_S13_L001_R1_001.fastq.gz','s3://human-pangenomics/working/HPRC/NA18620/raw_data/hic/NA18620-1_FC1_S13_L001_R2_001.fastq.gz','s3://human-pangenomics/working/HPRC/NA18620/raw_data/hic/NA18620-2_FC2_S14_L001_R1_001.fastq.gz','s3://human-pangenomics/working/HPRC/NA18620/raw_data/hic/NA18620-2_FC2_S14_L001_R2_001.fastq.gz','s3://human-pangenomics/working/HPRC/NA18620/raw_data/hic/NA18620-2_FC1_S14_L001_R1_001.fastq.gz','s3://human-pangenomics/working/HPRC/NA18620/raw_data/hic/NA18620-2_FC1_S14_L001_R2_001.fastq.gz']	['s3://human-pangenomics/working/HPRC/NA18620/raw_data/PacBio_HiFi/m84091_230707_165735_s1.hifi_reads.bc1009.bam','s3://human-pangenomics/working/HPRC/NA18620/raw_data/PacBio_HiFi/m84091_230703_172326_s3.hifi_reads.bc1009.bam']	['s3://human-pangenomics/working/HPRC/NA18620/raw_data/Illumina/child/NA18620.final.cram']	['s3://human-pangenomics/working/HPRC/NA18620/raw_data/nanopore/sup5.0.0_5mCG_5hmCG/01_16_24_R1041_HPRC_NA18620_1_dorado0.9.5_sup5.0.0_5mCG_5hmCG.bam','s3://human-pangenomics/working/HPRC/NA18620/raw_data/nanopore/sup5.0.0_5mCG_5hmCG/01_16_24_R1041_HPRC_NA18620_2_dorado0.9.5_sup5.0.0_5mCG_5hmCG.bam','s3://human-pangenomics/working/HPRC/NA18620/raw_data/nanopore/sup5.0.0_5mCG_5hmCG/01_16_24_R1041_HPRC_NA18620_3_dorado0.9.5_sup5.0.0_5mCG_5hmCG.bam','s3://human-pangenomics/working/HPRC/NA18620/raw_data/nanopore/sup5.0.0_5mCG_5hmCG/11_14_23_R1041_HPRC_NA18620_1_dorado0.9.5_sup5.0.0_5mCG_5hmCG.bam','s3://human-pangenomics/working/HPRC/NA18620/raw_data/nanopore/sup5.0.0_5mCG_5hmCG/11_14_23_R1041_HPRC_NA18620_2_dorado0.9.5_sup5.0.0_5mCG_5hmCG.bam','s3://human-pangenomics/working/HPRC/NA18620/raw_data/nanopore/sup5.0.0_5mCG_5hmCG/11_14_23_R1041_HPRC_NA18620_3_dorado0.9.5_sup5.0.0_5mCG_5hmCG.bam']	[--unitig-abundance 8]
NA18636	['s3://human-pangenomics/working/HPRC/NA18636/raw_data/hic/NA18636-1_FC1_S41_L004_R1_001.fastq.gz','s3://human-pangenomics/working/HPRC/NA18636/raw_data/hic/NA18636-1_FC1_S41_L004_R2_001.fastq.gz','s3://human-pangenomics/working/HPRC/NA18636/raw_data/hic/NA18636-1_FC2_S41_L004_R1_001.fastq.gz','s3://human-pangenomics/working/HPRC/NA18636/raw_data/hic/NA18636-1_FC2_S41_L004_R2_001.fastq.gz','s3://human-pangenomics/working/HPRC/NA18636/raw_data/hic/NA18636-2_FC1_S42_L004_R1_001.fastq.gz','s3://human-pangenomics/working/HPRC/NA18636/raw_data/hic/NA18636-2_FC1_S42_L004_R2_001.fastq.gz','s3://human-pangenomics/working/HPRC/NA18636/raw_data/hic/NA18636-2_FC2_S42_L004_R1_001.fastq.gz','s3://human-pangenomics/working/HPRC/NA18636/raw_data/hic/NA18636-2_FC2_S42_L004_R2_001.fastq.gz']	['s3://human-pangenomics/working/HPRC/NA18636/raw_data/PacBio_HiFi/m84081_240202_195615_s1.hifi_reads.bc2034.bam','s3://human-pangenomics/working/HPRC/NA18636/raw_data/PacBio_HiFi/m84081_240202_215535_s2.hifi_reads.bc2034.bam']	['s3://human-pangenomics/working/HPRC/NA18636/raw_data/Illumina/child/NA18636.final.fq.gz']	['s3://human-pangenomics/working/HPRC/NA18636/raw_data/nanopore/sup5.0.0/12_09_24_R1041_UL_HPRC_NA18636_1_dorado0.9.1_sup5.0.0.bam','s3://human-pangenomics/working/HPRC/NA18636/raw_data/nanopore/sup5.0.0/12_09_24_R1041_UL_HPRC_NA18636_2_dorado0.9.1_sup5.0.0.bam']	[--unitig-abundance 8]
NA18747	['s3://human-pangenomics/working/HPRC/NA18747/raw_data/hic/NA18747-1_S3_L001_R1_001.fastq.gz','s3://human-pangenomics/working/HPRC/NA18747/raw_data/hic/NA18747-1_S3_L001_R2_001.fastq.gz','s3://human-pangenomics/working/HPRC/NA18747/raw_data/hic/NA18747-2_S11_L001_R1_001.fastq.gz','s3://human-pangenomics/working/HPRC/NA18747/raw_data/hic/NA18747-2_S11_L001_R2_001.fastq.gz','s3://human-pangenomics/working/HPRC/NA18747/raw_data/hic/NA18747-1_S3_L004_R1_001.fastq.gz','s3://human-pangenomics/working/HPRC/NA18747/raw_data/hic/NA18747-1_S3_L004_R2_001.fastq.gz','s3://human-pangenomics/working/HPRC/NA18747/raw_data/hic/NA18747-1_S3_L002_R1_001.fastq.gz','s3://human-pangenomics/working/HPRC/NA18747/raw_data/hic/NA18747-1_S3_L002_R2_001.fastq.gz','s3://human-pangenomics/working/HPRC/NA18747/raw_data/hic/NA18747-1_S3_L003_R1_001.fastq.gz','s3://human-pangenomics/working/HPRC/NA18747/raw_data/hic/NA18747-1_S3_L003_R2_001.fastq.gz','s3://human-pangenomics/working/HPRC/NA18747/raw_data/hic/NA18747-2_S11_L004_R1_001.fastq.gz','s3://human-pangenomics/working/HPRC/NA18747/raw_data/hic/NA18747-2_S11_L004_R2_001.fastq.gz','s3://human-pangenomics/working/HPRC/NA18747/raw_data/hic/NA18747-2_S11_L002_R2_001.fastq.gz','s3://human-pangenomics/working/HPRC/NA18747/raw_data/hic/NA18747-2_S11_L003_R1_001.fastq.gz','s3://human-pangenomics/working/HPRC/NA18747/raw_data/hic/NA18747-2_S11_L003_R2_001.fastq.gz','s3://human-pangenomics/working/HPRC/NA18747/raw_data/hic/NA18747-2_S11_L002_R1_001.fastq.gz']	['s3://human-pangenomics/working/HPRC/NA18747/raw_data/PacBio_HiFi/deepconsensus/v1pt2/NA18747.m54329U_220823_191353.dc.q20.fastq.gz','s3://human-pangenomics/working/HPRC/NA18747/raw_data/PacBio_HiFi/deepconsensus/v1pt2/NA18747.m64076_220826_143529.dc.q20.fastq.gz','s3://human-pangenomics/working/HPRC/NA18747/raw_data/PacBio_HiFi/deepconsensus/v1pt2/NA18747.m64076_220828_113336.dc.q20.fastq.gz','s3://human-pangenomics/working/HPRC/NA18747/raw_data/PacBio_HiFi/deepconsensus/v1pt2/NA18747.m64076_221001_041132.dc.q20.fastq.gz','s3://human-pangenomics/working/HPRC/NA18747/raw_data/PacBio_HiFi/m84046_230531_214232_s2.hifi_reads.bc2011.bam']	['s3://human-pangenomics/working/HPRC/NA18747/raw_data/Illumina/child/NA18747.final.cram']	['s3://human-pangenomics/working/HPRC/NA18747/raw_data/nanopore/sup5.0.0_5mCG_5hmCG/12_02_24_R1041_UL_HPRC_NA18747_1_dorado0.9.1_sup5.0.0_5mCG_5hmCG.bam','s3://human-pangenomics/working/HPRC/NA18747/raw_data/nanopore/sup5.0.0_5mCG_5hmCG/12_02_24_R1041_UL_HPRC_NA18747_2_dorado0.9.1_sup5.0.0_5mCG_5hmCG.bam','s3://human-pangenomics/working/HPRC/NA18747/raw_data/nanopore/guppy_6/06_28_22_R941_GM18747_2_Guppy_6.5.7_450bps_modbases_5mc_cg_sup_prom_pass.bam','s3://human-pangenomics/working/HPRC/NA18747/raw_data/nanopore/guppy_6/06_28_22_R941_GM18747_3_Guppy_6.5.7_450bps_modbases_5mc_cg_sup_prom_pass.bam','s3://human-pangenomics/working/HPRC/NA18747/raw_data/nanopore/guppy_6/06_28_22_R941_GM18747_1_Guppy_6.5.7_450bps_modbases_5mc_cg_sup_prom_pass.bam']	[--unitig-abundance 8]
NA18870	['s3://human-pangenomics/working/HPRC/NA18870/raw_data/hic/NA18870-1_FC1_S23_L002_R1_001.fastq.gz','s3://human-pangenomics/working/HPRC/NA18870/raw_data/hic/NA18870-1_FC1_S23_L002_R2_001.fastq.gz','s3://human-pangenomics/working/HPRC/NA18870/raw_data/hic/NA18870-1_FC2_S23_L002_R1_001.fastq.gz','s3://human-pangenomics/working/HPRC/NA18870/raw_data/hic/NA18870-1_FC2_S23_L002_R2_001.fastq.gz','s3://human-pangenomics/working/HPRC/NA18870/raw_data/hic/NA18870-2_FC1_S24_L002_R1_001.fastq.gz','s3://human-pangenomics/working/HPRC/NA18870/raw_data/hic/NA18870-2_FC1_S24_L002_R2_001.fastq.gz','s3://human-pangenomics/working/HPRC/NA18870/raw_data/hic/NA18870-2_FC2_S24_L002_R1_001.fastq.gz','s3://human-pangenomics/working/HPRC/NA18870/raw_data/hic/NA18870-2_FC2_S24_L002_R2_001.fastq.gz']	['s3://human-pangenomics/working/HPRC/NA18870/raw_data/PacBio_HiFi/m84046_240206_003032_s3.hifi_reads.bc2002.bam','s3://human-pangenomics/working/HPRC/NA18870/raw_data/PacBio_HiFi/m84046_240201_182543_s2.hifi_reads.bc2002.bam','s3://human-pangenomics/working/HPRC/NA18870/raw_data/PacBio_HiFi/m84046_240130_024036_s4.hifi_reads.bc2002.bam','s3://human-pangenomics/working/HPRC/NA18870/raw_data/PacBio_HiFi/m84046_240130_043953_s1.hifi_reads.bc2002.bam']	['s3://human-pangenomics/working/HPRC/NA18870/raw_data/Illumina/child/NA18870.final.fq.gz']	['s3://human-pangenomics/working/HPRC/NA18870/raw_data/nanopore/sup5.0.0/10_14_24_R1041_UL_HPRC_NA18870_1_dorado0.9.1_sup5.0.0.bam','s3://human-pangenomics/working/HPRC/NA18870/raw_data/nanopore/sup5.0.0/10_14_24_R1041_UL_HPRC_NA18870_2_dorado0.9.1_sup5.0.0.bam']	[--unitig-abundance 8]
NA18871	['s3://human-pangenomics/working/HPRC/NA18871/raw_data/hic/NA18871-1_FC1_S3_L001_R1_001.fastq.gz','s3://human-pangenomics/working/HPRC/NA18871/raw_data/hic/NA18871-1_FC1_S3_L001_R2_001.fastq.gz','s3://human-pangenomics/working/HPRC/NA18871/raw_data/hic/NA18871-1_FC2_S3_L001_R1_001.fastq.gz','s3://human-pangenomics/working/HPRC/NA18871/raw_data/hic/NA18871-1_FC2_S3_L001_R2_001.fastq.gz','s3://human-pangenomics/working/HPRC/NA18871/raw_data/hic/NA18871-2_FC1_S4_L001_R1_001.fastq.gz','s3://human-pangenomics/working/HPRC/NA18871/raw_data/hic/NA18871-2_FC1_S4_L001_R2_001.fastq.gz','s3://human-pangenomics/working/HPRC/NA18871/raw_data/hic/NA18871-2_FC2_S4_L001_R1_001.fastq.gz','s3://human-pangenomics/working/HPRC/NA18871/raw_data/hic/NA18871-2_FC2_S4_L001_R2_001.fastq.gz']	['s3://human-pangenomics/working/HPRC/NA18871/raw_data/PacBio_HiFi/m84046_230721_182333_s4.hifi_reads.bc2091.bam','s3://human-pangenomics/working/HPRC/NA18871/raw_data/PacBio_HiFi/m84046_230721_185439_s1.hifi_reads.bc2091.bam','s3://human-pangenomics/working/HPRC/NA18871/raw_data/PacBio_HiFi/m84046_230721_175304_s3.hifi_reads.bc2091.bam']	['s3://human-pangenomics/working/HPRC/NA18871/raw_data/Illumina/child/NA18871.final.fq.gz']	['s3://human-pangenomics/working/HPRC/NA18871/raw_data/nanopore/sup5.0.0_5mCG_5hmCG/09_12_23_R1041_HPRC_NA18871_1_dorado0.9.1_sup5.0.0_5mCG_5hmCG.bam','s3://human-pangenomics/working/HPRC/NA18871/raw_data/nanopore/sup5.0.0_5mCG_5hmCG/09_12_23_R1041_HPRC_NA18871_2_dorado0.9.1_sup5.0.0_5mCG_5hmCG.bam','s3://human-pangenomics/working/HPRC/NA18871/raw_data/nanopore/sup5.0.0_5mCG_5hmCG/09_12_23_R1041_HPRC_NA18871_3_dorado0.9.1_sup5.0.0_5mCG_5hmCG.bam']	[--unitig-abundance 8]
NA18879	['s3://human-pangenomics/working/HPRC/NA18879/raw_data/hic/NA18879-2_FC1_S15_L001_R1_001.fastq.gz','s3://human-pangenomics/working/HPRC/NA18879/raw_data/hic/NA18879-2_FC1_S15_L001_R2_001.fastq.gz','s3://human-pangenomics/working/HPRC/NA18879/raw_data/hic/NA18879-2_FC3_S15_L001_R1_001.fastq.gz','s3://human-pangenomics/working/HPRC/NA18879/raw_data/hic/NA18879-2_FC3_S15_L001_R2_001.fastq.gz','s3://human-pangenomics/working/HPRC/NA18879/raw_data/hic/NA18879-2_FC4_S15_L001_R1_001.fastq.gz','s3://human-pangenomics/working/HPRC/NA18879/raw_data/hic/NA18879-2_FC4_S15_L001_R2_001.fastq.gz','s3://human-pangenomics/working/HPRC/NA18879/raw_data/hic/NA18879-2_FC2_S15_L001_R1_001.fastq.gz','s3://human-pangenomics/working/HPRC/NA18879/raw_data/hic/NA18879-2_FC2_S15_L001_R2_001.fastq.gz','s3://human-pangenomics/working/HPRC/NA18879/raw_data/hic/NA18879-1_FC1_S7_L001_R1_001.fastq.gz','s3://human-pangenomics/working/HPRC/NA18879/raw_data/hic/NA18879-1_FC1_S7_L001_R2_001.fastq.gz','s3://human-pangenomics/working/HPRC/NA18879/raw_data/hic/NA18879-1_FC3_S7_L001_R1_001.fastq.gz','s3://human-pangenomics/working/HPRC/NA18879/raw_data/hic/NA18879-1_FC3_S7_L001_R2_001.fastq.gz','s3://human-pangenomics/working/HPRC/NA18879/raw_data/hic/NA18879-1_FC4_S7_L001_R1_001.fastq.gz','s3://human-pangenomics/working/HPRC/NA18879/raw_data/hic/NA18879-1_FC4_S7_L001_R2_001.fastq.gz','s3://human-pangenomics/working/HPRC/NA18879/raw_data/hic/NA18879-1_FC2_S7_L001_R1_001.fastq.gz','s3://human-pangenomics/working/HPRC/NA18879/raw_data/hic/NA18879-1_FC2_S7_L001_R2_001.fastq.gz']	['s3://human-pangenomics/working/HPRC/NA18879/raw_data/PacBio_HiFi/m84046_230727_225904_s1.hifi_reads.bc2089.bam','s3://human-pangenomics/working/HPRC/NA18879/raw_data/PacBio_HiFi/m84046_230728_195023_s2.hifi_reads.bc2089.bam','s3://human-pangenomics/working/HPRC/NA18879/raw_data/PacBio_HiFi/m84046_230728_205153_s4.hifi_reads.bc2089.bam','s3://human-pangenomics/working/HPRC/NA18879/raw_data/PacBio_HiFi/m84046_230728_202047_s3.hifi_reads.bc2089.bam','s3://human-pangenomics/working/HPRC/NA18879/raw_data/PacBio_HiFi/m84046_230731_200859_s2.hifi_reads.bc2089.bam']	['s3://human-pangenomics/working/HPRC/NA18879/raw_data/Illumina/child/NA18879.final.cram']	['s3://human-pangenomics/working/HPRC/NA18879/raw_data/nanopore/sup5.0.0_5mCG_5hmCG/08_08_23_R1041_HPRC_NA18879_1_dorado0.9.1_sup5.0.0_5mCG_5hmCG.bam','s3://human-pangenomics/working/HPRC/NA18879/raw_data/nanopore/sup5.0.0_5mCG_5hmCG/08_08_23_R1041_HPRC_NA18879_2_dorado0.9.1_sup5.0.0_5mCG_5hmCG.bam','s3://human-pangenomics/working/HPRC/NA18879/raw_data/nanopore/sup5.0.0_5mCG_5hmCG/08_08_23_R1041_HPRC_NA18879_3_dorado0.9.1_sup5.0.0_5mCG_5hmCG.bam']	[--unitig-abundance 8]
NA18942	['s3://human-pangenomics/working/HPRC/NA18942/raw_data/hic/NA18942-2_FC1_S38_L004_R2_001.fastq.gz','s3://human-pangenomics/working/HPRC/NA18942/raw_data/hic/NA18942-1_FC2_S37_L004_R2_001.fastq.gz','s3://human-pangenomics/working/HPRC/NA18942/raw_data/hic/NA18942-1_FC1_S37_L004_R2_001.fastq.gz','s3://human-pangenomics/working/HPRC/NA18942/raw_data/hic/NA18942-1_FC1_S37_L004_R1_001.fastq.gz','s3://human-pangenomics/working/HPRC/NA18942/raw_data/hic/NA18942-2_FC2_S38_L004_R2_001.fastq.gz','s3://human-pangenomics/working/HPRC/NA18942/raw_data/hic/NA18942-2_FC1_S38_L004_R1_001.fastq.gz','s3://human-pangenomics/working/HPRC/NA18942/raw_data/hic/NA18942-2_FC2_S38_L004_R1_001.fastq.gz','s3://human-pangenomics/working/HPRC/NA18942/raw_data/hic/NA18942-1_FC2_S37_L004_R1_001.fastq.gz']	['s3://human-pangenomics/working/HPRC/NA18942/raw_data/PacBio_HiFi/m84081_240604_000922_s4.hifi_reads.bc2027.bam','s3://human-pangenomics/working/HPRC/NA18942/raw_data/PacBio_HiFi/m84081_240603_221009_s3.hifi_reads.bc2027.bam']	['s3://human-pangenomics/working/HPRC/NA18942/raw_data/Illumina/child/NA18942.final.fq.gz']	['s3://human-pangenomics/working/HPRC/NA18942/raw_data/nanopore/sup5.0.0/10_14_24_R1041_UL_HPRC_NA18942_1_dorado0.9.1_sup5.0.0.bam','s3://human-pangenomics/working/HPRC/NA18942/raw_data/nanopore/sup5.0.0/10_14_24_R1041_UL_HPRC_NA18942_2_dorado0.9.1_sup5.0.0.bam','s3://human-pangenomics/working/HPRC/NA18942/raw_data/nanopore/sup5.0.0/10_28_24_R1041_UL_HPRC_NA18942_1_dorado0.9.1_sup5.0.0.bam']	[--unitig-abundance 8]
NA18952	['s3://human-pangenomics/working/HPRC/NA18952/raw_data/hic/NA18952-2_FC1_S14_L002_R1_001.fastq.gz','s3://human-pangenomics/working/HPRC/NA18952/raw_data/hic/NA18952-2_FC1_S14_L002_R2_001.fastq.gz','s3://human-pangenomics/working/HPRC/NA18952/raw_data/hic/NA18952-2_FC2_S14_L002_R1_001.fastq.gz','s3://human-pangenomics/working/HPRC/NA18952/raw_data/hic/NA18952-2_FC2_S14_L002_R2_001.fastq.gz','s3://human-pangenomics/working/HPRC/NA18952/raw_data/hic/NA18952-1_FC1_S13_L002_R1_001.fastq.gz','s3://human-pangenomics/working/HPRC/NA18952/raw_data/hic/NA18952-1_FC1_S13_L002_R2_001.fastq.gz','s3://human-pangenomics/working/HPRC/NA18952/raw_data/hic/NA18952-1_FC2_S13_L002_R1_001.fastq.gz','s3://human-pangenomics/working/HPRC/NA18952/raw_data/hic/NA18952-1_FC2_S13_L002_R2_001.fastq.gz']	['s3://human-pangenomics/working/HPRC/NA18952/raw_data/PacBio_HiFi/m84081_230609_201402_s3.hifi_reads.bc2009.bam','s3://human-pangenomics/working/HPRC/NA18952/raw_data/PacBio_HiFi/m84081_230609_204508_s4.hifi_reads.bc2009.bam']	['s3://human-pangenomics/working/HPRC/NA18952/raw_data/Illumina/child/NA18952.final.cram']	['s3://human-pangenomics/working/HPRC/NA18952/raw_data/nanopore/sup5.0.0_5mCG_5hmCG/11_28_23_R1041_HPRC_NA18952_1_dorado0.9.1_sup5.0.0_5mCG_5hmCG.bam','s3://human-pangenomics/working/HPRC/NA18952/raw_data/nanopore/sup5.0.0_5mCG_5hmCG/11_28_23_R1041_HPRC_NA18952_2_dorado0.9.5_sup5.0.0_5mCG_5hmCG.bam','s3://human-pangenomics/working/HPRC/NA18952/raw_data/nanopore/sup5.0.0_5mCG_5hmCG/11_28_23_R1041_HPRC_NA18952_3_dorado0.9.1_sup5.0.0_5mCG_5hmCG.bam']	[--unitig-abundance 8]
NA18971	['s3://human-pangenomics/working/HPRC/NA18971/raw_data/hic/NA18971-2_S11_L003_R1_001.fastq.gz','s3://human-pangenomics/working/HPRC/NA18971/raw_data/hic/NA18971-2_S11_L003_R2_001.fastq.gz','s3://human-pangenomics/working/HPRC/NA18971/raw_data/hic/NA18971-1_S3_L003_R1_001.fastq.gz','s3://human-pangenomics/working/HPRC/NA18971/raw_data/hic/NA18971-1_S3_L003_R2_001.fastq.gz','s3://human-pangenomics/working/HPRC/NA18971/raw_data/hic/NA18971-2_S11_L004_R1_001.fastq.gz','s3://human-pangenomics/working/HPRC/NA18971/raw_data/hic/NA18971-2_S11_L004_R2_001.fastq.gz','s3://human-pangenomics/working/HPRC/NA18971/raw_data/hic/NA18971-1_S3_L001_R1_001.fastq.gz','s3://human-pangenomics/working/HPRC/NA18971/raw_data/hic/NA18971-1_S3_L001_R2_001.fastq.gz','s3://human-pangenomics/working/HPRC/NA18971/raw_data/hic/NA18971-2_S11_L001_R1_001.fastq.gz','s3://human-pangenomics/working/HPRC/NA18971/raw_data/hic/NA18971-2_S11_L001_R2_001.fastq.gz','s3://human-pangenomics/working/HPRC/NA18971/raw_data/hic/NA18971-1_S3_L004_R1_001.fastq.gz','s3://human-pangenomics/working/HPRC/NA18971/raw_data/hic/NA18971-1_S3_L004_R2_001.fastq.gz','s3://human-pangenomics/working/HPRC/NA18971/raw_data/hic/NA18971-2_S11_L002_R1_001.fastq.gz','s3://human-pangenomics/working/HPRC/NA18971/raw_data/hic/NA18971-2_S11_L002_R2_001.fastq.gz','s3://human-pangenomics/working/HPRC/NA18971/raw_data/hic/NA18971-1_S3_L002_R1_001.fastq.gz','s3://human-pangenomics/working/HPRC/NA18971/raw_data/hic/NA18971-1_S3_L002_R2_001.fastq.gz']	['s3://human-pangenomics/working/HPRC/NA18971/raw_data/PacBio_HiFi/deepconsensus/v1pt2/NA18971.m64043_220701_181144.dc.q20.fastq.gz','s3://human-pangenomics/working/HPRC/NA18971/raw_data/PacBio_HiFi/deepconsensus/v1pt2/NA18971.m64043_220703_150718.dc.q20.fastq.gz','s3://human-pangenomics/working/HPRC/NA18971/raw_data/PacBio_HiFi/deepconsensus/v1pt2/NA18971.m64043_220705_120954.dc.q20.fastq.gz','s3://human-pangenomics/working/HPRC/NA18971/raw_data/PacBio_HiFi/deepconsensus/v1pt2/NA18971.m64043_220728_173215.dc.q20.fastq.gz','s3://human-pangenomics/working/HPRC/NA18971/raw_data/PacBio_HiFi/m84081_230628_183924_s1.hifi_reads.bc1011.bam','s3://human-pangenomics/working/HPRC/NA18971/raw_data/PacBio_HiFi/m84081_230628_190945_s2.hifi_reads.bc1011.bam']	['s3://human-pangenomics/working/HPRC/NA18971/raw_data/Illumina/child/NA18971.final.cram']	['s3://human-pangenomics/working/HPRC/NA18971/raw_data/nanopore/sup5.0.0_5mCG_5hmCG/11_18_24_R1041_UL_HPRC_NA18971_1_dorado0.9.1_sup5.0.0_5mCG_5hmCG.bam','s3://human-pangenomics/working/HPRC/NA18971/raw_data/nanopore/sup5.0.0_5mCG_5hmCG/11_18_24_R1041_UL_HPRC_NA18971_2_dorado0.9.1_sup5.0.0_5mCG_5hmCG.bam','s3://human-pangenomics/working/HPRC/NA18971/raw_data/nanopore/guppy_6/06_28_22_R941_GM18971_1_Guppy_6.5.7_450bps_modbases_5mc_cg_sup_prom_pass.bam','s3://human-pangenomics/working/HPRC/NA18971/raw_data/nanopore/guppy_6/06_28_22_R941_GM18971_2_Guppy_6.5.7_450bps_modbases_5mc_cg_sup_prom_pass.bam','s3://human-pangenomics/working/HPRC/NA18971/raw_data/nanopore/guppy_6/06_28_22_R941_GM18971_3_Guppy_6.5.7_450bps_modbases_5mc_cg_sup_prom_pass.bam']	[--unitig-abundance 8]
NA18974	['s3://human-pangenomics/working/HPRC/NA18974/raw_data/hic/NA18974-1_FC2_S15_L001_R1_001.fastq.gz','s3://human-pangenomics/working/HPRC/NA18974/raw_data/hic/NA18974-1_FC2_S15_L001_R2_001.fastq.gz','s3://human-pangenomics/working/HPRC/NA18974/raw_data/hic/NA18974-2_FC2_S16_L001_R1_001.fastq.gz','s3://human-pangenomics/working/HPRC/NA18974/raw_data/hic/NA18974-2_FC2_S16_L001_R2_001.fastq.gz','s3://human-pangenomics/working/HPRC/NA18974/raw_data/hic/NA18974-1_FC1_S15_L001_R1_001.fastq.gz','s3://human-pangenomics/working/HPRC/NA18974/raw_data/hic/NA18974-1_FC1_S15_L001_R2_001.fastq.gz','s3://human-pangenomics/working/HPRC/NA18974/raw_data/hic/NA18974-2_FC1_S16_L001_R1_001.fastq.gz','s3://human-pangenomics/working/HPRC/NA18974/raw_data/hic/NA18974-2_FC1_S16_L001_R2_001.fastq.gz']	['s3://human-pangenomics/working/HPRC/NA18974/raw_data/PacBio_HiFi/m84081_230601_213444_s3.hifi_reads.bc2008.bam','s3://human-pangenomics/working/HPRC/NA18974/raw_data/PacBio_HiFi/m84081_230601_220550_s4.hifi_reads.bc2008.bam']	['s3://human-pangenomics/working/HPRC/NA18974/raw_data/Illumina/child/NA18974.final.cram']	['s3://human-pangenomics/working/HPRC/NA18974/raw_data/nanopore/sup5.0.0_5mCG_5hmCG/11_28_23_R1041_HPRC_NA18974_1_dorado0.9.1_sup5.0.0_5mCG_5hmCG.bam','s3://human-pangenomics/working/HPRC/NA18974/raw_data/nanopore/sup5.0.0_5mCG_5hmCG/11_28_23_R1041_HPRC_NA18974_2_dorado0.9.1_sup5.0.0_5mCG_5hmCG.bam','s3://human-pangenomics/working/HPRC/NA18974/raw_data/nanopore/sup5.0.0_5mCG_5hmCG/11_28_23_R1041_HPRC_NA18974_3_dorado0.9.1_sup5.0.0_5mCG_5hmCG.bam','s3://human-pangenomics/working/HPRC/NA18974/raw_data/nanopore/sup5.0.0_5mCG_5hmCG/11_28_23_R1041_HPRC_NA18974_4_dorado0.9.5_sup5.0.0_5mCG_5hmCG.bam']	[--unitig-abundance 8]
NA18976	['s3://human-pangenomics/working/HPRC/NA18976/raw_data/hic/NA18976-2_FC1_S16_L002_R1_001.fastq.gz','s3://human-pangenomics/working/HPRC/NA18976/raw_data/hic/NA18976-2_FC1_S16_L002_R2_001.fastq.gz','s3://human-pangenomics/working/HPRC/NA18976/raw_data/hic/NA18976-1_FC1_S15_L002_R1_001.fastq.gz','s3://human-pangenomics/working/HPRC/NA18976/raw_data/hic/NA18976-1_FC1_S15_L002_R2_001.fastq.gz','s3://human-pangenomics/working/HPRC/NA18976/raw_data/hic/NA18976-1_FC2_S15_L002_R1_001.fastq.gz','s3://human-pangenomics/working/HPRC/NA18976/raw_data/hic/NA18976-1_FC2_S15_L002_R2_001.fastq.gz','s3://human-pangenomics/working/HPRC/NA18976/raw_data/hic/NA18976-2_FC2_S16_L002_R1_001.fastq.gz','s3://human-pangenomics/working/HPRC/NA18976/raw_data/hic/NA18976-2_FC2_S16_L002_R2_001.fastq.gz']	['s3://human-pangenomics/working/HPRC/NA18976/raw_data/PacBio_HiFi/m84081_230610_195324_s2.hifi_reads.bc2010.bam','s3://human-pangenomics/working/HPRC/NA18976/raw_data/PacBio_HiFi/m84081_230610_192218_s1.hifi_reads.bc2010.bam']	['s3://human-pangenomics/working/HPRC/NA18976/raw_data/Illumina/child/NA18976.final.cram']	['s3://human-pangenomics/working/HPRC/NA18976/raw_data/nanopore/sup5.0.0_5mCG_5hmCG/12_12_23_R1041_HPRC_NA18976_1_dorado0.9.5_sup5.0.0_5mCG_5hmCG.bam','s3://human-pangenomics/working/HPRC/NA18976/raw_data/nanopore/sup5.0.0_5mCG_5hmCG/12_12_23_R1041_HPRC_NA18976_2_dorado0.9.5_sup5.0.0_5mCG_5hmCG.bam','s3://human-pangenomics/working/HPRC/NA18976/raw_data/nanopore/sup5.0.0_5mCG_5hmCG/12_12_23_R1041_HPRC_NA18976_3_dorado0.9.5_sup5.0.0_5mCG_5hmCG.bam']	[--unitig-abundance 8]
NA18983	['s3://human-pangenomics/working/HPRC/NA18983/raw_data/hic/NA18983-2_S12_L001_R1_001.fastq.gz','s3://human-pangenomics/working/HPRC/NA18983/raw_data/hic/NA18983-2_S12_L001_R2_001.fastq.gz','s3://human-pangenomics/working/HPRC/NA18983/raw_data/hic/NA18983-2_S12_L004_R1_001.fastq.gz','s3://human-pangenomics/working/HPRC/NA18983/raw_data/hic/NA18983-2_S12_L004_R2_001.fastq.gz','s3://human-pangenomics/working/HPRC/NA18983/raw_data/hic/NA18983-2_S12_L002_R1_001.fastq.gz','s3://human-pangenomics/working/HPRC/NA18983/raw_data/hic/NA18983-2_S12_L002_R2_001.fastq.gz','s3://human-pangenomics/working/HPRC/NA18983/raw_data/hic/NA18983-2_S12_L003_R1_001.fastq.gz','s3://human-pangenomics/working/HPRC/NA18983/raw_data/hic/NA18983-2_S12_L003_R2_001.fastq.gz','s3://human-pangenomics/working/HPRC/NA18983/raw_data/hic/NA18983-1_S4_L001_R1_001.fastq.gz','s3://human-pangenomics/working/HPRC/NA18983/raw_data/hic/NA18983-1_S4_L001_R2_001.fastq.gz','s3://human-pangenomics/working/HPRC/NA18983/raw_data/hic/NA18983-1_S4_L004_R1_001.fastq.gz','s3://human-pangenomics/working/HPRC/NA18983/raw_data/hic/NA18983-1_S4_L004_R2_001.fastq.gz','s3://human-pangenomics/working/HPRC/NA18983/raw_data/hic/NA18983-1_S4_L002_R1_001.fastq.gz','s3://human-pangenomics/working/HPRC/NA18983/raw_data/hic/NA18983-1_S4_L002_R2_001.fastq.gz','s3://human-pangenomics/working/HPRC/NA18983/raw_data/hic/NA18983-1_S4_L003_R1_001.fastq.gz','s3://human-pangenomics/working/HPRC/NA18983/raw_data/hic/NA18983-1_S4_L003_R2_001.fastq.gz']	['s3://human-pangenomics/working/HPRC/NA18983/raw_data/PacBio_HiFi/deepconsensus/v1pt2/NA18983.m64457e_220902_165459.dc.q20.fastq.gz','s3://human-pangenomics/working/HPRC/NA18983/raw_data/PacBio_HiFi/deepconsensus/v1pt2/NA18983.m64457e_220904_135104.dc.q20.fastq.gz','s3://human-pangenomics/working/HPRC/NA18983/raw_data/PacBio_HiFi/deepconsensus/v1pt2/NA18983.m64457e_220906_104717.dc.q20.fastq.gz','s3://human-pangenomics/working/HPRC/NA18983/raw_data/PacBio_HiFi/m54329U_220903_190900-bc2055.5mc.hifi_reads.bam','s3://human-pangenomics/working/HPRC/NA18983/raw_data/PacBio_HiFi/m54329U_220905_144015-bc2055.5mc.hifi_reads.bam','s3://human-pangenomics/working/HPRC/NA18983/raw_data/PacBio_HiFi/m54329U_220907_100858-bc2055.5mc.hifi_reads.bam','s3://human-pangenomics/working/HPRC/NA18983/raw_data/PacBio_HiFi/m84046_230623_210640_s1.hifi_reads.bc2055.bam']	['s3://human-pangenomics/working/HPRC/NA18983/raw_data/Illumina/child/NA18983.final.cram']	['s3://human-pangenomics/working/HPRC/NA18983/raw_data/nanopore/sup5.0.0_5mCG_5hmCG/11_12_24_R1041_UL_HPRC_NA18983_1_dorado0.9.1_sup5.0.0_5mCG_5hmCG.bam','s3://human-pangenomics/working/HPRC/NA18983/raw_data/nanopore/sup5.0.0_5mCG_5hmCG/11_12_24_R1041_UL_HPRC_NA18983_2_dorado0.9.1_sup5.0.0_5mCG_5hmCG.bam','s3://human-pangenomics/working/HPRC/NA18983/raw_data/nanopore/guppy_6/06_28_22_R941_GM18983_1_Guppy_6.5.7_450bps_modbases_5mc_cg_sup_prom_pass.bam','s3://human-pangenomics/working/HPRC/NA18983/raw_data/nanopore/guppy_6/06_28_22_R941_GM18983_2_Guppy_6.5.7_450bps_modbases_5mc_cg_sup_prom_pass.bam','s3://human-pangenomics/working/HPRC/NA18983/raw_data/nanopore/guppy_6/06_28_22_R941_GM18983_3_Guppy_6.5.7_450bps_modbases_5mc_cg_sup_prom_pass.bam']	[--unitig-abundance 8]
NA18995	['s3://human-pangenomics/working/HPRC/NA18995/raw_data/hic/NA18995-1_FC1_S7_L001_R1_001.fastq.gz','s3://human-pangenomics/working/HPRC/NA18995/raw_data/hic/NA18995-1_FC1_S7_L001_R2_001.fastq.gz','s3://human-pangenomics/working/HPRC/NA18995/raw_data/hic/NA18995-1_FC2_S7_L001_R1_001.fastq.gz','s3://human-pangenomics/working/HPRC/NA18995/raw_data/hic/NA18995-1_FC2_S7_L001_R2_001.fastq.gz','s3://human-pangenomics/working/HPRC/NA18995/raw_data/hic/NA18995-2_FC1_S8_L001_R1_001.fastq.gz','s3://human-pangenomics/working/HPRC/NA18995/raw_data/hic/NA18995-2_FC1_S8_L001_R2_001.fastq.gz','s3://human-pangenomics/working/HPRC/NA18995/raw_data/hic/NA18995-2_FC2_S8_L001_R1_001.fastq.gz','s3://human-pangenomics/working/HPRC/NA18995/raw_data/hic/NA18995-2_FC2_S8_L001_R2_001.fastq.gz']	['s3://human-pangenomics/working/HPRC/NA18995/raw_data/PacBio_HiFi/m84081_240517_220613_s4.hifi_reads.bc2020.bam','s3://human-pangenomics/working/HPRC/NA18995/raw_data/PacBio_HiFi/m84081_240518_000528_s1.hifi_reads.bc2020.bam']	['s3://human-pangenomics/working/HPRC/NA18995/raw_data/Illumina/child/NA18995.final.fq.gz']	['s3://human-pangenomics/working/HPRC/NA18995/raw_data/nanopore/sup5.0.0/10_21_24_R1041_UL_HPRC_NA18995_1_dorado0.9.5_sup5.0.0.bam','s3://human-pangenomics/working/HPRC/NA18995/raw_data/nanopore/sup5.0.0/10_21_24_R1041_UL_HPRC_NA18995_2_dorado0.9.5_sup5.0.0.bam']	[--unitig-abundance 8]
NA19000	['s3://human-pangenomics/working/HPRC/NA19000/raw_data/hic/NA19000-1_FC1_S45_L004_R1_001.fastq.gz','s3://human-pangenomics/working/HPRC/NA19000/raw_data/hic/NA19000-1_FC2_S45_L004_R2_001.fastq.gz','s3://human-pangenomics/working/HPRC/NA19000/raw_data/hic/NA19000-2_FC2_S46_L004_R2_001.fastq.gz','s3://human-pangenomics/working/HPRC/NA19000/raw_data/hic/NA19000-1_FC1_S45_L004_R2_001.fastq.gz','s3://human-pangenomics/working/HPRC/NA19000/raw_data/hic/NA19000-2_FC2_S46_L004_R1_001.fastq.gz','s3://human-pangenomics/working/HPRC/NA19000/raw_data/hic/NA19000-1_FC2_S45_L004_R1_001.fastq.gz','s3://human-pangenomics/working/HPRC/NA19000/raw_data/hic/NA19000-2_FC1_S46_L004_R2_001.fastq.gz','s3://human-pangenomics/working/HPRC/NA19000/raw_data/hic/NA19000-2_FC1_S46_L004_R1_001.fastq.gz']	['s3://human-pangenomics/working/HPRC/NA19000/raw_data/PacBio_HiFi/m84203_240530_193329_s1.hifi_reads.bc1020.bam','s3://human-pangenomics/working/HPRC/NA19000/raw_data/PacBio_HiFi/m84091_240610_183759_s3.hifi_reads.bc1020.bam','s3://human-pangenomics/working/HPRC/NA19000/raw_data/PacBio_HiFi/m84091_240604_161622_s1.hifi_reads.bc1020.bam']	['s3://human-pangenomics/working/HPRC/NA19000/raw_data/Illumina/child/NA19000.final.fq.gz']	['s3://human-pangenomics/working/HPRC/NA19000/raw_data/nanopore/sup5.0.0/10_15_24_R1041_UL_HPRC_NA19000_1_dorado0.9.5_sup5.0.0.bam','s3://human-pangenomics/working/HPRC/NA19000/raw_data/nanopore/sup5.0.0/10_15_24_R1041_UL_HPRC_NA19000_2_dorado0.9.5_sup5.0.0.bam','s3://human-pangenomics/working/HPRC/NA19000/raw_data/nanopore/sup5.0.0/10_15_24_R1041_UL_HPRC_NA19000_3_dorado0.9.5_sup5.0.0.bam']	[--unitig-abundance 8]
NA19012	['s3://human-pangenomics/working/HPRC/NA19012/raw_data/hic/NA19012-1_FC2_S19_L002_R2_001.fastq.gz','s3://human-pangenomics/working/HPRC/NA19012/raw_data/hic/NA19012-1_FC1_S19_L002_R2_001.fastq.gz','s3://human-pangenomics/working/HPRC/NA19012/raw_data/hic/NA19012-2_FC2_S20_L002_R2_001.fastq.gz','s3://human-pangenomics/working/HPRC/NA19012/raw_data/hic/NA19012-1_FC1_S19_L002_R1_001.fastq.gz','s3://human-pangenomics/working/HPRC/NA19012/raw_data/hic/NA19012-2_FC1_S20_L002_R2_001.fastq.gz','s3://human-pangenomics/working/HPRC/NA19012/raw_data/hic/NA19012-2_FC2_S20_L002_R1_001.fastq.gz','s3://human-pangenomics/working/HPRC/NA19012/raw_data/hic/NA19012-1_FC2_S19_L002_R1_001.fastq.gz','s3://human-pangenomics/working/HPRC/NA19012/raw_data/hic/NA19012-2_FC1_S20_L002_R1_001.fastq.gz']	['s3://human-pangenomics/working/HPRC/NA19012/raw_data/PacBio_HiFi/m84046_230901_230230_s4.hifi_reads.bc2037.bam','s3://human-pangenomics/working/HPRC/NA19012/raw_data/PacBio_HiFi/m84046_230906_215022_s3.hifi_reads.bc2037.bam','s3://human-pangenomics/working/HPRC/NA19012/raw_data/PacBio_HiFi/m84046_230901_223052_s3.hifi_reads.bc2037.bam']	['s3://human-pangenomics/working/HPRC/NA19012/raw_data/Illumina/child/NA19012.final.fq.gz']	['s3://human-pangenomics/working/HPRC/NA19012/raw_data/nanopore/sup5.0.0_5mCG_5hmCG/01_16_24_R1041_HPRC_NA19012_1_dorado0.9.1_sup5.0.0_5mCG_5hmCG.bam','s3://human-pangenomics/working/HPRC/NA19012/raw_data/nanopore/sup5.0.0_5mCG_5hmCG/01_16_24_R1041_HPRC_NA19012_2_dorado0.9.1_sup5.0.0_5mCG_5hmCG.bam','s3://human-pangenomics/working/HPRC/NA19012/raw_data/nanopore/sup5.0.0_5mCG_5hmCG/01_16_24_R1041_HPRC_NA19012_3_dorado0.9.1_sup5.0.0_5mCG_5hmCG.bam','s3://human-pangenomics/working/HPRC/NA19012/raw_data/nanopore/sup5.0.0_5mCG_5hmCG/10_10_23_R1041_HPRC_NA19012_1_dorado0.9.1_sup5.0.0_5mCG_5hmCG.bam','s3://human-pangenomics/working/HPRC/NA19012/raw_data/nanopore/sup5.0.0_5mCG_5hmCG/10_10_23_R1041_HPRC_NA19012_2_dorado0.9.1_sup5.0.0_5mCG_5hmCG.bam','s3://human-pangenomics/working/HPRC/NA19012/raw_data/nanopore/sup5.0.0_5mCG_5hmCG/10_10_23_R1041_HPRC_NA19012_3_dorado0.9.1_sup5.0.0_5mCG_5hmCG.bam']	[--unitig-abundance 8]
NA19031	['s3://human-pangenomics/working/HPRC/NA19031/raw_data/hic/NA19031-1_FC1_S45_L004_R1_001.fastq.gz','s3://human-pangenomics/working/HPRC/NA19031/raw_data/hic/NA19031-1_FC1_S45_L004_R2_001.fastq.gz','s3://human-pangenomics/working/HPRC/NA19031/raw_data/hic/NA19031-1_FC2_S45_L004_R1_001.fastq.gz','s3://human-pangenomics/working/HPRC/NA19031/raw_data/hic/NA19031-1_FC2_S45_L004_R2_001.fastq.gz','s3://human-pangenomics/working/HPRC/NA19031/raw_data/hic/NA19031-2_FC1_S46_L004_R1_001.fastq.gz','s3://human-pangenomics/working/HPRC/NA19031/raw_data/hic/NA19031-2_FC1_S46_L004_R2_001.fastq.gz','s3://human-pangenomics/working/HPRC/NA19031/raw_data/hic/NA19031-2_FC2_S46_L004_R1_001.fastq.gz','s3://human-pangenomics/working/HPRC/NA19031/raw_data/hic/NA19031-2_FC2_S46_L004_R2_001.fastq.gz']	['s3://human-pangenomics/working/HPRC/NA19031/raw_data/PacBio_HiFi/m84081_240219_204639_s2.hifi_reads.bc2046.bam','s3://human-pangenomics/working/HPRC/NA19031/raw_data/PacBio_HiFi/m84081_240221_063842_s2.hifi_reads.bc2046.bam','s3://human-pangenomics/working/HPRC/NA19031/raw_data/PacBio_HiFi/m84081_240219_224606_s3.hifi_reads.bc2046.bam','s3://human-pangenomics/working/HPRC/NA19031/raw_data/PacBio_HiFi/m84081_240221_043919_s1.hifi_reads.bc2046.bam','s3://human-pangenomics/working/HPRC/NA19031/raw_data/PacBio_HiFi/m84081_240221_103730_s4.hifi_reads.bc2046.bam','s3://human-pangenomics/working/HPRC/NA19031/raw_data/PacBio_HiFi/m84081_240220_004532_s4.hifi_reads.bc2046.bam','s3://human-pangenomics/working/HPRC/NA19031/raw_data/PacBio_HiFi/m84081_240221_083804_s3.hifi_reads.bc2046.bam']	['s3://human-pangenomics/working/HPRC/NA19031/raw_data/Illumina/child/NA19031.final.fq.gz']	['s3://human-pangenomics/working/HPRC/NA19031/raw_data/nanopore/sup5.0.0/04_30_24_R1041_UL_HPRC_NA19031_1_dorado0.9.1_sup5.0.0.bam','s3://human-pangenomics/working/HPRC/NA19031/raw_data/nanopore/sup5.0.0/04_30_24_R1041_UL_HPRC_NA19031_2_dorado0.9.1_sup5.0.0.bam','s3://human-pangenomics/working/HPRC/NA19031/raw_data/nanopore/sup5.0.0/04_30_24_R1041_UL_HPRC_NA19031_3_dorado0.9.1_sup5.0.0.bam']	[--unitig-abundance 8]
NA19035	['s3://human-pangenomics/working/HPRC/NA19035/raw_data/hic/NA19035-1_FC1_S31_L003_R2_001.fastq.gz','s3://human-pangenomics/working/HPRC/NA19035/raw_data/hic/NA19035-2_FC1_S32_L003_R1_001.fastq.gz','s3://human-pangenomics/working/HPRC/NA19035/raw_data/hic/NA19035-1_FC2_S31_L003_R1_001.fastq.gz','s3://human-pangenomics/working/HPRC/NA19035/raw_data/hic/NA19035-2_FC2_S32_L003_R1_001.fastq.gz','s3://human-pangenomics/working/HPRC/NA19035/raw_data/hic/NA19035-2_FC1_S32_L003_R2_001.fastq.gz','s3://human-pangenomics/working/HPRC/NA19035/raw_data/hic/NA19035-1_FC1_S31_L003_R1_001.fastq.gz','s3://human-pangenomics/working/HPRC/NA19035/raw_data/hic/NA19035-2_FC2_S32_L003_R2_001.fastq.gz','s3://human-pangenomics/working/HPRC/NA19035/raw_data/hic/NA19035-1_FC2_S31_L003_R2_001.fastq.gz']	['s3://human-pangenomics/working/HPRC/NA19035/raw_data/PacBio_HiFi/m84203_240513_203944_s3.hifi_reads.bc1009.bam','s3://human-pangenomics/working/HPRC/NA19035/raw_data/PacBio_HiFi/m84091_240606_202606_s1.hifi_reads.bc1009.bam','s3://human-pangenomics/working/HPRC/NA19035/raw_data/PacBio_HiFi/m84091_240503_211005_s3.hifi_reads.bc1009.bam','s3://human-pangenomics/working/HPRC/NA19035/raw_data/PacBio_HiFi/m84203_240506_200754_s2.hifi_reads.bc1009.bam']	['s3://human-pangenomics/working/HPRC/NA19035/raw_data/Illumina/child/NA19035.final.fq.gz']	['s3://human-pangenomics/working/HPRC/NA19035/raw_data/nanopore/sup5.0.0/10_28_24_R1041_UL_HPRC_NA19035_1_dorado0.9.5_sup5.0.0.bam','s3://human-pangenomics/working/HPRC/NA19035/raw_data/nanopore/sup5.0.0/10_28_24_R1041_UL_HPRC_NA19035_2_dorado0.9.5_sup5.0.0.bam','s3://human-pangenomics/working/HPRC/NA19035/raw_data/nanopore/sup5.0.0_5mCG_5hmCG/11_04_24_R1041_UL_HPRC_NA19035_1_dorado0.9.1_sup5.0.0_5mCG_5hmCG.bam']	[--unitig-abundance 8]
NA19036	['s3://human-pangenomics/working/HPRC/NA19036/raw_data/hic/NA19036-1_FC2_S11_L004_R1_001.fastq.gz','s3://human-pangenomics/working/HPRC/NA19036/raw_data/hic/NA19036-1_FC2_S11_L004_R2_001.fastq.gz','s3://human-pangenomics/working/HPRC/NA19036/raw_data/hic/NA19036-1_FC1_S11_L004_R1_001.fastq.gz','s3://human-pangenomics/working/HPRC/NA19036/raw_data/hic/NA19036-1_FC1_S11_L004_R2_001.fastq.gz','s3://human-pangenomics/working/HPRC/NA19036/raw_data/hic/NA19036-2_FC1_S12_L004_R1_001.fastq.gz','s3://human-pangenomics/working/HPRC/NA19036/raw_data/hic/NA19036-2_FC1_S12_L004_R2_001.fastq.gz','s3://human-pangenomics/working/HPRC/NA19036/raw_data/hic/NA19036-2_FC2_S12_L004_R1_001.fastq.gz','s3://human-pangenomics/working/HPRC/NA19036/raw_data/hic/NA19036-2_FC2_S12_L004_R2_001.fastq.gz']	['s3://human-pangenomics/working/HPRC/NA19036/raw_data/PacBio_HiFi/m84091_230724_152950_s1.hifi_reads.bc1022.bam','s3://human-pangenomics/working/HPRC/NA19036/raw_data/PacBio_HiFi/m84091_230718_161058_s2.hifi_reads.bc1022.bam']	['s3://human-pangenomics/working/HPRC/NA19036/raw_data/Illumina/child/NA19036.final.cram']	['s3://human-pangenomics/working/HPRC/NA19036/raw_data/nanopore/sup5.0.0_5mCG_5hmCG/01_23_24_R1041_HPRC_NA19036_1_dorado0.9.5_sup5.0.0_5mCG_5hmCG.bam','s3://human-pangenomics/working/HPRC/NA19036/raw_data/nanopore/sup5.0.0_5mCG_5hmCG/01_23_24_R1041_HPRC_NA19036_2_dorado0.9.1_sup5.0.0_5mCG_5hmCG.bam','s3://human-pangenomics/working/HPRC/NA19036/raw_data/nanopore/sup5.0.0_5mCG_5hmCG/01_23_24_R1041_HPRC_NA19036_3_dorado0.9.1_sup5.0.0_5mCG_5hmCG.bam','s3://human-pangenomics/working/HPRC/NA19036/raw_data/nanopore/sup5.0.0_5mCG_5hmCG/12_05_23_R1041_HPRC_NA19036_1_dorado0.9.1_sup5.0.0_5mCG_5hmCG.bam','s3://human-pangenomics/working/HPRC/NA19036/raw_data/nanopore/sup5.0.0_5mCG_5hmCG/12_05_23_R1041_HPRC_NA19036_2_dorado0.9.5_sup5.0.0_5mCG_5hmCG.bam','s3://human-pangenomics/working/HPRC/NA19036/raw_data/nanopore/sup5.0.0_5mCG_5hmCG/12_05_23_R1041_HPRC_NA19036_3_dorado0.9.1_sup5.0.0_5mCG_5hmCG.bam']	[--unitig-abundance 8]
NA19042	['s3://human-pangenomics/working/HPRC/NA19042/raw_data/hic/NA19042-1_FC1_S25_L003_R1_001.fastq.gz','s3://human-pangenomics/working/HPRC/NA19042/raw_data/hic/NA19042-1_FC1_S25_L003_R2_001.fastq.gz','s3://human-pangenomics/working/HPRC/NA19042/raw_data/hic/NA19042-1_FC2_S25_L003_R1_001.fastq.gz','s3://human-pangenomics/working/HPRC/NA19042/raw_data/hic/NA19042-1_FC2_S25_L003_R2_001.fastq.gz','s3://human-pangenomics/working/HPRC/NA19042/raw_data/hic/NA19042-2_FC1_S26_L003_R1_001.fastq.gz','s3://human-pangenomics/working/HPRC/NA19042/raw_data/hic/NA19042-2_FC1_S26_L003_R2_001.fastq.gz','s3://human-pangenomics/working/HPRC/NA19042/raw_data/hic/NA19042-2_FC2_S26_L003_R1_001.fastq.gz','s3://human-pangenomics/working/HPRC/NA19042/raw_data/hic/NA19042-2_FC2_S26_L003_R2_001.fastq.gz']	['s3://human-pangenomics/working/HPRC/NA19042/raw_data/PacBio_HiFi/m84091_240308_205633_s1.hifi_reads.bc1022.bam','s3://human-pangenomics/working/HPRC/NA19042/raw_data/PacBio_HiFi/m84091_240308_202615_s4.hifi_reads.bc1022.bam','s3://human-pangenomics/working/HPRC/NA19042/raw_data/PacBio_HiFi/m84091_240221_202725_s4.hifi_reads.bc1022.bam']	['s3://human-pangenomics/working/HPRC/NA19042/raw_data/Illumina/child/NA19042.final.fq.gz']	['s3://human-pangenomics/working/HPRC/NA19042/raw_data/nanopore/sup5.0.0_5mCG_5hmCG/01_23_24_R1041_HPRC_NA19042_1_dorado0.9.1_sup5.0.0_5mCG_5hmCG.bam','s3://human-pangenomics/working/HPRC/NA19042/raw_data/nanopore/sup5.0.0_5mCG_5hmCG/01_23_24_R1041_HPRC_NA19042_2_dorado0.9.1_sup5.0.0_5mCG_5hmCG.bam','s3://human-pangenomics/working/HPRC/NA19042/raw_data/nanopore/sup5.0.0_5mCG_5hmCG/10_17_23_R1041_HPRC_NA19042_1_dorado0.9.1_sup5.0.0_5mCG_5hmCG.bam','s3://human-pangenomics/working/HPRC/NA19042/raw_data/nanopore/sup5.0.0_5mCG_5hmCG/10_17_23_R1041_HPRC_NA19042_2_dorado0.9.1_sup5.0.0_5mCG_5hmCG.bam','s3://human-pangenomics/working/HPRC/NA19042/raw_data/nanopore/sup5.0.0_5mCG_5hmCG/10_17_23_R1041_HPRC_NA19042_3_dorado0.9.1_sup5.0.0_5mCG_5hmCG.bam']	[--unitig-abundance 8]
NA19043	['s3://human-pangenomics/working/HPRC/NA19043/raw_data/hic/NA19043-1_S2_L004_R1_001.fastq.gz','s3://human-pangenomics/working/HPRC/NA19043/raw_data/hic/NA19043-1_S2_L004_R2_001.fastq.gz','s3://human-pangenomics/working/HPRC/NA19043/raw_data/hic/NA19043-1_S2_L003_R1_001.fastq.gz','s3://human-pangenomics/working/HPRC/NA19043/raw_data/hic/NA19043-1_S2_L003_R2_001.fastq.gz','s3://human-pangenomics/working/HPRC/NA19043/raw_data/hic/NA19043-1_S2_L001_R1_001.fastq.gz','s3://human-pangenomics/working/HPRC/NA19043/raw_data/hic/NA19043-1_S2_L001_R2_001.fastq.gz','s3://human-pangenomics/working/HPRC/NA19043/raw_data/hic/NA19043-1_S2_L002_R1_001.fastq.gz','s3://human-pangenomics/working/HPRC/NA19043/raw_data/hic/NA19043-1_S2_L002_R2_001.fastq.gz','s3://human-pangenomics/working/HPRC/NA19043/raw_data/hic/NA19043-2_S10_L004_R1_001.fastq.gz','s3://human-pangenomics/working/HPRC/NA19043/raw_data/hic/NA19043-2_S10_L004_R2_001.fastq.gz','s3://human-pangenomics/working/HPRC/NA19043/raw_data/hic/NA19043-2_S10_L003_R1_001.fastq.gz','s3://human-pangenomics/working/HPRC/NA19043/raw_data/hic/NA19043-2_S10_L003_R2_001.fastq.gz','s3://human-pangenomics/working/HPRC/NA19043/raw_data/hic/NA19043-2_S10_L001_R1_001.fastq.gz','s3://human-pangenomics/working/HPRC/NA19043/raw_data/hic/NA19043-2_S10_L001_R2_001.fastq.gz','s3://human-pangenomics/working/HPRC/NA19043/raw_data/hic/NA19043-2_S10_L002_R1_001.fastq.gz','s3://human-pangenomics/working/HPRC/NA19043/raw_data/hic/NA19043-2_S10_L002_R2_001.fastq.gz','s3://human-pangenomics/working/HPRC/NA19043/raw_data/hic/NA19043-2_S10i_L004_R1_001.fastq.gz','s3://human-pangenomics/working/HPRC/NA19043/raw_data/hic/NA19043-2_S10i_L004_R2_001.fastq.gz','s3://human-pangenomics/working/HPRC/NA19043/raw_data/hic/NA19043-2_S10i_L003_R1_001.fastq.gz','s3://human-pangenomics/working/HPRC/NA19043/raw_data/hic/NA19043-2_S10i_L003_R2_001.fastq.gz','s3://human-pangenomics/working/HPRC/NA19043/raw_data/hic/NA19043-2_S10i_L001_R1_001.fastq.gz','s3://human-pangenomics/working/HPRC/NA19043/raw_data/hic/NA19043-2_S10i_L001_R2_001.fastq.gz','s3://human-pangenomics/working/HPRC/NA19043/raw_data/hic/NA19043-2_S10i_L002_R1_001.fastq.gz','s3://human-pangenomics/working/HPRC/NA19043/raw_data/hic/NA19043-2_S10i_L002_R2_001.fastq.gz']	['s3://human-pangenomics/working/HPRC/NA19043/raw_data/PacBio_HiFi/deepconsensus/v1pt2/NA19043.m54329U_220916_162216.dc.q20.fastq.gz','s3://human-pangenomics/working/HPRC/NA19043/raw_data/PacBio_HiFi/deepconsensus/v1pt2/NA19043.m54329U_220918_114340.dc.q20.fastq.gz','s3://human-pangenomics/working/HPRC/NA19043/raw_data/PacBio_HiFi/deepconsensus/v1pt2/NA19043.m54329U_220920_065703.dc.q20.fastq.gz','s3://human-pangenomics/working/HPRC/NA19043/raw_data/PacBio_HiFi/m84046_230712_000908_s4.hifi_reads.bc2061.bam','s3://human-pangenomics/working/HPRC/NA19043/raw_data/PacBio_HiFi/m84046_230519_231055_s2.hifi_reads.bc2061.bam']	['s3://human-pangenomics/working/HPRC/NA19043/raw_data/Illumina/child/NA19043.final.cram']	['s3://human-pangenomics/working/HPRC/NA19043/raw_data/nanopore/sup5.0.0_5mCG_5hmCG/11_18_24_R1041_UL_HPRC_NA19043_1_dorado0.9.1_sup5.0.0_5mCG_5hmCG.bam','s3://human-pangenomics/working/HPRC/NA19043/raw_data/nanopore/sup5.0.0_5mCG_5hmCG/11_18_24_R1041_UL_HPRC_NA19043_2_dorado0.9.1_sup5.0.0_5mCG_5hmCG.bam','s3://human-pangenomics/working/HPRC/NA19043/raw_data/nanopore/guppy_6/09_27_2022_R941_GM19043_1_Guppy_6.5.7_450bps_modbases_5mc_cg_sup_prom_pass.bam','s3://human-pangenomics/working/HPRC/NA19043/raw_data/nanopore/guppy_6/09_27_2022_R941_GM19043_2_Guppy_6.5.7_450bps_modbases_5mc_cg_sup_prom_pass.bam','s3://human-pangenomics/working/HPRC/NA19043/raw_data/nanopore/guppy_6/09_27_2022_R941_GM19043_3_Guppy_6.5.7_450bps_modbases_5mc_cg_sup_prom_pass.bam','s3://human-pangenomics/working/HPRC/NA19043/raw_data/nanopore/guppy_6/09_27_2022_R941_GM19043_4_Guppy_6.5.7_450bps_modbases_5mc_cg_sup_prom_pass.bam']	[--unitig-abundance 8]
NA19055	['s3://human-pangenomics/working/HPRC/NA19055/raw_data/hic/NA19055-1_FC1_S35_L003_R1_001.fastq.gz','s3://human-pangenomics/working/HPRC/NA19055/raw_data/hic/NA19055-1_FC1_S35_L003_R2_001.fastq.gz','s3://human-pangenomics/working/HPRC/NA19055/raw_data/hic/NA19055-1_FC2_S35_L003_R1_001.fastq.gz','s3://human-pangenomics/working/HPRC/NA19055/raw_data/hic/NA19055-2_FC1_S36_L003_R1_001.fastq.gz','s3://human-pangenomics/working/HPRC/NA19055/raw_data/hic/NA19055-2_FC1_S36_L003_R2_001.fastq.gz','s3://human-pangenomics/working/HPRC/NA19055/raw_data/hic/NA19055-2_FC2_S36_L003_R1_001.fastq.gz','s3://human-pangenomics/working/HPRC/NA19055/raw_data/hic/NA19055-2_FC2_S36_L003_R2_001.fastq.gz','s3://human-pangenomics/working/HPRC/NA19055/raw_data/hic/NA19055-1_FC2_S35_L003_R2_001.fastq.gz']	['s3://human-pangenomics/working/HPRC/NA19055/raw_data/PacBio_HiFi/m84081_240204_114736_s4.hifi_reads.bc2042.bam','s3://human-pangenomics/working/HPRC/NA19055/raw_data/PacBio_HiFi/m84081_240204_094707_s3.hifi_reads.bc2042.bam']	['s3://human-pangenomics/working/HPRC/NA19055/raw_data/Illumina/child/NA19055.final.fq.gz']	['s3://human-pangenomics/working/HPRC/NA19055/raw_data/nanopore/sup5.0.0/10_07_24_R1041_UL_HPRC_NA19055_1_dorado0.9.1_sup5.0.0.bam','s3://human-pangenomics/working/HPRC/NA19055/raw_data/nanopore/sup5.0.0/10_07_24_R1041_UL_HPRC_NA19055_2_dorado0.9.1_sup5.0.0.bam','s3://human-pangenomics/working/HPRC/NA19055/raw_data/nanopore/sup5.0.0/10_07_24_R1041_UL_HPRC_NA19055_3_dorado0.9.1_sup5.0.0.bam','s3://human-pangenomics/working/HPRC/NA19055/raw_data/nanopore/sup5.0.0_5mCG_5hmCG/12_09_24_R1041_UL_HPRC_NA19055_1_dorado1.1.1_sup5.0.0_5mCG_5hmCG.bam']	[--unitig-abundance 8]
NA19063	['s3://human-pangenomics/working/HPRC/NA19063/raw_data/hic/NA19063-1_FC2_S41_L004_R2_001.fastq.gz','s3://human-pangenomics/working/HPRC/NA19063/raw_data/hic/NA19063-1_FC1_S41_L004_R2_001.fastq.gz','s3://human-pangenomics/working/HPRC/NA19063/raw_data/hic/NA19063-1_FC1_S41_L004_R1_001.fastq.gz','s3://human-pangenomics/working/HPRC/NA19063/raw_data/hic/NA19063-2_FC1_S42_L004_R2_001.fastq.gz','s3://human-pangenomics/working/HPRC/NA19063/raw_data/hic/NA19063-2_FC2_S42_L004_R2_001.fastq.gz','s3://human-pangenomics/working/HPRC/NA19063/raw_data/hic/NA19063-2_FC2_S42_L004_R1_001.fastq.gz','s3://human-pangenomics/working/HPRC/NA19063/raw_data/hic/NA19063-1_FC2_S41_L004_R1_001.fastq.gz','s3://human-pangenomics/working/HPRC/NA19063/raw_data/hic/NA19063-2_FC1_S42_L004_R1_001.fastq.gz']	['s3://human-pangenomics/working/HPRC/NA19063/raw_data/PacBio_HiFi/m84081_240513_220420_s4.hifi_reads.bc2039.bam','s3://human-pangenomics/working/HPRC/NA19063/raw_data/PacBio_HiFi/m84081_240514_000351_s1.hifi_reads.bc2039.bam']	['s3://human-pangenomics/working/HPRC/NA19063/raw_data/Illumina/child/NA19063.final.fq.gz']	['s3://human-pangenomics/working/HPRC/NA19063/raw_data/nanopore/sup5.0.0/03_26_24_R1041_UL_HPRC_NA19063_1_dorado0.9.1_sup5.0.0.bam','s3://human-pangenomics/working/HPRC/NA19063/raw_data/nanopore/sup5.0.0/03_26_24_R1041_UL_HPRC_NA19063_2_dorado0.9.1_sup5.0.0.bam','s3://human-pangenomics/working/HPRC/NA19063/raw_data/nanopore/sup5.0.0/03_26_24_R1041_UL_HPRC_NA19063_3_dorado0.9.1_sup5.0.0.bam']	[--unitig-abundance 8]
NA19079	['s3://human-pangenomics/working/HPRC/NA19079/raw_data/hic/NA19079-1_FC1_S1_L001_R1_001.fastq.gz','s3://human-pangenomics/working/HPRC/NA19079/raw_data/hic/NA19079-1_FC1_S1_L001_R2_001.fastq.gz','s3://human-pangenomics/working/HPRC/NA19079/raw_data/hic/NA19079-1_FC2_S1_L001_R1_001.fastq.gz','s3://human-pangenomics/working/HPRC/NA19079/raw_data/hic/NA19079-1_FC2_S1_L001_R2_001.fastq.gz','s3://human-pangenomics/working/HPRC/NA19079/raw_data/hic/NA19079-2_FC1_S2_L001_R1_001.fastq.gz','s3://human-pangenomics/working/HPRC/NA19079/raw_data/hic/NA19079-2_FC1_S2_L001_R2_001.fastq.gz','s3://human-pangenomics/working/HPRC/NA19079/raw_data/hic/NA19079-2_FC2_S2_L001_R1_001.fastq.gz','s3://human-pangenomics/working/HPRC/NA19079/raw_data/hic/NA19079-2_FC2_S2_L001_R2_001.fastq.gz']	['s3://human-pangenomics/working/HPRC/NA19079/raw_data/PacBio_HiFi/m84081_240405_212207_s2.hifi_reads.bc2080.bam','s3://human-pangenomics/working/HPRC/NA19079/raw_data/PacBio_HiFi/m84081_240405_192241_s1.hifi_reads.bc2080.bam']	['s3://human-pangenomics/working/HPRC/NA19079/raw_data/Illumina/child/NA19079.final.fq.gz']	['s3://human-pangenomics/working/HPRC/NA19079/raw_data/nanopore/sup5.0.0_5mCG_5hmCG/10_28_24_R1041_UL_HPRC_NA19079_1_dorado0.9.1_sup5.0.0_5mCG_5hmCG.bam','s3://human-pangenomics/working/HPRC/NA19079/raw_data/nanopore/sup5.0.0_5mCG_5hmCG/10_28_24_R1041_UL_HPRC_NA19079_2_dorado0.9.1_sup5.0.0_5mCG_5hmCG.bam','s3://human-pangenomics/working/HPRC/NA19079/raw_data/nanopore/sup5.0.0_5mCG_5hmCG/11_04_24_R1041_UL_HPRC_NA19079_1_dorado0.9.1_sup5.0.0_5mCG_5hmCG.bam','s3://human-pangenomics/working/HPRC/NA19079/raw_data/nanopore/sup5.0.0_5mCG_5hmCG/12_09_24_R1041_UL_HPRC_NA19079_1_dorado0.9.1_sup5.0.0_5mCG_5hmCG.bam','s3://human-pangenomics/working/HPRC/NA19079/raw_data/nanopore/sup5.0.0_5mCG_5hmCG/12_09_24_R1041_UL_HPRC_NA19079_2_dorado0.9.1_sup5.0.0_5mCG_5hmCG.bam']	[--unitig-abundance 8]
NA19087	['s3://human-pangenomics/working/HPRC/NA19087/raw_data/hic/NA19087-1_S7_L001_R1_001.fastq.gz','s3://human-pangenomics/working/HPRC/NA19087/raw_data/hic/NA19087-1_S7_L001_R2_001.fastq.gz','s3://human-pangenomics/working/HPRC/NA19087/raw_data/hic/NA19087-1_S7_L004_R1_001.fastq.gz','s3://human-pangenomics/working/HPRC/NA19087/raw_data/hic/NA19087-1_S7_L004_R2_001.fastq.gz','s3://human-pangenomics/working/HPRC/NA19087/raw_data/hic/NA19087-1_S7_L002_R1_001.fastq.gz','s3://human-pangenomics/working/HPRC/NA19087/raw_data/hic/NA19087-1_S7_L002_R2_001.fastq.gz','s3://human-pangenomics/working/HPRC/NA19087/raw_data/hic/NA19087-1_S7_L003_R1_001.fastq.gz','s3://human-pangenomics/working/HPRC/NA19087/raw_data/hic/NA19087-1_S7_L003_R2_001.fastq.gz','s3://human-pangenomics/working/HPRC/NA19087/raw_data/hic/NA19087-2_S15_L001_R1_001.fastq.gz','s3://human-pangenomics/working/HPRC/NA19087/raw_data/hic/NA19087-2_S15_L001_R2_001.fastq.gz','s3://human-pangenomics/working/HPRC/NA19087/raw_data/hic/NA19087-2_S15_L004_R1_001.fastq.gz','s3://human-pangenomics/working/HPRC/NA19087/raw_data/hic/NA19087-2_S15_L004_R2_001.fastq.gz','s3://human-pangenomics/working/HPRC/NA19087/raw_data/hic/NA19087-2_S15_L003_R1_001.fastq.gz','s3://human-pangenomics/working/HPRC/NA19087/raw_data/hic/NA19087-2_S15_L003_R2_001.fastq.gz','s3://human-pangenomics/working/HPRC/NA19087/raw_data/hic/NA19087-2_S15_L002_R1_001.fastq.gz','s3://human-pangenomics/working/HPRC/NA19087/raw_data/hic/NA19087-2_S15_L002_R2_001.fastq.gz']	['s3://human-pangenomics/working/HPRC/NA19087/raw_data/PacBio_HiFi/deepconsensus/v1pt2/NA19087.m54306Ue_220902_172744.dc.q20.fastq.gz','s3://human-pangenomics/working/HPRC/NA19087/raw_data/PacBio_HiFi/deepconsensus/v1pt2/NA19087.m64055e_220911_090142.dc.q20.fastq.gz','s3://human-pangenomics/working/HPRC/NA19087/raw_data/PacBio_HiFi/deepconsensus/v1pt2/NA19087.m64055e_220913_060032.dc.q20.fastq.gz','s3://human-pangenomics/working/HPRC/NA19087/raw_data/PacBio_HiFi/m84091_231120_185935_s2.hifi_reads.bc1016.bam']	['s3://human-pangenomics/working/HPRC/NA19087/raw_data/Illumina/child/NA19087.final.cram']	['s3://human-pangenomics/working/HPRC/NA19087/raw_data/nanopore/sup5.0.0_5mCG_5hmCG/11_12_24_R1041_UL_HPRC_NA19087_1_dorado1.1.1_sup5.0.0_5mCG_5hmCG.bam','s3://human-pangenomics/working/HPRC/NA19087/raw_data/nanopore/sup5.0.0_5mCG_5hmCG/11_12_24_R1041_UL_HPRC_NA19087_2_dorado1.1.1_sup5.0.0_5mCG_5hmCG.bam','s3://human-pangenomics/working/HPRC/NA19087/raw_data/nanopore/guppy_6/09_14_22_R941_GM19087_1_Guppy_6.5.7_450bps_modbases_5mc_cg_sup_prom_pass.bam','s3://human-pangenomics/working/HPRC/NA19087/raw_data/nanopore/guppy_6/09_14_22_R941_GM19087_2_Guppy_6.5.7_450bps_modbases_5mc_cg_sup_prom_pass.bam','s3://human-pangenomics/working/HPRC/NA19087/raw_data/nanopore/guppy_6/09_14_22_R941_GM19087_3_Guppy_6.5.7_450bps_modbases_5mc_cg_sup_prom_pass.bam']	[--unitig-abundance 8]
NA19099	['s3://human-pangenomics/working/HPRC/NA19099/raw_data/hic/NA19099-2_FC1_S2_L001_R2_001.fastq.gz','s3://human-pangenomics/working/HPRC/NA19099/raw_data/hic/NA19099-1_FC1_S1_L001_R2_001.fastq.gz','s3://human-pangenomics/working/HPRC/NA19099/raw_data/hic/NA19099-2_FC2_S2_L001_R2_001.fastq.gz','s3://human-pangenomics/working/HPRC/NA19099/raw_data/hic/NA19099-1_FC2_S1_L001_R2_001.fastq.gz','s3://human-pangenomics/working/HPRC/NA19099/raw_data/hic/NA19099-2_FC1_S2_L001_R1_001.fastq.gz','s3://human-pangenomics/working/HPRC/NA19099/raw_data/hic/NA19099-1_FC2_S1_L001_R1_001.fastq.gz','s3://human-pangenomics/working/HPRC/NA19099/raw_data/hic/NA19099-1_FC1_S1_L001_R1_001.fastq.gz','s3://human-pangenomics/working/HPRC/NA19099/raw_data/hic/NA19099-2_FC2_S2_L001_R1_001.fastq.gz']	['s3://human-pangenomics/working/HPRC/NA19099/raw_data/PacBio_HiFi/m84081_231124_031433_s4.hifi_reads.bc2066.bam','s3://human-pangenomics/working/HPRC/NA19099/raw_data/PacBio_HiFi/m84081_231122_210358_s4.hifi_reads.bc2066.bam','s3://human-pangenomics/working/HPRC/NA19099/raw_data/PacBio_HiFi/m84081_231029_013437_s1.hifi_reads.bc2066.bam','s3://human-pangenomics/working/HPRC/NA19099/raw_data/PacBio_HiFi/m84081_231027_192451_s1.hifi_reads.bc2066.bam']	['s3://human-pangenomics/working/HPRC/NA19099/raw_data/Illumina/child/NA19099.final.fq.gz']	['s3://human-pangenomics/working/HPRC/NA19099/raw_data/nanopore/sup5.0.0_5mCG_5hmCG/08_08_23_R1041_HPRC_NA19099_1_dorado0.9.1_sup5.0.0_5mCG_5hmCG.bam','s3://human-pangenomics/working/HPRC/NA19099/raw_data/nanopore/sup5.0.0_5mCG_5hmCG/08_08_23_R1041_HPRC_NA19099_2_dorado0.9.1_sup5.0.0_5mCG_5hmCG.bam','s3://human-pangenomics/working/HPRC/NA19099/raw_data/nanopore/sup5.0.0_5mCG_5hmCG/08_08_23_R1041_HPRC_NA19099_3_dorado0.9.1_sup5.0.0_5mCG_5hmCG.bam']	[--unitig-abundance 8]
NA19118	['s3://human-pangenomics/working/HPRC/NA19118/raw_data/hic/NA19118-1_FC1_S25_L003_R2_001.fastq.gz','s3://human-pangenomics/working/HPRC/NA19118/raw_data/hic/NA19118-1_FC2_S25_L003_R1_001.fastq.gz','s3://human-pangenomics/working/HPRC/NA19118/raw_data/hic/NA19118-1_FC1_S25_L003_R1_001.fastq.gz','s3://human-pangenomics/working/HPRC/NA19118/raw_data/hic/NA19118-2_FC2_S26_L003_R1_001.fastq.gz','s3://human-pangenomics/working/HPRC/NA19118/raw_data/hic/NA19118-2_FC1_S26_L003_R2_001.fastq.gz','s3://human-pangenomics/working/HPRC/NA19118/raw_data/hic/NA19118-1_FC2_S25_L003_R2_001.fastq.gz','s3://human-pangenomics/working/HPRC/NA19118/raw_data/hic/NA19118-2_FC1_S26_L003_R1_001.fastq.gz','s3://human-pangenomics/working/HPRC/NA19118/raw_data/hic/NA19118-2_FC2_S26_L003_R2_001.fastq.gz']	['s3://human-pangenomics/working/HPRC/NA19118/raw_data/PacBio_HiFi/m84203_240607_183113_s3.hifi_reads.bc1015.bam','s3://human-pangenomics/working/HPRC/NA19118/raw_data/PacBio_HiFi/m84091_240604_154600_s4.hifi_reads.bc1015.bam','s3://human-pangenomics/working/HPRC/NA19118/raw_data/PacBio_HiFi/m84203_240530_190303_s4.hifi_reads.bc1015.bam']	['s3://human-pangenomics/working/HPRC/NA19118/raw_data/Illumina/child/NA19118.final.fq.gz']	['s3://human-pangenomics/working/HPRC/NA19118/raw_data/nanopore/sup5.0.0_5mCG_5hmCG/10_28_24_R1041_UL_HPRC_NA19118_1_dorado0.9.1_sup5.0.0_5mCG_5hmCG.bam','s3://human-pangenomics/working/HPRC/NA19118/raw_data/nanopore/sup5.0.0_5mCG_5hmCG/10_28_24_R1041_UL_HPRC_NA19118_2_dorado0.9.1_sup5.0.0_5mCG_5hmCG.bam','s3://human-pangenomics/working/HPRC/NA19118/raw_data/nanopore/sup5.0.0_5mCG_5hmCG/12_09_24_R1041_UL_HPRC_NA19118_1_dorado0.9.1_sup5.0.0_5mCG_5hmCG.bam','s3://human-pangenomics/working/HPRC/NA19118/raw_data/nanopore/sup5.0.0_5mCG_5hmCG/12_09_24_R1041_UL_HPRC_NA19118_2_dorado0.9.1_sup5.0.0_5mCG_5hmCG.bam']	[--unitig-abundance 8]
NA19120	['s3://human-pangenomics/working/HPRC/NA19120/raw_data/hic/NA19120-1_S5_L001_R1_001.fastq.gz','s3://human-pangenomics/working/HPRC/NA19120/raw_data/hic/NA19120-1_S5_L002_R1_001.fastq.gz','s3://human-pangenomics/working/HPRC/NA19120/raw_data/hic/NA19120-1_S5_L003_R1_001.fastq.gz','s3://human-pangenomics/working/HPRC/NA19120/raw_data/hic/NA19120-1_S5_L004_R1_001.fastq.gz','s3://human-pangenomics/working/HPRC/NA19120/raw_data/hic/NA19120-2_S13_L001_R1_001.fastq.gz','s3://human-pangenomics/working/HPRC/NA19120/raw_data/hic/NA19120-2_S13_L002_R1_001.fastq.gz','s3://human-pangenomics/working/HPRC/NA19120/raw_data/hic/NA19120-2_S13_L003_R1_001.fastq.gz','s3://human-pangenomics/working/HPRC/NA19120/raw_data/hic/NA19120-2_S13_L004_R1_001.fastq.gz','s3://human-pangenomics/working/HPRC/NA19120/raw_data/hic/NA19120-2_S13i_L001_R1_001.fastq.gz','s3://human-pangenomics/working/HPRC/NA19120/raw_data/hic/NA19120-2_S13i_L002_R1_001.fastq.gz','s3://human-pangenomics/working/HPRC/NA19120/raw_data/hic/NA19120-2_S13i_L003_R1_001.fastq.gz','s3://human-pangenomics/working/HPRC/NA19120/raw_data/hic/NA19120-2_S13i_L004_R1_001.fastq.gz','s3://human-pangenomics/working/HPRC/NA19120/raw_data/hic/NA19120-1_S5_L001_R2_001.fastq.gz','s3://human-pangenomics/working/HPRC/NA19120/raw_data/hic/NA19120-1_S5_L002_R2_001.fastq.gz','s3://human-pangenomics/working/HPRC/NA19120/raw_data/hic/NA19120-1_S5_L003_R2_001.fastq.gz','s3://human-pangenomics/working/HPRC/NA19120/raw_data/hic/NA19120-1_S5_L004_R2_001.fastq.gz','s3://human-pangenomics/working/HPRC/NA19120/raw_data/hic/NA19120-2_S13_L001_R2_001.fastq.gz','s3://human-pangenomics/working/HPRC/NA19120/raw_data/hic/NA19120-2_S13_L002_R2_001.fastq.gz','s3://human-pangenomics/working/HPRC/NA19120/raw_data/hic/NA19120-2_S13_L003_R2_001.fastq.gz','s3://human-pangenomics/working/HPRC/NA19120/raw_data/hic/NA19120-2_S13_L004_R2_001.fastq.gz','s3://human-pangenomics/working/HPRC/NA19120/raw_data/hic/NA19120-2_S13i_L001_R2_001.fastq.gz','s3://human-pangenomics/working/HPRC/NA19120/raw_data/hic/NA19120-2_S13i_L002_R2_001.fastq.gz','s3://human-pangenomics/working/HPRC/NA19120/raw_data/hic/NA19120-2_S13i_L003_R2_001.fastq.gz','s3://human-pangenomics/working/HPRC/NA19120/raw_data/hic/NA19120-2_S13i_L004_R2_001.fastq.gz']	['s3://human-pangenomics/working/HPRC/NA19120/raw_data/PacBio_HiFi/m84081_230511_183900_s4.hifi_reads.bc2003.bam','s3://human-pangenomics/working/HPRC/NA19120/raw_data/PacBio_HiFi/m84081_230508_200546_s2.hifi_reads.bc2003.bam']	['s3://human-pangenomics/working/HPRC/NA19120/raw_data/Illumina/child/NA19120.final.fq.gz']	['s3://human-pangenomics/working/HPRC/NA19120/raw_data/nanopore/sup5.0.0_5mCG_5hmCG/12_02_24_R1041_UL_HPRC_NA19120_1_dorado0.9.5_sup5.0.0_5mCG_5hmCG.bam','s3://human-pangenomics/working/HPRC/NA19120/raw_data/nanopore/sup5.0.0_5mCG_5hmCG/12_02_24_R1041_UL_HPRC_NA19120_2_dorado0.9.5_sup5.0.0_5mCG_5hmCG.bam']	[--unitig-abundance 8]
NA19131	['s3://human-pangenomics/working/HPRC/NA19131/raw_data/hic/NA19131-1_FC2_S13_L001_R2_001.fastq.gz','s3://human-pangenomics/working/HPRC/NA19131/raw_data/hic/NA19131-2_FC3_S21_L001_R2_001.fastq.gz','s3://human-pangenomics/working/HPRC/NA19131/raw_data/hic/NA19131-1_FC3_S13_L001_R2_001.fastq.gz','s3://human-pangenomics/working/HPRC/NA19131/raw_data/hic/NA19131-1_FC3_S13_L001_R1_001.fastq.gz','s3://human-pangenomics/working/HPRC/NA19131/raw_data/hic/NA19131-2_FC1_S21_L001_R2_001.fastq.gz','s3://human-pangenomics/working/HPRC/NA19131/raw_data/hic/NA19131-2_FC3_S21_L001_R1_001.fastq.gz','s3://human-pangenomics/working/HPRC/NA19131/raw_data/hic/NA19131-2_FC1_S21_L001_R1_001.fastq.gz','s3://human-pangenomics/working/HPRC/NA19131/raw_data/hic/NA19131-2_FC4_S21_L001_R2_001.fastq.gz','s3://human-pangenomics/working/HPRC/NA19131/raw_data/hic/NA19131-2_FC4_S21_L001_R1_001.fastq.gz','s3://human-pangenomics/working/HPRC/NA19131/raw_data/hic/NA19131-2_FC2_S21_L001_R1_001.fastq.gz','s3://human-pangenomics/working/HPRC/NA19131/raw_data/hic/NA19131-2_FC2_S21_L001_R2_001.fastq.gz','s3://human-pangenomics/working/HPRC/NA19131/raw_data/hic/NA19131-1_FC1_S13_L001_R2_001.fastq.gz','s3://human-pangenomics/working/HPRC/NA19131/raw_data/hic/NA19131-1_FC1_S13_L001_R1_001.fastq.gz','s3://human-pangenomics/working/HPRC/NA19131/raw_data/hic/NA19131-1_FC2_S13_L001_R1_001.fastq.gz','s3://human-pangenomics/working/HPRC/NA19131/raw_data/hic/NA19131-1_FC4_S13_L001_R1_001.fastq.gz','s3://human-pangenomics/working/HPRC/NA19131/raw_data/hic/NA19131-1_FC4_S13_L001_R2_001.fastq.gz']	['s3://human-pangenomics/working/HPRC/NA19131/raw_data/PacBio_HiFi/m84091_230817_153352_s4.hifi_reads.bc1015.bam','s3://human-pangenomics/working/HPRC/NA19131/raw_data/PacBio_HiFi/m84091_230731_143545_s4.hifi_reads.bc1015.bam','s3://human-pangenomics/working/HPRC/NA19131/raw_data/PacBio_HiFi/m84091_230725_171249_s4.hifi_reads.bc1015.bam']	['s3://human-pangenomics/working/HPRC/NA19131/raw_data/Illumina/child/NA19131.final.fq.gz']	['s3://human-pangenomics/working/HPRC/NA19131/raw_data/nanopore/sup5.0.0_5mCG_5hmCG/09_06_23_R1041_HPRC_NA19131_1_dorado0.9.1_sup5.0.0_5mCG_5hmCG.bam','s3://human-pangenomics/working/HPRC/NA19131/raw_data/nanopore/sup5.0.0_5mCG_5hmCG/09_06_23_R1041_HPRC_NA19131_2_dorado0.9.1_sup5.0.0_5mCG_5hmCG.bam','s3://human-pangenomics/working/HPRC/NA19131/raw_data/nanopore/sup5.0.0_5mCG_5hmCG/09_06_23_R1041_HPRC_NA19131_3_dorado0.9.1_sup5.0.0_5mCG_5hmCG.bam']	[--unitig-abundance 8]
NA19159	['s3://human-pangenomics/working/HPRC/NA19159/raw_data/hic/NA19159-1_S8_L001_R1_001.fastq.gz','s3://human-pangenomics/working/HPRC/NA19159/raw_data/hic/NA19159-1_S8_L001_R2_001.fastq.gz','s3://human-pangenomics/working/HPRC/NA19159/raw_data/hic/NA19159-1_S8_L004_R1_001.fastq.gz','s3://human-pangenomics/working/HPRC/NA19159/raw_data/hic/NA19159-1_S8_L004_R2_001.fastq.gz','s3://human-pangenomics/working/HPRC/NA19159/raw_data/hic/NA19159-1_S8_L002_R1_001.fastq.gz','s3://human-pangenomics/working/HPRC/NA19159/raw_data/hic/NA19159-1_S8_L002_R2_001.fastq.gz','s3://human-pangenomics/working/HPRC/NA19159/raw_data/hic/NA19159-1_S8_L003_R2_001.fastq.gz','s3://human-pangenomics/working/HPRC/NA19159/raw_data/hic/NA19159-1_S8_L003_R1_001.fastq.gz','s3://human-pangenomics/working/HPRC/NA19159/raw_data/hic/NA19159-2_S16_L001_R1_001.fastq.gz','s3://human-pangenomics/working/HPRC/NA19159/raw_data/hic/NA19159-2_S16_L001_R2_001.fastq.gz','s3://human-pangenomics/working/HPRC/NA19159/raw_data/hic/NA19159-2_S16_L004_R1_001.fastq.gz','s3://human-pangenomics/working/HPRC/NA19159/raw_data/hic/NA19159-2_S16_L004_R2_001.fastq.gz','s3://human-pangenomics/working/HPRC/NA19159/raw_data/hic/NA19159-2_S16_L002_R1_001.fastq.gz','s3://human-pangenomics/working/HPRC/NA19159/raw_data/hic/NA19159-2_S16_L002_R2_001.fastq.gz','s3://human-pangenomics/working/HPRC/NA19159/raw_data/hic/NA19159-2_S16_L003_R1_001.fastq.gz','s3://human-pangenomics/working/HPRC/NA19159/raw_data/hic/NA19159-2_S16_L003_R2_001.fastq.gz']	['s3://human-pangenomics/working/HPRC/NA19159/raw_data/PacBio_HiFi/deepconsensus/v1pt2/NA19159.m54306Ue_220907_175549.dc.q20.fastq.gz','s3://human-pangenomics/working/HPRC/NA19159/raw_data/PacBio_HiFi/deepconsensus/v1pt2/NA19159.m64330e_220902_175209.dc.q20.fastq.gz','s3://human-pangenomics/working/HPRC/NA19159/raw_data/PacBio_HiFi/primrose/m64334e_220907_175418.5mc.hifi_reads.bam','s3://human-pangenomics/working/HPRC/NA19159/raw_data/PacBio_HiFi/m84091_230817_150246_s3.hifi_reads.bc1015.bam']	['s3://human-pangenomics/working/HPRC/NA19159/raw_data/Illumina/child/NA19159.final.cram']	['s3://human-pangenomics/working/HPRC/NA19159/raw_data/nanopore/sup5.0.0_5mCG_5hmCG/12_02_24_R1041_UL_HPRC_NA19159_1_dorado0.9.1_sup5.0.0_5mCG_5hmCG.bam','s3://human-pangenomics/working/HPRC/NA19159/raw_data/nanopore/sup5.0.0_5mCG_5hmCG/12_02_24_R1041_UL_HPRC_NA19159_2_dorado0.9.1_sup5.0.0_5mCG_5hmCG.bam','s3://human-pangenomics/working/HPRC/NA19159/raw_data/nanopore/guppy_6/08_10_22_R941_GM19159_1_Guppy_6.5.7_450bps_modbases_5mc_cg_sup_prom_pass.bam','s3://human-pangenomics/working/HPRC/NA19159/raw_data/nanopore/guppy_6/08_10_22_R941_GM19159_2_Guppy_6.5.7_450bps_modbases_5mc_cg_sup_prom_pass.bam','s3://human-pangenomics/working/HPRC/NA19159/raw_data/nanopore/guppy_6/08_10_22_R941_GM19159_3_Guppy_6.5.7_450bps_modbases_5mc_cg_sup_prom_pass.bam']	[--unitig-abundance 8]
NA19175	['s3://human-pangenomics/working/HPRC/NA19175/raw_data/hic/NA19175-1_FC1_S19_L002_R1_001.fastq.gz','s3://human-pangenomics/working/HPRC/NA19175/raw_data/hic/NA19175-1_FC1_S19_L002_R2_001.fastq.gz','s3://human-pangenomics/working/HPRC/NA19175/raw_data/hic/NA19175-1_FC2_S19_L002_R1_001.fastq.gz','s3://human-pangenomics/working/HPRC/NA19175/raw_data/hic/NA19175-1_FC2_S19_L002_R2_001.fastq.gz','s3://human-pangenomics/working/HPRC/NA19175/raw_data/hic/NA19175-2_FC1_S20_L002_R1_001.fastq.gz','s3://human-pangenomics/working/HPRC/NA19175/raw_data/hic/NA19175-2_FC1_S20_L002_R2_001.fastq.gz','s3://human-pangenomics/working/HPRC/NA19175/raw_data/hic/NA19175-2_FC2_S20_L002_R1_001.fastq.gz','s3://human-pangenomics/working/HPRC/NA19175/raw_data/hic/NA19175-2_FC2_S20_L002_R2_001.fastq.gz']	['s3://human-pangenomics/working/HPRC/NA19175/raw_data/PacBio_HiFi/m84091_230703_162202_s1.hifi_reads.bc1001.bam','s3://human-pangenomics/working/HPRC/NA19175/raw_data/PacBio_HiFi/m84091_230629_173950_s1.hifi_reads.bc1001.bam']	['s3://human-pangenomics/working/HPRC/NA19175/raw_data/Illumina/child/NA19175.final.fq.gz']	['s3://human-pangenomics/working/HPRC/NA19175/raw_data/nanopore/sup5.0.0_5mCG_5hmCG/01_16_24_R1041_HPRC_NA19175_1_dorado0.9.1_sup5.0.0_5mCG_5hmCG.bam','s3://human-pangenomics/working/HPRC/NA19175/raw_data/nanopore/sup5.0.0_5mCG_5hmCG/01_16_24_R1041_HPRC_NA19175_2_dorado0.9.1_sup5.0.0_5mCG_5hmCG.bam','s3://human-pangenomics/working/HPRC/NA19175/raw_data/nanopore/sup5.0.0_5mCG_5hmCG/01_16_24_R1041_HPRC_NA19175_3_dorado0.9.1_sup5.0.0_5mCG_5hmCG.bam','s3://human-pangenomics/working/HPRC/NA19175/raw_data/nanopore/sup5.0.0_5mCG_5hmCG/11_7_23_R1041_HPRC_NA19175_1_dorado0.9.1_sup5.0.0_5mCG_5hmCG.bam','s3://human-pangenomics/working/HPRC/NA19175/raw_data/nanopore/sup5.0.0_5mCG_5hmCG/11_7_23_R1041_HPRC_NA19175_2_dorado0.9.1_sup5.0.0_5mCG_5hmCG.bam','s3://human-pangenomics/working/HPRC/NA19175/raw_data/nanopore/sup5.0.0_5mCG_5hmCG/11_7_23_R1041_HPRC_NA19175_3_dorado0.9.1_sup5.0.0_5mCG_5hmCG.bam']	[--unitig-abundance 8]
NA19185	['s3://human-pangenomics/working/HPRC/NA19185/raw_data/hic/NA19185-1_S17_L001_R1_001.fastq.gz','s3://human-pangenomics/working/HPRC/NA19185/raw_data/hic/NA19185-1_S17_L001_R2_001.fastq.gz','s3://human-pangenomics/working/HPRC/NA19185/raw_data/hic/NA19185-2_S25_L001_R1_001.fastq.gz','s3://human-pangenomics/working/HPRC/NA19185/raw_data/hic/NA19185-2_S25_L001_R2_001.fastq.gz','s3://human-pangenomics/working/HPRC/NA19185/raw_data/hic/NA19185-1_S17_L004_R1_001.fastq.gz','s3://human-pangenomics/working/HPRC/NA19185/raw_data/hic/NA19185-1_S17_L004_R2_001.fastq.gz','s3://human-pangenomics/working/HPRC/NA19185/raw_data/hic/NA19185-1_S17_L002_R1_001.fastq.gz','s3://human-pangenomics/working/HPRC/NA19185/raw_data/hic/NA19185-1_S17_L002_R2_001.fastq.gz','s3://human-pangenomics/working/HPRC/NA19185/raw_data/hic/NA19185-1_S17_L003_R1_001.fastq.gz','s3://human-pangenomics/working/HPRC/NA19185/raw_data/hic/NA19185-1_S17_L003_R2_001.fastq.gz','s3://human-pangenomics/working/HPRC/NA19185/raw_data/hic/NA19185-2_S25_L004_R1_001.fastq.gz','s3://human-pangenomics/working/HPRC/NA19185/raw_data/hic/NA19185-2_S25_L004_R2_001.fastq.gz','s3://human-pangenomics/working/HPRC/NA19185/raw_data/hic/NA19185-2_S25_L002_R1_001.fastq.gz','s3://human-pangenomics/working/HPRC/NA19185/raw_data/hic/NA19185-2_S25_L002_R2_001.fastq.gz','s3://human-pangenomics/working/HPRC/NA19185/raw_data/hic/NA19185-2_S25_L003_R1_001.fastq.gz','s3://human-pangenomics/working/HPRC/NA19185/raw_data/hic/NA19185-2_S25_L003_R2_001.fastq.gz']	['s3://human-pangenomics/working/HPRC/NA19185/raw_data/PacBio_HiFi/deepconsensus/v1pt2/NA19185.m64055e_220902_174345.dc.q20.fastq.gz','s3://human-pangenomics/working/HPRC/NA19185/raw_data/PacBio_HiFi/deepconsensus/v1pt2/NA19185.m64055e_220907_174608.dc.q20.fastq.gz','s3://human-pangenomics/working/HPRC/NA19185/raw_data/PacBio_HiFi/deepconsensus/v1pt2/NA19185.m64055e_220909_131447.dc.q20.fastq.gz','s3://human-pangenomics/working/HPRC/NA19185/raw_data/PacBio_HiFi/m84091_231120_182829_s1.hifi_reads.bc1017.bam']	['s3://human-pangenomics/working/HPRC/NA19185/raw_data/Illumina/child/NA19185.final.cram']	['s3://human-pangenomics/working/HPRC/NA19185/raw_data/nanopore/sup5.0.0_5mCG_5hmCG/11_12_24_R1041_UL_HPRC_NA19185_1_dorado0.9.1_sup5.0.0_5mCG_5hmCG.bam','s3://human-pangenomics/working/HPRC/NA19185/raw_data/nanopore/sup5.0.0_5mCG_5hmCG/11_12_24_R1041_UL_HPRC_NA19185_2_dorado0.9.1_sup5.0.0_5mCG_5hmCG.bam','s3://human-pangenomics/working/HPRC/NA19185/raw_data/nanopore/guppy_6/08_10_22_R941_GM19185_1_Guppy_6.5.7_450bps_modbases_5mc_cg_sup_prom_pass.bam','s3://human-pangenomics/working/HPRC/NA19185/raw_data/nanopore/guppy_6/08_10_22_R941_GM19185_2_Guppy_6.5.7_450bps_modbases_5mc_cg_sup_prom_pass.bam','s3://human-pangenomics/working/HPRC/NA19185/raw_data/nanopore/guppy_6/08_10_22_R941_GM19185_3_Guppy_6.5.7_450bps_modbases_5mc_cg_sup_prom_pass.bam']	[--unitig-abundance 8]
NA19190	['s3://human-pangenomics/working/HPRC/NA19190/raw_data/hic/NA19190-1_FC2_S9_L001_R2_001.fastq.gz','s3://human-pangenomics/working/HPRC/NA19190/raw_data/hic/NA19190-1_FC1_S9_L001_R2_001.fastq.gz','s3://human-pangenomics/working/HPRC/NA19190/raw_data/hic/NA19190-2_FC2_S10_L001_R2_001.fastq.gz','s3://human-pangenomics/working/HPRC/NA19190/raw_data/hic/NA19190-2_FC1_S10_L001_R2_001.fastq.gz','s3://human-pangenomics/working/HPRC/NA19190/raw_data/hic/NA19190-2_FC1_S10_L001_R1_001.fastq.gz','s3://human-pangenomics/working/HPRC/NA19190/raw_data/hic/NA19190-2_FC2_S10_L001_R1_001.fastq.gz','s3://human-pangenomics/working/HPRC/NA19190/raw_data/hic/NA19190-1_FC2_S9_L001_R1_001.fastq.gz','s3://human-pangenomics/working/HPRC/NA19190/raw_data/hic/NA19190-1_FC1_S9_L001_R1_001.fastq.gz']	['s3://human-pangenomics/working/HPRC/NA19190/raw_data/PacBio_HiFi/m84046_230913_204538_s3.hifi_reads.bc2035.bam','s3://human-pangenomics/working/HPRC/NA19190/raw_data/PacBio_HiFi/m84046_230909_231800_s4.hifi_reads.bc2035.bam']	['s3://human-pangenomics/working/HPRC/NA19190/raw_data/Illumina/child/NA19190.final.fq.gz']	['s3://human-pangenomics/working/HPRC/NA19190/raw_data/nanopore/sup5.0.0_5mCG_5hmCG/10_24_23_R1041_HPRC_NA19190_1_dorado0.9.1_sup5.0.0_5mCG_5hmCG.bam','s3://human-pangenomics/working/HPRC/NA19190/raw_data/nanopore/sup5.0.0_5mCG_5hmCG/10_24_23_R1041_HPRC_NA19190_2_dorado0.9.1_sup5.0.0_5mCG_5hmCG.bam','s3://human-pangenomics/working/HPRC/NA19190/raw_data/nanopore/sup5.0.0_5mCG_5hmCG/10_24_23_R1041_HPRC_NA19190_3_dorado0.9.1_sup5.0.0_5mCG_5hmCG.bam','s3://human-pangenomics/working/HPRC/NA19190/raw_data/nanopore/sup5.0.0_5mCG_5hmCG/10_24_23_R1041_HPRC_NA19190_4_dorado0.9.1_sup5.0.0_5mCG_5hmCG.bam']	[--unitig-abundance 8]
NA19307	['s3://human-pangenomics/working/HPRC/NA19307/raw_data/hic/NA19307-2_FC1_S44_L004_R2_001.fastq.gz','s3://human-pangenomics/working/HPRC/NA19307/raw_data/hic/NA19307-1_FC2_S43_L004_R1_001.fastq.gz','s3://human-pangenomics/working/HPRC/NA19307/raw_data/hic/NA19307-1_FC1_S43_L004_R2_001.fastq.gz','s3://human-pangenomics/working/HPRC/NA19307/raw_data/hic/NA19307-2_FC1_S44_L004_R1_001.fastq.gz','s3://human-pangenomics/working/HPRC/NA19307/raw_data/hic/NA19307-2_FC2_S44_L004_R1_001.fastq.gz','s3://human-pangenomics/working/HPRC/NA19307/raw_data/hic/NA19307-1_FC1_S43_L004_R1_001.fastq.gz','s3://human-pangenomics/working/HPRC/NA19307/raw_data/hic/NA19307-2_FC2_S44_L004_R2_001.fastq.gz','s3://human-pangenomics/working/HPRC/NA19307/raw_data/hic/NA19307-1_FC2_S43_L004_R2_001.fastq.gz']	['s3://human-pangenomics/working/HPRC/NA19307/raw_data/PacBio_HiFi/m84081_240219_204639_s2.hifi_reads.bc2047.bam','s3://human-pangenomics/working/HPRC/NA19307/raw_data/PacBio_HiFi/m84081_240221_103730_s4.hifi_reads.bc2047.bam','s3://human-pangenomics/working/HPRC/NA19307/raw_data/PacBio_HiFi/m84081_240221_063842_s2.hifi_reads.bc2047.bam','s3://human-pangenomics/working/HPRC/NA19307/raw_data/PacBio_HiFi/m84081_240221_083804_s3.hifi_reads.bc2047.bam','s3://human-pangenomics/working/HPRC/NA19307/raw_data/PacBio_HiFi/m84081_240221_043919_s1.hifi_reads.bc2047.bam','s3://human-pangenomics/working/HPRC/NA19307/raw_data/PacBio_HiFi/m84081_240220_004532_s4.hifi_reads.bc2047.bam','s3://human-pangenomics/working/HPRC/NA19307/raw_data/PacBio_HiFi/m84081_240219_224606_s3.hifi_reads.bc2047.bam']	['s3://human-pangenomics/working/HPRC/NA19307/raw_data/Illumina/child/NA19307.final.fq.gz']	['s3://human-pangenomics/working/HPRC/NA19307/raw_data/nanopore/sup5.0.0_5mCG_5hmCG/10_14_24_R1041_UL_HPRC_NA19307_1_dorado0.9.1_sup5.0.0_5mCG_5hmCG.bam','s3://human-pangenomics/working/HPRC/NA19307/raw_data/nanopore/sup5.0.0_5mCG_5hmCG/10_14_24_R1041_UL_HPRC_NA19307_2_dorado0.9.1_sup5.0.0_5mCG_5hmCG.bam','s3://human-pangenomics/working/HPRC/NA19307/raw_data/nanopore/sup5.0.0_5mCG_5hmCG/10_14_24_R1041_UL_HPRC_NA19307_3_dorado0.9.1_sup5.0.0_5mCG_5hmCG.bam']	[--unitig-abundance 8]
NA19314	['s3://human-pangenomics/working/HPRC/NA19314/raw_data/hic/NA19314-1_FC1_S27_L003_R1_001.fastq.gz','s3://human-pangenomics/working/HPRC/NA19314/raw_data/hic/NA19314-1_FC1_S27_L003_R2_001.fastq.gz','s3://human-pangenomics/working/HPRC/NA19314/raw_data/hic/NA19314-1_FC2_S27_L003_R1_001.fastq.gz','s3://human-pangenomics/working/HPRC/NA19314/raw_data/hic/NA19314-1_FC2_S27_L003_R2_001.fastq.gz','s3://human-pangenomics/working/HPRC/NA19314/raw_data/hic/NA19314-2_FC1_S28_L003_R1_001.fastq.gz','s3://human-pangenomics/working/HPRC/NA19314/raw_data/hic/NA19314-2_FC1_S28_L003_R2_001.fastq.gz','s3://human-pangenomics/working/HPRC/NA19314/raw_data/hic/NA19314-2_FC2_S28_L003_R1_001.fastq.gz','s3://human-pangenomics/working/HPRC/NA19314/raw_data/hic/NA19314-2_FC2_S28_L003_R2_001.fastq.gz']	['s3://human-pangenomics/working/HPRC/NA19314/raw_data/PacBio_HiFi/m84046_240314_024949_s3.hifi_reads.bc2007.bam','s3://human-pangenomics/working/HPRC/NA19314/raw_data/PacBio_HiFi/m84046_240208_060511_s4.hifi_reads.bc2007.bam','s3://human-pangenomics/working/HPRC/NA19314/raw_data/PacBio_HiFi/m84046_240203_081624_s4.hifi_reads.bc2007.bam','s3://human-pangenomics/working/HPRC/NA19314/raw_data/PacBio_HiFi/m84046_240208_080443_s1.hifi_reads.bc2007.bam','s3://human-pangenomics/working/HPRC/NA19314/raw_data/PacBio_HiFi/m84046_240204_053409_s1.hifi_reads.bc2007.bam']	['s3://human-pangenomics/working/HPRC/NA19314/raw_data/Illumina/child/NA19314.final.fq.gz']	['s3://human-pangenomics/working/HPRC/NA19314/raw_data/nanopore/sup5.0.0/04_30_24_R1041_UL_HPRC_NA19314_1_dorado0.9.1_sup5.0.0.bam','s3://human-pangenomics/working/HPRC/NA19314/raw_data/nanopore/sup5.0.0/04_30_24_R1041_UL_HPRC_NA19314_2_dorado0.9.1_sup5.0.0.bam','s3://human-pangenomics/working/HPRC/NA19314/raw_data/nanopore/sup5.0.0/04_30_24_R1041_UL_HPRC_NA19314_3_dorado0.9.1_sup5.0.0.bam']	[--unitig-abundance 8]
NA19321	['s3://human-pangenomics/working/HPRC/NA19321/raw_data/hic/NA19321-2_FC2_S14_L002_R2_001.fastq.gz','s3://human-pangenomics/working/HPRC/NA19321/raw_data/hic/NA19321-2_FC1_S14_L002_R1_001.fastq.gz','s3://human-pangenomics/working/HPRC/NA19321/raw_data/hic/NA19321-2_FC1_S14_L002_R2_001.fastq.gz','s3://human-pangenomics/working/HPRC/NA19321/raw_data/hic/NA19321-2_FC2_S14_L002_R1_001.fastq.gz','s3://human-pangenomics/working/HPRC/NA19321/raw_data/hic/NA19321-1_FC2_S13_L002_R2_001.fastq.gz','s3://human-pangenomics/working/HPRC/NA19321/raw_data/hic/NA19321-1_FC2_S13_L002_R1_001.fastq.gz','s3://human-pangenomics/working/HPRC/NA19321/raw_data/hic/NA19321-1_FC1_S13_L002_R2_001.fastq.gz','s3://human-pangenomics/working/HPRC/NA19321/raw_data/hic/NA19321-1_FC1_S13_L002_R1_001.fastq.gz']	['s3://human-pangenomics/working/HPRC/NA19321/raw_data/PacBio_HiFi/m84046_240617_225739_s3.hifi_reads.bc2008.bam','s3://human-pangenomics/working/HPRC/NA19321/raw_data/PacBio_HiFi/m84046_240607_045510_s3.hifi_reads.bc2008.bam','s3://human-pangenomics/working/HPRC/NA19321/raw_data/PacBio_HiFi/m84046_240610_221424_s4.hifi_reads.bc2008.bam','s3://human-pangenomics/working/HPRC/NA19321/raw_data/PacBio_HiFi/m84046_240607_225120_s4.hifi_reads.bc2008.bam','s3://human-pangenomics/working/HPRC/NA19321/raw_data/PacBio_HiFi/m84046_240614_224759_s4.hifi_reads.bc2008.bam']	['s3://human-pangenomics/working/HPRC/NA19321/raw_data/Illumina/child/NA19321.final.fq.gz']	['s3://human-pangenomics/working/HPRC/NA19321/raw_data/nanopore/sup5.0.0_5mCG_5hmCG/10_21_24_R1041_UL_HPRC_NA19321_1_dorado0.9.1_sup5.0.0_5mCG_5hmCG.bam','s3://human-pangenomics/working/HPRC/NA19321/raw_data/nanopore/sup5.0.0_5mCG_5hmCG/10_21_24_R1041_UL_HPRC_NA19321_2_dorado0.9.1_sup5.0.0_5mCG_5hmCG.bam','s3://human-pangenomics/working/HPRC/NA19321/raw_data/nanopore/sup5.0.0_5mCG_5hmCG/10_21_24_R1041_UL_HPRC_NA19321_3_dorado0.9.1_sup5.0.0_5mCG_5hmCG.bam','s3://human-pangenomics/working/HPRC/NA19321/raw_data/nanopore/sup5.0.0_5mCG_5hmCG/10_21_24_R1041_UL_HPRC_NA19321_4_dorado0.9.1_sup5.0.0_5mCG_5hmCG.bam']	[--unitig-abundance 8]
NA19338	['s3://human-pangenomics/working/HPRC/NA19338/raw_data/hic/NA19338-1_S19_L003_R1_001.fastq.gz','s3://human-pangenomics/working/HPRC/NA19338/raw_data/hic/NA19338-1_S19_L003_R2_001.fastq.gz','s3://human-pangenomics/working/HPRC/NA19338/raw_data/hic/NA19338-1_S19_L001_R1_001.fastq.gz','s3://human-pangenomics/working/HPRC/NA19338/raw_data/hic/NA19338-1_S19_L001_R2_001.fastq.gz','s3://human-pangenomics/working/HPRC/NA19338/raw_data/hic/NA19338-1_S19_L004_R1_001.fastq.gz','s3://human-pangenomics/working/HPRC/NA19338/raw_data/hic/NA19338-1_S19_L004_R2_001.fastq.gz','s3://human-pangenomics/working/HPRC/NA19338/raw_data/hic/NA19338-1_S19_L002_R1_001.fastq.gz','s3://human-pangenomics/working/HPRC/NA19338/raw_data/hic/NA19338-1_S19_L002_R2_001.fastq.gz','s3://human-pangenomics/working/HPRC/NA19338/raw_data/hic/NA19338-2_S27_L003_R1_001.fastq.gz','s3://human-pangenomics/working/HPRC/NA19338/raw_data/hic/NA19338-2_S27_L003_R2_001.fastq.gz','s3://human-pangenomics/working/HPRC/NA19338/raw_data/hic/NA19338-2_S27_L004_R1_001.fastq.gz','s3://human-pangenomics/working/HPRC/NA19338/raw_data/hic/NA19338-2_S27_L004_R2_001.fastq.gz','s3://human-pangenomics/working/HPRC/NA19338/raw_data/hic/NA19338-2_S27_L001_R1_001.fastq.gz','s3://human-pangenomics/working/HPRC/NA19338/raw_data/hic/NA19338-2_S27_L001_R2_001.fastq.gz','s3://human-pangenomics/working/HPRC/NA19338/raw_data/hic/NA19338-2_S27_L002_R1_001.fastq.gz','s3://human-pangenomics/working/HPRC/NA19338/raw_data/hic/NA19338-2_S27_L002_R2_001.fastq.gz']	['s3://human-pangenomics/working/HPRC/NA19338/raw_data/PacBio_HiFi/deepconsensus/v1pt2/NA19338.m54306Ue_220722_175158.dc.q20.fastq.gz','s3://human-pangenomics/working/HPRC/NA19338/raw_data/PacBio_HiFi/deepconsensus/v1pt2/NA19338.m64055e_220729_170145.dc.q20.fastq.gz','s3://human-pangenomics/working/HPRC/NA19338/raw_data/PacBio_HiFi/deepconsensus/v1pt2/NA19338.m64055e_220731_124800.dc.q20.fastq.gz','s3://human-pangenomics/working/HPRC/NA19338/raw_data/PacBio_HiFi/m84091_231120_175800_s4.hifi_reads.bc1002.bam','s3://human-pangenomics/working/HPRC/NA19338/raw_data/PacBio_HiFi/m84091_230705_184508_s4.hifi_reads.bc1002.bam','s3://human-pangenomics/working/HPRC/NA19338/raw_data/PacBio_HiFi/m84091_230705_174256_s2.hifi_reads.bc1002.bam']	['s3://human-pangenomics/working/HPRC/NA19338/raw_data/Illumina/child/NA19338.final.cram']	['s3://human-pangenomics/working/HPRC/NA19338/raw_data/nanopore/sup5.0.0_5mCG_5hmCG/11_18_24_R1041_UL_HPRC_NA19338_1_dorado0.9.1_sup5.0.0_5mCG_5hmCG.bam','s3://human-pangenomics/working/HPRC/NA19338/raw_data/nanopore/sup5.0.0_5mCG_5hmCG/11_18_24_R1041_UL_HPRC_NA19338_2_dorado0.9.1_sup5.0.0_5mCG_5hmCG.bam','s3://human-pangenomics/working/HPRC/NA19338/raw_data/nanopore/guppy_6/05_24_22_R941_GM19338_1_Guppy_6.5.7_450bps_modbases_5mc_cg_sup_prom_pass.bam','s3://human-pangenomics/working/HPRC/NA19338/raw_data/nanopore/guppy_6/05_24_22_R941_GM19338_2_Guppy_6.5.7_450bps_modbases_5mc_cg_sup_prom_pass.bam','s3://human-pangenomics/working/HPRC/NA19338/raw_data/nanopore/guppy_6/05_24_22_R941_GM19338_3_Guppy_6.5.7_450bps_modbases_5mc_cg_sup_prom_pass.bam']	[--unitig-abundance 8]
NA19360	['s3://human-pangenomics/working/HPRC/NA19360/raw_data/hic/NA19360-1_FC2_S31_L003_R2_001.fastq.gz','s3://human-pangenomics/working/HPRC/NA19360/raw_data/hic/NA19360-1_FC1_S31_L003_R2_001.fastq.gz','s3://human-pangenomics/working/HPRC/NA19360/raw_data/hic/NA19360-2_FC1_S32_L003_R2_001.fastq.gz','s3://human-pangenomics/working/HPRC/NA19360/raw_data/hic/NA19360-2_FC1_S32_L003_R1_001.fastq.gz','s3://human-pangenomics/working/HPRC/NA19360/raw_data/hic/NA19360-2_FC2_S32_L003_R2_001.fastq.gz','s3://human-pangenomics/working/HPRC/NA19360/raw_data/hic/NA19360-2_FC2_S32_L003_R1_001.fastq.gz','s3://human-pangenomics/working/HPRC/NA19360/raw_data/hic/NA19360-1_FC1_S31_L003_R1_001.fastq.gz','s3://human-pangenomics/working/HPRC/NA19360/raw_data/hic/NA19360-1_FC2_S31_L003_R1_001.fastq.gz']	['s3://human-pangenomics/working/HPRC/NA19360/raw_data/PacBio_HiFi/m84203_240503_193656_s1.hifi_reads.bc1008.bam','s3://human-pangenomics/working/HPRC/NA19360/raw_data/PacBio_HiFi/m84203_240513_203944_s3.hifi_reads.bc1008.bam','s3://human-pangenomics/working/HPRC/NA19360/raw_data/PacBio_HiFi/m84091_240507_192334_s4.hifi_reads.bc1008.bam']	['s3://human-pangenomics/working/HPRC/NA19360/raw_data/Illumina/child/NA19360.final.fq.gz']	['s3://human-pangenomics/working/HPRC/NA19360/raw_data/nanopore/sup5.0.0/03_26_24_R1041_UL_HPRC_NA19360_1_dorado0.9.1_sup5.0.0.bam','s3://human-pangenomics/working/HPRC/NA19360/raw_data/nanopore/sup5.0.0/03_26_24_R1041_UL_HPRC_NA19360_2_dorado0.9.1_sup5.0.0.bam','s3://human-pangenomics/working/HPRC/NA19360/raw_data/nanopore/sup5.0.0/03_26_24_R1041_UL_HPRC_NA19360_3_dorado0.9.1_sup5.0.0.bam']	[--unitig-abundance 8]
NA19375	['s3://human-pangenomics/working/HPRC/NA19375/raw_data/hic/NA19375-2_FC2_S20_L002_R1_001.fastq.gz','s3://human-pangenomics/working/HPRC/NA19375/raw_data/hic/NA19375-2_FC1_S20_L002_R2_001.fastq.gz','s3://human-pangenomics/working/HPRC/NA19375/raw_data/hic/NA19375-1_FC1_S19_L002_R2_001.fastq.gz','s3://human-pangenomics/working/HPRC/NA19375/raw_data/hic/NA19375-2_FC1_S20_L002_R1_001.fastq.gz','s3://human-pangenomics/working/HPRC/NA19375/raw_data/hic/NA19375-1_FC2_S19_L002_R1_001.fastq.gz','s3://human-pangenomics/working/HPRC/NA19375/raw_data/hic/NA19375-1_FC1_S19_L002_R1_001.fastq.gz','s3://human-pangenomics/working/HPRC/NA19375/raw_data/hic/NA19375-1_FC2_S19_L002_R2_001.fastq.gz','s3://human-pangenomics/working/HPRC/NA19375/raw_data/hic/NA19375-2_FC2_S20_L002_R2_001.fastq.gz']	['s3://human-pangenomics/working/HPRC/NA19375/raw_data/PacBio_HiFi/m84203_240528_151651_s3.hifi_reads.bc1017.bam','s3://human-pangenomics/working/HPRC/NA19375/raw_data/PacBio_HiFi/m84203_240524_205047_s2.hifi_reads.bc1017.bam']	['s3://human-pangenomics/working/HPRC/NA19375/raw_data/Illumina/child/NA19375.final.fq.gz']	['s3://human-pangenomics/working/HPRC/NA19375/raw_data/nanopore/sup5.0.0/10_21_24_R1041_UL_HPRC_NA19375_2_dorado0.9.1_sup5.0.0.bam','s3://human-pangenomics/working/HPRC/NA19375/raw_data/nanopore/sup5.0.0/10_21_24_R1041_UL_HPRC_NA19375_3_dorado0.9.1_sup5.0.0.bam','s3://human-pangenomics/working/HPRC/NA19375/raw_data/nanopore/sup5.0.0_5mCG_5hmCG/10_21_24_R1041_UL_HPRC_NA19375_1_dorado1.1.1_sup5.0.0_5mCG_5hmCG.bam']	[--unitig-abundance 8]
NA19390	['s3://human-pangenomics/working/HPRC/NA19390/raw_data/hic/NA19390-1_FC1_S17_L002_R1_001.fastq.gz','s3://human-pangenomics/working/HPRC/NA19390/raw_data/hic/NA19390-1_FC1_S17_L002_R2_001.fastq.gz','s3://human-pangenomics/working/HPRC/NA19390/raw_data/hic/NA19390-1_FC2_S17_L002_R1_001.fastq.gz','s3://human-pangenomics/working/HPRC/NA19390/raw_data/hic/NA19390-1_FC2_S17_L002_R2_001.fastq.gz','s3://human-pangenomics/working/HPRC/NA19390/raw_data/hic/NA19390-2_FC1_S18_L002_R1_001.fastq.gz','s3://human-pangenomics/working/HPRC/NA19390/raw_data/hic/NA19390-2_FC1_S18_L002_R2_001.fastq.gz','s3://human-pangenomics/working/HPRC/NA19390/raw_data/hic/NA19390-2_FC2_S18_L002_R1_001.fastq.gz','s3://human-pangenomics/working/HPRC/NA19390/raw_data/hic/NA19390-2_FC2_S18_L002_R2_001.fastq.gz']	['s3://human-pangenomics/working/HPRC/NA19390/raw_data/PacBio_HiFi/m84046_230508_200815_s4.hifi_reads.bc2092.bam','s3://human-pangenomics/working/HPRC/NA19390/raw_data/PacBio_HiFi/m84046_230501_151821_s4.hifi_reads.bc2092.bam','s3://human-pangenomics/working/HPRC/NA19390/raw_data/PacBio_HiFi/m84046_230504_212559_s4.hifi_reads.bc2092.bam','s3://human-pangenomics/working/HPRC/NA19390/raw_data/PacBio_HiFi/m84046_230504_205453_s3.hifi_reads.bc2092.bam']	['s3://human-pangenomics/working/HPRC/NA19390/raw_data/Illumina/child/NA19390.final.fq.gz']	['s3://human-pangenomics/working/HPRC/NA19390/raw_data/nanopore/sup5.0.0_5mCG_5hmCG/11_7_23_R1041_HPRC_NA19390_1_dorado0.9.5_sup5.0.0_5mCG_5hmCG.bam','s3://human-pangenomics/working/HPRC/NA19390/raw_data/nanopore/sup5.0.0_5mCG_5hmCG/11_7_23_R1041_HPRC_NA19390_2_dorado0.9.5_sup5.0.0_5mCG_5hmCG.bam','s3://human-pangenomics/working/HPRC/NA19390/raw_data/nanopore/sup5.0.0_5mCG_5hmCG/11_7_23_R1041_HPRC_NA19390_3_dorado0.9.5_sup5.0.0_5mCG_5hmCG.bam']	[--unitig-abundance 8]
NA19391	['s3://human-pangenomics/working/HPRC/NA19391/raw_data/hic/NA19391-2_S28_L003_R1_001.fastq.gz','s3://human-pangenomics/working/HPRC/NA19391/raw_data/hic/NA19391-2_S28_L003_R2_001.fastq.gz','s3://human-pangenomics/working/HPRC/NA19391/raw_data/hic/NA19391-2_S28_L001_R1_001.fastq.gz','s3://human-pangenomics/working/HPRC/NA19391/raw_data/hic/NA19391-2_S28_L001_R2_001.fastq.gz','s3://human-pangenomics/working/HPRC/NA19391/raw_data/hic/NA19391-2_S28_L004_R1_001.fastq.gz','s3://human-pangenomics/working/HPRC/NA19391/raw_data/hic/NA19391-2_S28_L004_R2_001.fastq.gz','s3://human-pangenomics/working/HPRC/NA19391/raw_data/hic/NA19391-2_S28_L002_R1_001.fastq.gz','s3://human-pangenomics/working/HPRC/NA19391/raw_data/hic/NA19391-2_S28_L002_R2_001.fastq.gz','s3://human-pangenomics/working/HPRC/NA19391/raw_data/hic/NA19391-1_S20_L003_R1_001.fastq.gz','s3://human-pangenomics/working/HPRC/NA19391/raw_data/hic/NA19391-1_S20_L003_R2_001.fastq.gz','s3://human-pangenomics/working/HPRC/NA19391/raw_data/hic/NA19391-1_S20_L004_R1_001.fastq.gz','s3://human-pangenomics/working/HPRC/NA19391/raw_data/hic/NA19391-1_S20_L004_R2_001.fastq.gz','s3://human-pangenomics/working/HPRC/NA19391/raw_data/hic/NA19391-1_S20_L001_R1_001.fastq.gz','s3://human-pangenomics/working/HPRC/NA19391/raw_data/hic/NA19391-1_S20_L001_R2_001.fastq.gz','s3://human-pangenomics/working/HPRC/NA19391/raw_data/hic/NA19391-1_S20_L002_R1_001.fastq.gz','s3://human-pangenomics/working/HPRC/NA19391/raw_data/hic/NA19391-1_S20_L002_R2_001.fastq.gz']	['s3://human-pangenomics/working/HPRC/NA19391/raw_data/PacBio_HiFi/deepconsensus/v1pt2/NA19391.m54306Ue_220815_144205.dc.q20.fastq.gz','s3://human-pangenomics/working/HPRC/NA19391/raw_data/PacBio_HiFi/deepconsensus/v1pt2/NA19391.m64330e_220819_173115.dc.q20.fastq.gz','s3://human-pangenomics/working/HPRC/NA19391/raw_data/PacBio_HiFi/deepconsensus/v1pt2/NA19391.m64334e_220819_174259.dc.q20.fastq.gz','s3://human-pangenomics/working/HPRC/NA19391/raw_data/PacBio_HiFi/m84091_231120_175800_s4.hifi_reads.bc1015.bam']	['s3://human-pangenomics/working/HPRC/NA19391/raw_data/Illumina/child/NA19391.final.cram']	['s3://human-pangenomics/working/HPRC/NA19391/raw_data/nanopore/sup5.0.0_5mCG_5hmCG/11_18_24_R1041_UL_HPRC_NA19391_1_dorado0.9.1_sup5.0.0_5mCG_5hmCG.bam','s3://human-pangenomics/working/HPRC/NA19391/raw_data/nanopore/sup5.0.0_5mCG_5hmCG/11_18_24_R1041_UL_HPRC_NA19391_2_dorado0.9.1_sup5.0.0_5mCG_5hmCG.bam','s3://human-pangenomics/working/HPRC/NA19391/raw_data/nanopore/guppy_6/05_24_22_R941_GM19391_1_Guppy_6.5.7_450bps_modbases_5mc_cg_sup_prom_pass.bam','s3://human-pangenomics/working/HPRC/NA19391/raw_data/nanopore/guppy_6/05_24_22_R941_GM19391_2_Guppy_6.5.7_450bps_modbases_5mc_cg_sup_prom_pass.bam','s3://human-pangenomics/working/HPRC/NA19391/raw_data/nanopore/guppy_6/05_24_22_R941_GM19391_3_Guppy_6.5.7_450bps_modbases_5mc_cg_sup_prom_pass.bam']	[--unitig-abundance 8]
NA19395	['s3://human-pangenomics/working/HPRC/NA19395/raw_data/hic/NA19395-1_FC1_S5_L001_R2_001.fastq.gz','s3://human-pangenomics/working/HPRC/NA19395/raw_data/hic/NA19395-1_FC2_S5_L001_R1_001.fastq.gz','s3://human-pangenomics/working/HPRC/NA19395/raw_data/hic/NA19395-2_FC1_S6_L001_R2_001.fastq.gz','s3://human-pangenomics/working/HPRC/NA19395/raw_data/hic/NA19395-1_FC1_S5_L001_R1_001.fastq.gz','s3://human-pangenomics/working/HPRC/NA19395/raw_data/hic/NA19395-2_FC2_S6_L001_R1_001.fastq.gz','s3://human-pangenomics/working/HPRC/NA19395/raw_data/hic/NA19395-1_FC2_S5_L001_R2_001.fastq.gz','s3://human-pangenomics/working/HPRC/NA19395/raw_data/hic/NA19395-2_FC1_S6_L001_R1_001.fastq.gz','s3://human-pangenomics/working/HPRC/NA19395/raw_data/hic/NA19395-2_FC2_S6_L001_R2_001.fastq.gz']	['s3://human-pangenomics/working/HPRC/NA19395/raw_data/PacBio_HiFi/m84081_240427_120740_s4.hifi_reads.bc2088.bam','s3://human-pangenomics/working/HPRC/NA19395/raw_data/PacBio_HiFi/m84081_240427_100714_s3.hifi_reads.bc2088.bam']	['s3://human-pangenomics/working/HPRC/NA19395/raw_data/Illumina/child/NA19395.final.fq.gz']	['s3://human-pangenomics/working/HPRC/NA19395/raw_data/nanopore/sup5.0.0/04_30_24_R1041_UL_HPRC_NA19395_1_dorado0.9.1_sup5.0.0.bam','s3://human-pangenomics/working/HPRC/NA19395/raw_data/nanopore/sup5.0.0/04_30_24_R1041_UL_HPRC_NA19395_2_dorado0.9.1_sup5.0.0.bam','s3://human-pangenomics/working/HPRC/NA19395/raw_data/nanopore/sup5.0.0/04_30_24_R1041_UL_HPRC_NA19395_3_dorado0.9.1_sup5.0.0.bam']	[--unitig-abundance 8]
NA19438	['s3://human-pangenomics/working/HPRC/NA19438/raw_data/hic/NA19438-1_FC1_S21_L002_R2_001.fastq.gz','s3://human-pangenomics/working/HPRC/NA19438/raw_data/hic/NA19438-1_FC2_S21_L002_R1_001.fastq.gz','s3://human-pangenomics/working/HPRC/NA19438/raw_data/hic/NA19438-2_FC1_S22_L002_R2_001.fastq.gz','s3://human-pangenomics/working/HPRC/NA19438/raw_data/hic/NA19438-2_FC2_S22_L002_R1_001.fastq.gz','s3://human-pangenomics/working/HPRC/NA19438/raw_data/hic/NA19438-1_FC1_S21_L002_R1_001.fastq.gz','s3://human-pangenomics/working/HPRC/NA19438/raw_data/hic/NA19438-2_FC1_S22_L002_R1_001.fastq.gz','s3://human-pangenomics/working/HPRC/NA19438/raw_data/hic/NA19438-2_FC2_S22_L002_R2_001.fastq.gz','s3://human-pangenomics/working/HPRC/NA19438/raw_data/hic/NA19438-1_FC2_S21_L002_R2_001.fastq.gz']	['s3://human-pangenomics/working/HPRC/NA19438/raw_data/PacBio_HiFi/m84203_240604_164349_s2.hifi_reads.bc1012.bam','s3://human-pangenomics/working/HPRC/NA19438/raw_data/PacBio_HiFi/m84091_240530_200019_s2.hifi_reads.bc1012.bam']	['s3://human-pangenomics/working/HPRC/NA19438/raw_data/Illumina/child/NA19438.final.fq.gz']	['s3://human-pangenomics/working/HPRC/NA19438/raw_data/nanopore/sup5.0.0/10_28_24_R1041_UL_HPRC_NA19438_1_dorado0.9.1_sup5.0.0.bam','s3://human-pangenomics/working/HPRC/NA19438/raw_data/nanopore/sup5.0.0/10_28_24_R1041_UL_HPRC_NA19438_2_dorado0.9.1_sup5.0.0.bam']	[--unitig-abundance 8]
NA19439	['s3://human-pangenomics/working/HPRC/NA19439/raw_data/hic/NA19439-1_FC1_S45_L004_R1_001.fastq.gz','s3://human-pangenomics/working/HPRC/NA19439/raw_data/hic/NA19439-1_FC1_S45_L004_R2_001.fastq.gz','s3://human-pangenomics/working/HPRC/NA19439/raw_data/hic/NA19439-1_FC2_S45_L004_R1_001.fastq.gz','s3://human-pangenomics/working/HPRC/NA19439/raw_data/hic/NA19439-1_FC2_S45_L004_R2_001.fastq.gz','s3://human-pangenomics/working/HPRC/NA19439/raw_data/hic/NA19439-2_FC1_S46_L004_R1_001.fastq.gz','s3://human-pangenomics/working/HPRC/NA19439/raw_data/hic/NA19439-2_FC1_S46_L004_R2_001.fastq.gz','s3://human-pangenomics/working/HPRC/NA19439/raw_data/hic/NA19439-2_FC2_S46_L004_R1_001.fastq.gz','s3://human-pangenomics/working/HPRC/NA19439/raw_data/hic/NA19439-2_FC2_S46_L004_R2_001.fastq.gz']	['s3://human-pangenomics/working/HPRC/NA19439/raw_data/PacBio_HiFi/m84203_240524_201941_s1.hifi_reads.bc1022.bam','s3://human-pangenomics/working/HPRC/NA19439/raw_data/PacBio_HiFi/m84091_240515_222540_s1.hifi_reads.bc1022.bam','s3://human-pangenomics/working/HPRC/NA19439/raw_data/PacBio_HiFi/m84203_240520_171047_s4.hifi_reads.bc1022.bam']	['s3://human-pangenomics/working/HPRC/NA19439/raw_data/Illumina/child/NA19439.final.fq.gz']	['s3://human-pangenomics/working/HPRC/NA19439/raw_data/nanopore/sup5.0.0/10_21_24_R1041_UL_HPRC_NA19439_1_dorado0.9.1_sup5.0.0.bam','s3://human-pangenomics/working/HPRC/NA19439/raw_data/nanopore/sup5.0.0/10_21_24_R1041_UL_HPRC_NA19439_2_dorado0.9.1_sup5.0.0.bam']	[--unitig-abundance 8]
NA19443	['s3://human-pangenomics/working/HPRC/NA19443/raw_data/hic/NA19443-2_FC1_S14_L003_R1_001.fastq.gz','s3://human-pangenomics/working/HPRC/NA19443/raw_data/hic/NA19443-2_FC1_S14_L003_R2_001.fastq.gz','s3://human-pangenomics/working/HPRC/NA19443/raw_data/hic/NA19443-2_FC2_S14_L003_R1_001.fastq.gz','s3://human-pangenomics/working/HPRC/NA19443/raw_data/hic/NA19443-2_FC2_S14_L003_R2_001.fastq.gz','s3://human-pangenomics/working/HPRC/NA19443/raw_data/hic/NA19443-1_FC1_S13_L003_R1_001.fastq.gz','s3://human-pangenomics/working/HPRC/NA19443/raw_data/hic/NA19443-1_FC1_S13_L003_R2_001.fastq.gz','s3://human-pangenomics/working/HPRC/NA19443/raw_data/hic/NA19443-1_FC2_S13_L003_R1_001.fastq.gz','s3://human-pangenomics/working/HPRC/NA19443/raw_data/hic/NA19443-1_FC2_S13_L003_R2_001.fastq.gz']	['s3://human-pangenomics/working/HPRC/NA19443/raw_data/PacBio_HiFi/m84046_230712_231732_s2.hifi_reads.bc2053.bam','s3://human-pangenomics/working/HPRC/NA19443/raw_data/PacBio_HiFi/m84046_230701_000218_s4.hifi_reads.bc2053.bam','s3://human-pangenomics/working/HPRC/NA19443/raw_data/PacBio_HiFi/m84046_230627_204123_s2.hifi_reads.bc2053.bam','s3://human-pangenomics/working/HPRC/NA19443/raw_data/PacBio_HiFi/m84046_230623_203534_s4.hifi_reads.bc2053.bam','s3://human-pangenomics/working/HPRC/NA19443/raw_data/PacBio_HiFi/m84046_230627_201017_s1.hifi_reads.bc2053.bam']	['s3://human-pangenomics/working/HPRC/NA19443/raw_data/Illumina/child/NA19443.final.cram']	['s3://human-pangenomics/working/HPRC/NA19443/raw_data/nanopore/sup5.0.0_5mCG_5hmCG/01_23_24_R1041_HPRC_NA19443_1_dorado0.9.5_sup5.0.0_5mCG_5hmCG.bam','s3://human-pangenomics/working/HPRC/NA19443/raw_data/nanopore/sup5.0.0_5mCG_5hmCG/01_23_24_R1041_HPRC_NA19443_2_dorado0.9.5_sup5.0.0_5mCG_5hmCG.bam','s3://human-pangenomics/working/HPRC/NA19443/raw_data/nanopore/sup5.0.0_5mCG_5hmCG/12_12_23_R1041_HPRC_NA19443_1_dorado0.9.5_sup5.0.0_5mCG_5hmCG.bam','s3://human-pangenomics/working/HPRC/NA19443/raw_data/nanopore/sup5.0.0_5mCG_5hmCG/12_12_23_R1041_HPRC_NA19443_2_dorado0.9.5_sup5.0.0_5mCG_5hmCG.bam','s3://human-pangenomics/working/HPRC/NA19443/raw_data/nanopore/sup5.0.0_5mCG_5hmCG/12_12_23_R1041_HPRC_NA19443_3_dorado0.9.5_sup5.0.0_5mCG_5hmCG.bam']	[--unitig-abundance 8]
NA19445	['s3://human-pangenomics/working/HPRC/NA19445/raw_data/hic/NA19445-1_FC1_S5_L001_R1_001.fastq.gz','s3://human-pangenomics/working/HPRC/NA19445/raw_data/hic/NA19445-1_FC1_S5_L001_R2_001.fastq.gz','s3://human-pangenomics/working/HPRC/NA19445/raw_data/hic/NA19445-1_FC2_S5_L001_R1_001.fastq.gz','s3://human-pangenomics/working/HPRC/NA19445/raw_data/hic/NA19445-1_FC2_S5_L001_R2_001.fastq.gz','s3://human-pangenomics/working/HPRC/NA19445/raw_data/hic/NA19445-2_FC1_S6_L001_R1_001.fastq.gz','s3://human-pangenomics/working/HPRC/NA19445/raw_data/hic/NA19445-2_FC1_S6_L001_R2_001.fastq.gz','s3://human-pangenomics/working/HPRC/NA19445/raw_data/hic/NA19445-2_FC2_S6_L001_R1_001.fastq.gz','s3://human-pangenomics/working/HPRC/NA19445/raw_data/hic/NA19445-2_FC2_S6_L001_R2_001.fastq.gz']	['s3://human-pangenomics/working/HPRC/NA19445/raw_data/PacBio_HiFi/m84091_240718_212041_s3.hifi_reads.bc1009.bam','s3://human-pangenomics/working/HPRC/NA19445/raw_data/PacBio_HiFi/m84203_240531_201448_s2.hifi_reads.bc1009.bam','s3://human-pangenomics/working/HPRC/NA19445/raw_data/PacBio_HiFi/m84091_240607_213842_s3.hifi_reads.bc1009.bam','s3://human-pangenomics/working/HPRC/NA19445/raw_data/PacBio_HiFi/m84091_240710_204343_s2.hifi_reads.bc1009.bam']	['s3://human-pangenomics/working/HPRC/NA19445/raw_data/Illumina/child/NA19445.final.fq.gz']	['s3://human-pangenomics/working/HPRC/NA19445/raw_data/nanopore/sup5.0.0/10_28_24_R1041_UL_HPRC_NA19445_1_dorado0.9.1_sup5.0.0.bam','s3://human-pangenomics/working/HPRC/NA19445/raw_data/nanopore/sup5.0.0/10_28_24_R1041_UL_HPRC_NA19445_2_dorado0.9.1_sup5.0.0.bam']	[--unitig-abundance 8]
NA19448	['s3://human-pangenomics/working/HPRC/NA19448/raw_data/hic/NA19448-1_FC1_S37_L003_R1_001.fastq.gz','s3://human-pangenomics/working/HPRC/NA19448/raw_data/hic/NA19448-1_FC1_S37_L003_R2_001.fastq.gz','s3://human-pangenomics/working/HPRC/NA19448/raw_data/hic/NA19448-1_FC2_S37_L003_R1_001.fastq.gz','s3://human-pangenomics/working/HPRC/NA19448/raw_data/hic/NA19448-1_FC2_S37_L003_R2_001.fastq.gz','s3://human-pangenomics/working/HPRC/NA19448/raw_data/hic/NA19448-2_FC1_S38_L004_R1_001.fastq.gz','s3://human-pangenomics/working/HPRC/NA19448/raw_data/hic/NA19448-2_FC1_S38_L004_R2_001.fastq.gz','s3://human-pangenomics/working/HPRC/NA19448/raw_data/hic/NA19448-2_FC2_S38_L004_R1_001.fastq.gz','s3://human-pangenomics/working/HPRC/NA19448/raw_data/hic/NA19448-2_FC2_S38_L004_R2_001.fastq.gz']	['s3://human-pangenomics/working/HPRC/NA19448/raw_data/PacBio_HiFi/m84046_240705_224900_s2.hifi_reads.bc2037.bam','s3://human-pangenomics/working/HPRC/NA19448/raw_data/PacBio_HiFi/m84046_240625_230142_s4.hifi_reads.bc2037.bam','s3://human-pangenomics/working/HPRC/NA19448/raw_data/PacBio_HiFi/m84046_240628_144642_s2.hifi_reads.bc2037.bam','s3://human-pangenomics/working/HPRC/NA19448/raw_data/PacBio_HiFi/m84046_240625_210222_s3.hifi_reads.bc2037.bam']	['s3://human-pangenomics/working/HPRC/NA19448/raw_data/Illumina/child/NA19448.final.fq.gz']	['s3://human-pangenomics/working/HPRC/NA19448/raw_data/nanopore/sup5.0.0/10_21_24_R1041_UL_HPRC_NA19448_1_dorado0.9.1_sup5.0.0.bam','s3://human-pangenomics/working/HPRC/NA19448/raw_data/nanopore/sup5.0.0/10_21_24_R1041_UL_HPRC_NA19448_2_dorado0.9.1_sup5.0.0.bam']	[--unitig-abundance 8]
NA19461	['s3://human-pangenomics/working/HPRC/NA19461/raw_data/hic/NA19461-1_FC1_S11_L001_R1_001.fastq.gz','s3://human-pangenomics/working/HPRC/NA19461/raw_data/hic/NA19461-1_FC1_S11_L001_R2_001.fastq.gz','s3://human-pangenomics/working/HPRC/NA19461/raw_data/hic/NA19461-1_FC2_S11_L001_R1_001.fastq.gz','s3://human-pangenomics/working/HPRC/NA19461/raw_data/hic/NA19461-1_FC2_S11_L001_R2_001.fastq.gz','s3://human-pangenomics/working/HPRC/NA19461/raw_data/hic/NA19461-2_FC1_S12_L001_R1_001.fastq.gz','s3://human-pangenomics/working/HPRC/NA19461/raw_data/hic/NA19461-2_FC1_S12_L001_R2_001.fastq.gz','s3://human-pangenomics/working/HPRC/NA19461/raw_data/hic/NA19461-2_FC2_S12_L001_R1_001.fastq.gz','s3://human-pangenomics/working/HPRC/NA19461/raw_data/hic/NA19461-2_FC2_S12_L001_R2_001.fastq.gz']	['s3://human-pangenomics/working/HPRC/NA19461/raw_data/PacBio_HiFi/m84046_240615_004728_s1.hifi_reads.bc2009.bam','s3://human-pangenomics/working/HPRC/NA19461/raw_data/PacBio_HiFi/m84046_240608_024954_s2.hifi_reads.bc2009.bam','s3://human-pangenomics/working/HPRC/NA19461/raw_data/PacBio_HiFi/m84046_240611_021255_s2.hifi_reads.bc2009.bam','s3://human-pangenomics/working/HPRC/NA19461/raw_data/PacBio_HiFi/m84046_240611_001340_s1.hifi_reads.bc2009.bam']	['s3://human-pangenomics/working/HPRC/NA19461/raw_data/Illumina/child/NA19461.final.fq.gz']	['s3://human-pangenomics/working/HPRC/NA19461/raw_data/nanopore/sup5.0.0/10_15_24_R1041_UL_HPRC_NA19461_1_dorado0.9.1_sup5.0.0.bam','s3://human-pangenomics/working/HPRC/NA19461/raw_data/nanopore/sup5.0.0/10_15_24_R1041_UL_HPRC_NA19461_2_dorado0.9.1_sup5.0.0.bam','s3://human-pangenomics/working/HPRC/NA19461/raw_data/nanopore/sup5.0.0/10_28_24_R1041_UL_HPRC_NA19461_1_dorado0.9.1_sup5.0.0.bam']	[--unitig-abundance 8]
NA19468	['s3://human-pangenomics/working/HPRC/NA19468/raw_data/hic/NA19468-2_S29_L003_R1_001.fastq.gz','s3://human-pangenomics/working/HPRC/NA19468/raw_data/hic/NA19468-2_S29_L003_R2_001.fastq.gz','s3://human-pangenomics/working/HPRC/NA19468/raw_data/hic/NA19468-1_S21_L003_R1_001.fastq.gz','s3://human-pangenomics/working/HPRC/NA19468/raw_data/hic/NA19468-1_S21_L003_R2_001.fastq.gz','s3://human-pangenomics/working/HPRC/NA19468/raw_data/hic/NA19468-2_S29_L004_R1_001.fastq.gz','s3://human-pangenomics/working/HPRC/NA19468/raw_data/hic/NA19468-2_S29_L004_R2_001.fastq.gz','s3://human-pangenomics/working/HPRC/NA19468/raw_data/hic/NA19468-2_S29_L001_R1_001.fastq.gz','s3://human-pangenomics/working/HPRC/NA19468/raw_data/hic/NA19468-2_S29_L001_R2_001.fastq.gz','s3://human-pangenomics/working/HPRC/NA19468/raw_data/hic/NA19468-1_S21_L004_R1_001.fastq.gz','s3://human-pangenomics/working/HPRC/NA19468/raw_data/hic/NA19468-1_S21_L004_R2_001.fastq.gz','s3://human-pangenomics/working/HPRC/NA19468/raw_data/hic/NA19468-1_S21_L001_R1_001.fastq.gz','s3://human-pangenomics/working/HPRC/NA19468/raw_data/hic/NA19468-1_S21_L001_R2_001.fastq.gz','s3://human-pangenomics/working/HPRC/NA19468/raw_data/hic/NA19468-2_S29_L002_R2_001.fastq.gz','s3://human-pangenomics/working/HPRC/NA19468/raw_data/hic/NA19468-2_S29_L002_R1_001.fastq.gz','s3://human-pangenomics/working/HPRC/NA19468/raw_data/hic/NA19468-1_S21_L002_R1_001.fastq.gz','s3://human-pangenomics/working/HPRC/NA19468/raw_data/hic/NA19468-1_S21_L002_R2_001.fastq.gz']	['s3://human-pangenomics/working/HPRC/NA19468/raw_data/PacBio_HiFi/deepconsensus/v1pt2/NA19468.m54306Ue_220927_182256.dc.q20.fastq.gz','s3://human-pangenomics/working/HPRC/NA19468/raw_data/PacBio_HiFi/deepconsensus/v1pt2/NA19468.m64055e_220817_094430.dc.q20.fastq.gz','s3://human-pangenomics/working/HPRC/NA19468/raw_data/PacBio_HiFi/deepconsensus/v1pt2/NA19468.m64055e_220819_064153.dc.q20.fastq.gz','s3://human-pangenomics/working/HPRC/NA19468/raw_data/PacBio_HiFi/deepconsensus/v1pt2/NA19468.m64330e_220801_170711.dc.q20.fastq.gz','s3://human-pangenomics/working/HPRC/NA19468/raw_data/PacBio_HiFi/m84091_231211_215746_s3.hifi_reads.bc1008.bam','s3://human-pangenomics/working/HPRC/NA19468/raw_data/PacBio_HiFi/m84091_231208_194716_s4.hifi_reads.bc1008.bam']	['s3://human-pangenomics/working/HPRC/NA19468/raw_data/Illumina/child/NA19468.final.cram']	['s3://human-pangenomics/working/HPRC/NA19468/raw_data/nanopore/sup5.0.0_5mCG_5hmCG/11_04_24_R1041_UL_HPRC_NA19468_1_dorado0.9.1_sup5.0.0_5mCG_5hmCG.bam','s3://human-pangenomics/working/HPRC/NA19468/raw_data/nanopore/sup5.0.0_5mCG_5hmCG/11_04_24_R1041_UL_HPRC_NA19468_2_dorado0.9.1_sup5.0.0_5mCG_5hmCG.bam','s3://human-pangenomics/working/HPRC/NA19468/raw_data/nanopore/guppy_6/05_24_22_R941_GM19468_1_Guppy_6.5.7_450bps_modbases_5mc_cg_sup_prom_pass.bam','s3://human-pangenomics/working/HPRC/NA19468/raw_data/nanopore/guppy_6/05_24_22_R941_GM19468_2_Guppy_6.5.7_450bps_modbases_5mc_cg_sup_prom_pass.bam','s3://human-pangenomics/working/HPRC/NA19468/raw_data/nanopore/guppy_6/05_24_22_R941_GM19468_3_Guppy_6.5.7_450bps_modbases_5mc_cg_sup_prom_pass.bam']	[--unitig-abundance 8]
NA19679	['s3://human-pangenomics/working/HPRC/NA19679/raw_data/hic/NA19679-1_FC1_S9_L001_R1_001.fastq.gz','s3://human-pangenomics/working/HPRC/NA19679/raw_data/hic/NA19679-1_FC1_S9_L001_R2_001.fastq.gz','s3://human-pangenomics/working/HPRC/NA19679/raw_data/hic/NA19679-1_FC2_S9_L001_R1_001.fastq.gz','s3://human-pangenomics/working/HPRC/NA19679/raw_data/hic/NA19679-1_FC2_S9_L001_R2_001.fastq.gz','s3://human-pangenomics/working/HPRC/NA19679/raw_data/hic/NA19679-2_FC1_S10_L001_R1_001.fastq.gz','s3://human-pangenomics/working/HPRC/NA19679/raw_data/hic/NA19679-2_FC1_S10_L001_R2_001.fastq.gz','s3://human-pangenomics/working/HPRC/NA19679/raw_data/hic/NA19679-2_FC2_S10_L001_R1_001.fastq.gz','s3://human-pangenomics/working/HPRC/NA19679/raw_data/hic/NA19679-2_FC2_S10_L001_R2_001.fastq.gz']	['s3://human-pangenomics/working/HPRC/NA19679/raw_data/PacBio_HiFi/m84081_240621_204500_s2.hifi_reads.bc2034.bam','s3://human-pangenomics/working/HPRC/NA19679/raw_data/PacBio_HiFi/m84081_240705_122201_s4.hifi_reads.bc2034.bam']	['s3://human-pangenomics/working/HPRC/NA19679/raw_data/Illumina/child/NA19679.final.fq.gz']	['s3://human-pangenomics/working/HPRC/NA19679/raw_data/nanopore/sup5.0.0/10_07_24_R1041_UL_HPRC_NA19679_1_dorado0.9.1_sup5.0.0.bam','s3://human-pangenomics/working/HPRC/NA19679/raw_data/nanopore/sup5.0.0/10_07_24_R1041_UL_HPRC_NA19679_2_dorado0.9.1_sup5.0.0.bam']	[--unitig-abundance 8]
NA19682	['s3://human-pangenomics/working/HPRC/NA19682/raw_data/hic/NA19682-1_FC1_S55_L003_R1_001.fastq.gz','s3://human-pangenomics/working/HPRC/NA19682/raw_data/hic/NA19682-1_FC1_S55_L003_R2_001.fastq.gz','s3://human-pangenomics/working/HPRC/NA19682/raw_data/hic/NA19682-1_FC4_S55_L003_R1_001.fastq.gz','s3://human-pangenomics/working/HPRC/NA19682/raw_data/hic/NA19682-1_FC4_S55_L003_R2_001.fastq.gz','s3://human-pangenomics/working/HPRC/NA19682/raw_data/hic/NA19682-1_FC3_S55_L003_R1_001.fastq.gz','s3://human-pangenomics/working/HPRC/NA19682/raw_data/hic/NA19682-1_FC3_S55_L003_R2_001.fastq.gz','s3://human-pangenomics/working/HPRC/NA19682/raw_data/hic/NA19682-1_FC2_S55_L003_R1_001.fastq.gz','s3://human-pangenomics/working/HPRC/NA19682/raw_data/hic/NA19682-1_FC2_S55_L003_R2_001.fastq.gz','s3://human-pangenomics/working/HPRC/NA19682/raw_data/hic/NA19682-2_FC1_S57_L003_R1_001.fastq.gz','s3://human-pangenomics/working/HPRC/NA19682/raw_data/hic/NA19682-2_FC1_S57_L003_R2_001.fastq.gz','s3://human-pangenomics/working/HPRC/NA19682/raw_data/hic/NA19682-2_FC3_S57_L003_R1_001.fastq.gz','s3://human-pangenomics/working/HPRC/NA19682/raw_data/hic/NA19682-2_FC3_S57_L003_R2_001.fastq.gz','s3://human-pangenomics/working/HPRC/NA19682/raw_data/hic/NA19682-2_FC4_S57_L003_R1_001.fastq.gz','s3://human-pangenomics/working/HPRC/NA19682/raw_data/hic/NA19682-2_FC4_S57_L003_R2_001.fastq.gz','s3://human-pangenomics/working/HPRC/NA19682/raw_data/hic/NA19682-2_FC2_S57_L003_R1_001.fastq.gz','s3://human-pangenomics/working/HPRC/NA19682/raw_data/hic/NA19682-2_FC2_S57_L003_R2_001.fastq.gz']	['s3://human-pangenomics/working/HPRC/NA19682/raw_data/PacBio_HiFi/m84046_230504_195327_s1.hifi_reads.bc2090.bam','s3://human-pangenomics/working/HPRC/NA19682/raw_data/PacBio_HiFi/m84046_230504_202347_s2.hifi_reads.bc2090.bam','s3://human-pangenomics/working/HPRC/NA19682/raw_data/PacBio_HiFi/m84046_230508_193709_s3.hifi_reads.bc2090.bam','s3://human-pangenomics/working/HPRC/NA19682/raw_data/PacBio_HiFi/m84046_230428_231421_s3.hifi_reads.bc2090.bam']	['s3://human-pangenomics/working/HPRC/NA19682/raw_data/Illumina/child/NA19682.final.cram']	['s3://human-pangenomics/working/HPRC/NA19682/raw_data/nanopore/sup5.0.0_5mCG_5hmCG/11_28_23_R1041_HPRC_NA19682_1_dorado0.9.5_sup5.0.0_5mCG_5hmCG.bam','s3://human-pangenomics/working/HPRC/NA19682/raw_data/nanopore/sup5.0.0_5mCG_5hmCG/11_28_23_R1041_HPRC_NA19682_2_dorado0.9.5_sup5.0.0_5mCG_5hmCG.bam','s3://human-pangenomics/working/HPRC/NA19682/raw_data/nanopore/sup5.0.0_5mCG_5hmCG/11_28_23_R1041_HPRC_NA19682_3_dorado0.9.5_sup5.0.0_5mCG_5hmCG.bam','s3://human-pangenomics/working/HPRC/NA19682/raw_data/nanopore/sup5.0.0_5mCG_5hmCG/11_28_23_R1041_HPRC_NA19682_4_dorado0.9.5_sup5.0.0_5mCG_5hmCG.bam']	[--unitig-abundance 8]
NA19700	['s3://human-pangenomics/working/HPRC/NA19700/raw_data/hic/NA19700-1_FC2_S1_L001_R1_001.fastq.gz','s3://human-pangenomics/working/HPRC/NA19700/raw_data/hic/NA19700-1_FC2_S1_L001_R2_001.fastq.gz','s3://human-pangenomics/working/HPRC/NA19700/raw_data/hic/NA19700-1_FC1_S1_L001_R1_001.fastq.gz','s3://human-pangenomics/working/HPRC/NA19700/raw_data/hic/NA19700-1_FC1_S1_L001_R2_001.fastq.gz','s3://human-pangenomics/working/HPRC/NA19700/raw_data/hic/NA19700-2_FC2_S2_L001_R1_001.fastq.gz','s3://human-pangenomics/working/HPRC/NA19700/raw_data/hic/NA19700-2_FC2_S2_L001_R2_001.fastq.gz','s3://human-pangenomics/working/HPRC/NA19700/raw_data/hic/NA19700-2_FC1_S2_L001_R1_001.fastq.gz','s3://human-pangenomics/working/HPRC/NA19700/raw_data/hic/NA19700-2_FC1_S2_L001_R2_001.fastq.gz']	['s3://human-pangenomics/working/HPRC/NA19700/raw_data/PacBio_HiFi/m84046_230502_203455_s3.hifi_reads.bc2091.bam','s3://human-pangenomics/working/HPRC/NA19700/raw_data/PacBio_HiFi/m84046_230502_210601_s4.hifi_reads.bc2091.bam','s3://human-pangenomics/working/HPRC/NA19700/raw_data/PacBio_HiFi/m84046_230508_200815_s4.hifi_reads.bc2091.bam','s3://human-pangenomics/working/HPRC/NA19700/raw_data/PacBio_HiFi/m84046_230428_224315_s2.hifi_reads.bc2091.bam']	['s3://human-pangenomics/working/HPRC/NA19700/raw_data/Illumina/child/NA19700.final.cram']	['s3://human-pangenomics/working/HPRC/NA19700/raw_data/nanopore/sup5.0.0_5mCG_5hmCG/01_23_24_R1041_HPRC_NA19700_1_dorado0.9.5_sup5.0.0_5mCG_5hmCG.bam','s3://human-pangenomics/working/HPRC/NA19700/raw_data/nanopore/sup5.0.0_5mCG_5hmCG/01_23_24_R1041_HPRC_NA19700_2_dorado0.9.5_sup5.0.0_5mCG_5hmCG.bam','s3://human-pangenomics/working/HPRC/NA19700/raw_data/nanopore/sup5.0.0_5mCG_5hmCG/09_12_23_R1041_HPRC_NA19700_1_dorado0.9.5_sup5.0.0_5mCG_5hmCG.bam','s3://human-pangenomics/working/HPRC/NA19700/raw_data/nanopore/sup5.0.0_5mCG_5hmCG/09_12_23_R1041_HPRC_NA19700_2_dorado0.9.5_sup5.0.0_5mCG_5hmCG.bam','s3://human-pangenomics/working/HPRC/NA19700/raw_data/nanopore/sup5.0.0_5mCG_5hmCG/09_12_23_R1041_HPRC_NA19700_3_dorado0.9.5_sup5.0.0_5mCG_5hmCG.bam','s3://human-pangenomics/working/HPRC/NA19700/raw_data/nanopore/sup5.0.0/09_12_23_R1041_HPRC_NA19700_4_dorado0.9.1_sup5.0.0.bam']	[--unitig-abundance 8]
NA19703	['s3://human-pangenomics/working/HPRC/NA19703/raw_data/hic/NA19703-2_FC1_S16_L002_R2_001.fastq.gz','s3://human-pangenomics/working/HPRC/NA19703/raw_data/hic/NA19703-1_FC1_S15_L002_R2_001.fastq.gz','s3://human-pangenomics/working/HPRC/NA19703/raw_data/hic/NA19703-2_FC2_S16_L002_R2_001.fastq.gz','s3://human-pangenomics/working/HPRC/NA19703/raw_data/hic/NA19703-1_FC2_S15_L002_R1_001.fastq.gz','s3://human-pangenomics/working/HPRC/NA19703/raw_data/hic/NA19703-1_FC1_S15_L002_R1_001.fastq.gz','s3://human-pangenomics/working/HPRC/NA19703/raw_data/hic/NA19703-1_FC2_S15_L002_R2_001.fastq.gz','s3://human-pangenomics/working/HPRC/NA19703/raw_data/hic/NA19703-2_FC1_S16_L002_R1_001.fastq.gz','s3://human-pangenomics/working/HPRC/NA19703/raw_data/hic/NA19703-2_FC2_S16_L002_R1_001.fastq.gz']	['s3://human-pangenomics/working/HPRC/NA19703/raw_data/PacBio_HiFi/m84091_240530_185853_s4.hifi_reads.bc1022.bam','s3://human-pangenomics/working/HPRC/NA19703/raw_data/PacBio_HiFi/m84091_240606_195547_s4.hifi_reads.bc1022.bam','s3://human-pangenomics/working/HPRC/NA19703/raw_data/PacBio_HiFi/m84203_240604_154215_s4.hifi_reads.bc1022.bam']	['s3://human-pangenomics/working/HPRC/NA19703/raw_data/Illumina/child/NA19703.final.fq.gz']	['s3://human-pangenomics/working/HPRC/NA19703/raw_data/nanopore/sup5.0.0/09_06_23_R1041_HPRC_NA19703_2_dorado0.9.1_sup5.0.0.bam','s3://human-pangenomics/working/HPRC/NA19703/raw_data/nanopore/sup5.0.0/09_06_23_R1041_HPRC_NA19703_3_dorado0.9.1_sup5.0.0.bam','s3://human-pangenomics/working/HPRC/NA19703/raw_data/nanopore/sup5.0.0/09_06_23_R1041_HPRC_NA19703_1_dorado0.9.1_sup5.0.0.bam']	[--unitig-abundance 8]
NA19776	['s3://human-pangenomics/working/HPRC/NA19776/raw_data/hic/NA19776-1_FC1_S60_L003_R1_001.fastq.gz','s3://human-pangenomics/working/HPRC/NA19776/raw_data/hic/NA19776-1_FC1_S60_L003_R2_001.fastq.gz','s3://human-pangenomics/working/HPRC/NA19776/raw_data/hic/NA19776-1_FC3_S60_L003_R1_001.fastq.gz','s3://human-pangenomics/working/HPRC/NA19776/raw_data/hic/NA19776-1_FC3_S60_L003_R2_001.fastq.gz','s3://human-pangenomics/working/HPRC/NA19776/raw_data/hic/NA19776-1_FC4_S60_L003_R1_001.fastq.gz','s3://human-pangenomics/working/HPRC/NA19776/raw_data/hic/NA19776-1_FC4_S60_L003_R2_001.fastq.gz','s3://human-pangenomics/working/HPRC/NA19776/raw_data/hic/NA19776-1_FC2_S60_L003_R1_001.fastq.gz','s3://human-pangenomics/working/HPRC/NA19776/raw_data/hic/NA19776-1_FC2_S60_L003_R2_001.fastq.gz','s3://human-pangenomics/working/HPRC/NA19776/raw_data/hic/NA19776-2_FC1_S63_L003_R1_001.fastq.gz','s3://human-pangenomics/working/HPRC/NA19776/raw_data/hic/NA19776-2_FC1_S63_L003_R2_001.fastq.gz','s3://human-pangenomics/working/HPRC/NA19776/raw_data/hic/NA19776-2_FC3_S63_L003_R1_001.fastq.gz','s3://human-pangenomics/working/HPRC/NA19776/raw_data/hic/NA19776-2_FC3_S63_L003_R2_001.fastq.gz','s3://human-pangenomics/working/HPRC/NA19776/raw_data/hic/NA19776-2_FC4_S63_L003_R1_001.fastq.gz','s3://human-pangenomics/working/HPRC/NA19776/raw_data/hic/NA19776-2_FC4_S63_L003_R2_001.fastq.gz','s3://human-pangenomics/working/HPRC/NA19776/raw_data/hic/NA19776-2_FC2_S63_L003_R1_001.fastq.gz','s3://human-pangenomics/working/HPRC/NA19776/raw_data/hic/NA19776-2_FC2_S63_L003_R2_001.fastq.gz']	['s3://human-pangenomics/working/HPRC/NA19776/raw_data/PacBio_HiFi/m84046_230513_215634_s1.hifi_reads.bc2014.bam','s3://human-pangenomics/working/HPRC/NA19776/raw_data/PacBio_HiFi/m84046_230516_212709_s3.hifi_reads.bc2014.bam','s3://human-pangenomics/working/HPRC/NA19776/raw_data/PacBio_HiFi/m84046_230516_205603_s2.hifi_reads.bc2014.bam']	['s3://human-pangenomics/working/HPRC/NA19776/raw_data/Illumina/child/NA19776.final.cram']	['s3://human-pangenomics/working/HPRC/NA19776/raw_data/nanopore/sup5.0.0/10_24_23_R1041_HPRC_NA19776_1_dorado0.9.1_sup5.0.0.bam','s3://human-pangenomics/working/HPRC/NA19776/raw_data/nanopore/sup5.0.0/10_24_23_R1041_HPRC_NA19776_2_dorado0.9.1_sup5.0.0.bam','s3://human-pangenomics/working/HPRC/NA19776/raw_data/nanopore/sup5.0.0/10_24_23_R1041_HPRC_NA19776_3_dorado0.9.1_sup5.0.0.bam']	[--unitig-abundance 8]
NA19834	['s3://human-pangenomics/working/HPRC/NA19834/raw_data/hic/NA19834-2_FC1_S4_L001_R2_001.fastq.gz','s3://human-pangenomics/working/HPRC/NA19834/raw_data/hic/NA19834-1_FC1_S3_L001_R2_001.fastq.gz','s3://human-pangenomics/working/HPRC/NA19834/raw_data/hic/NA19834-2_FC2_S4_L001_R2_001.fastq.gz','s3://human-pangenomics/working/HPRC/NA19834/raw_data/hic/NA19834-1_FC2_S3_L001_R2_001.fastq.gz','s3://human-pangenomics/working/HPRC/NA19834/raw_data/hic/NA19834-2_FC1_S4_L001_R1_001.fastq.gz','s3://human-pangenomics/working/HPRC/NA19834/raw_data/hic/NA19834-2_FC2_S4_L001_R1_001.fastq.gz','s3://human-pangenomics/working/HPRC/NA19834/raw_data/hic/NA19834-1_FC2_S3_L001_R1_001.fastq.gz','s3://human-pangenomics/working/HPRC/NA19834/raw_data/hic/NA19834-1_FC1_S3_L001_R1_001.fastq.gz']	['s3://human-pangenomics/working/HPRC/NA19834/raw_data/PacBio_HiFi/m84081_231209_021158_s1.hifi_reads.bc2001.bam','s3://human-pangenomics/working/HPRC/NA19834/raw_data/PacBio_HiFi/m84081_231209_024304_s2.hifi_reads.bc2001.bam']	['s3://human-pangenomics/working/HPRC/NA19834/raw_data/Illumina/child/NA19834.final.fq.gz']	['s3://human-pangenomics/working/HPRC/NA19834/raw_data/nanopore/sup5.0.0/08_08_23_R1041_HPRC_NA19834_2_dorado0.9.1_sup5.0.0.bam','s3://human-pangenomics/working/HPRC/NA19834/raw_data/nanopore/sup5.0.0/08_08_23_R1041_HPRC_NA19834_3_dorado0.9.1_sup5.0.0.bam','s3://human-pangenomics/working/HPRC/NA19834/raw_data/nanopore/sup5.0.0/08_08_23_R1041_HPRC_NA19834_1_dorado0.9.1_sup5.0.0.bam']	[--unitig-abundance 8]
NA19835	['s3://human-pangenomics/working/HPRC/NA19835/raw_data/hic/NA19835-1_FC1_S1_L001_R1_001.fastq.gz','s3://human-pangenomics/working/HPRC/NA19835/raw_data/hic/NA19835-1_FC1_S1_L001_R2_001.fastq.gz','s3://human-pangenomics/working/HPRC/NA19835/raw_data/hic/NA19835-1_FC4_S1_L001_R1_001.fastq.gz','s3://human-pangenomics/working/HPRC/NA19835/raw_data/hic/NA19835-1_FC4_S1_L001_R2_001.fastq.gz','s3://human-pangenomics/working/HPRC/NA19835/raw_data/hic/NA19835-1_FC3_S1_L001_R1_001.fastq.gz','s3://human-pangenomics/working/HPRC/NA19835/raw_data/hic/NA19835-1_FC3_S1_L001_R2_001.fastq.gz','s3://human-pangenomics/working/HPRC/NA19835/raw_data/hic/NA19835-1_FC2_S1_L001_R1_001.fastq.gz','s3://human-pangenomics/working/HPRC/NA19835/raw_data/hic/NA19835-1_FC2_S1_L001_R2_001.fastq.gz','s3://human-pangenomics/working/HPRC/NA19835/raw_data/hic/NA19835-2_FC1_S2_L001_R1_001.fastq.gz','s3://human-pangenomics/working/HPRC/NA19835/raw_data/hic/NA19835-2_FC1_S2_L001_R2_001.fastq.gz','s3://human-pangenomics/working/HPRC/NA19835/raw_data/hic/NA19835-2_FC4_S2_L001_R1_001.fastq.gz','s3://human-pangenomics/working/HPRC/NA19835/raw_data/hic/NA19835-2_FC4_S2_L001_R2_001.fastq.gz','s3://human-pangenomics/working/HPRC/NA19835/raw_data/hic/NA19835-2_FC2_S2_L001_R1_001.fastq.gz','s3://human-pangenomics/working/HPRC/NA19835/raw_data/hic/NA19835-2_FC2_S2_L001_R2_001.fastq.gz','s3://human-pangenomics/working/HPRC/NA19835/raw_data/hic/NA19835-2_FC3_S2_L001_R1_001.fastq.gz','s3://human-pangenomics/working/HPRC/NA19835/raw_data/hic/NA19835-2_FC3_S2_L001_R2_001.fastq.gz']	['s3://human-pangenomics/working/HPRC/NA19835/raw_data/PacBio_HiFi/m84091_230731_133332_s2.hifi_reads.bc1001.bam','s3://human-pangenomics/working/HPRC/NA19835/raw_data/PacBio_HiFi/m84091_230718_164204_s3.hifi_reads.bc1001.bam','s3://human-pangenomics/working/HPRC/NA19835/raw_data/PacBio_HiFi/m84091_230724_160010_s2.hifi_reads.bc1001.bam']	['s3://human-pangenomics/working/HPRC/NA19835/raw_data/Illumina/child/NA19835.final.cram']	['s3://human-pangenomics/working/HPRC/NA19835/raw_data/nanopore/sup5.0.0/10_31_23_R1041_HPRC_NA19835_2_dorado0.9.1_sup5.0.0.bam','s3://human-pangenomics/working/HPRC/NA19835/raw_data/nanopore/sup5.0.0/10_31_23_R1041_HPRC_NA19835_3_dorado0.9.1_sup5.0.0.bam','s3://human-pangenomics/working/HPRC/NA19835/raw_data/nanopore/sup5.0.0/10_31_23_R1041_HPRC_NA19835_1_dorado0.9.1_sup5.0.0.bam']	[--unitig-abundance 8]
NA19909	['s3://human-pangenomics/working/HPRC/NA19909/raw_data/hic/NA19909-1_FC1_S54_L003_R1_001.fastq.gz','s3://human-pangenomics/working/HPRC/NA19909/raw_data/hic/NA19909-1_FC1_S54_L003_R2_001.fastq.gz','s3://human-pangenomics/working/HPRC/NA19909/raw_data/hic/NA19909-1_FC3_S54_L003_R1_001.fastq.gz','s3://human-pangenomics/working/HPRC/NA19909/raw_data/hic/NA19909-1_FC3_S54_L003_R2_001.fastq.gz','s3://human-pangenomics/working/HPRC/NA19909/raw_data/hic/NA19909-1_FC4_S54_L003_R1_001.fastq.gz','s3://human-pangenomics/working/HPRC/NA19909/raw_data/hic/NA19909-1_FC4_S54_L003_R2_001.fastq.gz','s3://human-pangenomics/working/HPRC/NA19909/raw_data/hic/NA19909-1_FC2_S54_L003_R1_001.fastq.gz','s3://human-pangenomics/working/HPRC/NA19909/raw_data/hic/NA19909-1_FC2_S54_L003_R2_001.fastq.gz','s3://human-pangenomics/working/HPRC/NA19909/raw_data/hic/NA19909-2_FC1_S56_L003_R1_001.fastq.gz','s3://human-pangenomics/working/HPRC/NA19909/raw_data/hic/NA19909-2_FC1_S56_L003_R2_001.fastq.gz','s3://human-pangenomics/working/HPRC/NA19909/raw_data/hic/NA19909-2_FC3_S56_L003_R1_001.fastq.gz','s3://human-pangenomics/working/HPRC/NA19909/raw_data/hic/NA19909-2_FC3_S56_L003_R2_001.fastq.gz','s3://human-pangenomics/working/HPRC/NA19909/raw_data/hic/NA19909-2_FC4_S56_L003_R1_001.fastq.gz','s3://human-pangenomics/working/HPRC/NA19909/raw_data/hic/NA19909-2_FC4_S56_L003_R2_001.fastq.gz','s3://human-pangenomics/working/HPRC/NA19909/raw_data/hic/NA19909-2_FC2_S56_L003_R1_001.fastq.gz','s3://human-pangenomics/working/HPRC/NA19909/raw_data/hic/NA19909-2_FC2_S56_L003_R2_001.fastq.gz']	['s3://human-pangenomics/working/HPRC/NA19909/raw_data/PacBio_HiFi/m84081_230523_180945_s1.hifi_reads.bc2005.bam','s3://human-pangenomics/working/HPRC/NA19909/raw_data/PacBio_HiFi/m84081_230609_194256_s2.hifi_reads.bc2001.bam','s3://human-pangenomics/working/HPRC/NA19909/raw_data/PacBio_HiFi/m84081_230525_172954_s3.hifi_reads.bc2005.bam','s3://human-pangenomics/working/HPRC/NA19909/raw_data/PacBio_HiFi/m84081_230728_194836_s2.hifi_reads.bc2029.bam','s3://human-pangenomics/working/HPRC/NA19909/raw_data/PacBio_HiFi/m84081_230728_201942_s3.hifi_reads.bc2029.bam','s3://human-pangenomics/working/HPRC/NA19909/raw_data/PacBio_HiFi/m84081_231207_200206_s1.hifi_reads.bc2008.bam']	['s3://human-pangenomics/working/HPRC/NA19909/raw_data/Illumina/child/NA19909.final.cram']	['s3://human-pangenomics/working/HPRC/NA19909/raw_data/nanopore/sup5.0.0/11_14_23_R1041_HPRC_NA19909_3_dorado0.9.1_sup5.0.0.bam','s3://human-pangenomics/working/HPRC/NA19909/raw_data/nanopore/sup5.0.0/11_14_23_R1041_HPRC_NA19909_2_dorado0.9.1_sup5.0.0.bam','s3://human-pangenomics/working/HPRC/NA19909/raw_data/nanopore/sup5.0.0/11_14_23_R1041_HPRC_NA19909_1_dorado0.9.1_sup5.0.0.bam']	[--unitig-abundance 8]
NA19917	['s3://human-pangenomics/working/HPRC/NA19917/raw_data/hic/NA19917-1_FC1_S7_L001_R1_001.fastq.gz','s3://human-pangenomics/working/HPRC/NA19917/raw_data/hic/NA19917-1_FC1_S7_L001_R2_001.fastq.gz','s3://human-pangenomics/working/HPRC/NA19917/raw_data/hic/NA19917-1_FC2_S7_L001_R1_001.fastq.gz','s3://human-pangenomics/working/HPRC/NA19917/raw_data/hic/NA19917-1_FC2_S7_L001_R2_001.fastq.gz','s3://human-pangenomics/working/HPRC/NA19917/raw_data/hic/NA19917-2_FC1_S8_L001_R1_001.fastq.gz','s3://human-pangenomics/working/HPRC/NA19917/raw_data/hic/NA19917-2_FC1_S8_L001_R2_001.fastq.gz','s3://human-pangenomics/working/HPRC/NA19917/raw_data/hic/NA19917-2_FC2_S8_L001_R1_001.fastq.gz','s3://human-pangenomics/working/HPRC/NA19917/raw_data/hic/NA19917-2_FC2_S8_L001_R2_001.fastq.gz']	['s3://human-pangenomics/working/HPRC/NA19917/raw_data/PacBio_HiFi/m84091_240703_173935_s1.hifi_reads.bc1020.bam','s3://human-pangenomics/working/HPRC/NA19917/raw_data/PacBio_HiFi/m84091_240724_202757_s3.hifi_reads.bc1020.bam','s3://human-pangenomics/working/HPRC/NA19917/raw_data/PacBio_HiFi/m84091_240703_170916_s4.hifi_reads.bc1020.bam']	['s3://human-pangenomics/working/HPRC/NA19917/raw_data/Illumina/child/NA19917.final.fq.gz']	['s3://human-pangenomics/working/HPRC/NA19917/raw_data/nanopore/sup5.0.0/10_21_24_R1041_UL_HPRC_NA19917_1_dorado0.9.1_sup5.0.0.bam','s3://human-pangenomics/working/HPRC/NA19917/raw_data/nanopore/sup5.0.0/10_21_24_R1041_UL_HPRC_NA19917_2_dorado0.9.1_sup5.0.0.bam']	[--unitig-abundance 8]
NA19923	['s3://human-pangenomics/working/HPRC/NA19923/raw_data/hic/NA19923-1_FC1_S15_L002_R1_001.fastq.gz','s3://human-pangenomics/working/HPRC/NA19923/raw_data/hic/NA19923-1_FC1_S15_L002_R2_001.fastq.gz','s3://human-pangenomics/working/HPRC/NA19923/raw_data/hic/NA19923-1_FC2_S15_L002_R1_001.fastq.gz','s3://human-pangenomics/working/HPRC/NA19923/raw_data/hic/NA19923-1_FC2_S15_L002_R2_001.fastq.gz','s3://human-pangenomics/working/HPRC/NA19923/raw_data/hic/NA19923-2_FC1_S16_L002_R1_001.fastq.gz','s3://human-pangenomics/working/HPRC/NA19923/raw_data/hic/NA19923-2_FC1_S16_L002_R2_001.fastq.gz','s3://human-pangenomics/working/HPRC/NA19923/raw_data/hic/NA19923-2_FC2_S16_L002_R1_001.fastq.gz','s3://human-pangenomics/working/HPRC/NA19923/raw_data/hic/NA19923-2_FC2_S16_L002_R2_001.fastq.gz']	['s3://human-pangenomics/working/HPRC/NA19923/raw_data/PacBio_HiFi/m84091_240715_203335_s1.hifi_reads.bc1019.bam','s3://human-pangenomics/working/HPRC/NA19923/raw_data/PacBio_HiFi/m84091_240715_200316_s4.hifi_reads.bc1019.bam','s3://human-pangenomics/working/HPRC/NA19923/raw_data/PacBio_HiFi/m84091_240718_204935_s2.hifi_reads.bc1019.bam']	['s3://human-pangenomics/working/HPRC/NA19923/raw_data/Illumina/child/NA19923.final.fq.gz']	['s3://human-pangenomics/working/HPRC/NA19923/raw_data/nanopore/sup5.2.0_5mCG_5hmCG/12_15_25_R1041_UL_HPRC_NA19923_2_dorado1.3.0_supv5.2.0_5mCG_5hmCG.bam','s3://human-pangenomics/working/HPRC/NA19923/raw_data/nanopore/sup5.2.0_5mCG_5hmCG/12_15_25_R1041_UL_HPRC_NA19923_3_dorado1.3.0_supv5.2.0_5mCG_5hmCG.bam','s3://human-pangenomics/working/HPRC/NA19923/raw_data/nanopore/sup5.2.0_5mCG_5hmCG/12_15_25_R1041_UL_HPRC_NA19923_1_dorado1.3.0_supv5.2.0_5mCG_5hmCG.bam']	[--unitig-abundance 8]
NA20282	['s3://human-pangenomics/working/HPRC/NA20282/raw_data/hic/NA20282-2_FC1_S61_L003_R1_001.fastq.gz','s3://human-pangenomics/working/HPRC/NA20282/raw_data/hic/NA20282-2_FC1_S61_L003_R2_001.fastq.gz','s3://human-pangenomics/working/HPRC/NA20282/raw_data/hic/NA20282-2_FC3_S61_L003_R1_001.fastq.gz','s3://human-pangenomics/working/HPRC/NA20282/raw_data/hic/NA20282-2_FC3_S61_L003_R2_001.fastq.gz','s3://human-pangenomics/working/HPRC/NA20282/raw_data/hic/NA20282-2_FC4_S61_L003_R1_001.fastq.gz','s3://human-pangenomics/working/HPRC/NA20282/raw_data/hic/NA20282-2_FC4_S61_L003_R2_001.fastq.gz','s3://human-pangenomics/working/HPRC/NA20282/raw_data/hic/NA20282-1_FC3_S58_L003_R1_001.fastq.gz','s3://human-pangenomics/working/HPRC/NA20282/raw_data/hic/NA20282-1_FC3_S58_L003_R2_001.fastq.gz','s3://human-pangenomics/working/HPRC/NA20282/raw_data/hic/NA20282-1_FC4_S58_L003_R1_001.fastq.gz','s3://human-pangenomics/working/HPRC/NA20282/raw_data/hic/NA20282-1_FC4_S58_L003_R2_001.fastq.gz','s3://human-pangenomics/working/HPRC/NA20282/raw_data/hic/NA20282-1_FC1_S58_L003_R1_001.fastq.gz','s3://human-pangenomics/working/HPRC/NA20282/raw_data/hic/NA20282-1_FC1_S58_L003_R2_001.fastq.gz','s3://human-pangenomics/working/HPRC/NA20282/raw_data/hic/NA20282-2_FC2_S61_L003_R1_001.fastq.gz','s3://human-pangenomics/working/HPRC/NA20282/raw_data/hic/NA20282-2_FC2_S61_L003_R2_001.fastq.gz','s3://human-pangenomics/working/HPRC/NA20282/raw_data/hic/NA20282-1_FC2_S58_L003_R1_001.fastq.gz','s3://human-pangenomics/working/HPRC/NA20282/raw_data/hic/NA20282-1_FC2_S58_L003_R2_001.fastq.gz']	['s3://human-pangenomics/working/HPRC/NA20282/raw_data/PacBio_HiFi/m84081_230516_191559_s1.hifi_reads.bc2004.bam','s3://human-pangenomics/working/HPRC/NA20282/raw_data/PacBio_HiFi/m84081_230519_180923_s3.hifi_reads.bc2004.bam']	['s3://human-pangenomics/working/HPRC/NA20282/raw_data/Illumina/child/NA20282.final.cram']	['s3://human-pangenomics/working/HPRC/NA20282/raw_data/nanopore/sup5.0.0/12_12_23_R1041_HPRC_NA20282_1_dorado0.9.1_sup5.0.0.bam','s3://human-pangenomics/working/HPRC/NA20282/raw_data/nanopore/sup5.0.0/12_12_23_R1041_HPRC_NA20282_2_dorado0.9.1_sup5.0.0.bam','s3://human-pangenomics/working/HPRC/NA20282/raw_data/nanopore/sup5.0.0/12_12_23_R1041_HPRC_NA20282_3_dorado0.9.1_sup5.0.0.bam']	[--unitig-abundance 8]
NA20287	['s3://human-pangenomics/working/HPRC/NA20287/raw_data/hic/NA20287-1_FC1_S21_L002_R1_001.fastq.gz','s3://human-pangenomics/working/HPRC/NA20287/raw_data/hic/NA20287-1_FC1_S21_L002_R2_001.fastq.gz','s3://human-pangenomics/working/HPRC/NA20287/raw_data/hic/NA20287-1_FC2_S21_L002_R1_001.fastq.gz','s3://human-pangenomics/working/HPRC/NA20287/raw_data/hic/NA20287-1_FC2_S21_L002_R2_001.fastq.gz','s3://human-pangenomics/working/HPRC/NA20287/raw_data/hic/NA20287-2_FC1_S22_L002_R1_001.fastq.gz','s3://human-pangenomics/working/HPRC/NA20287/raw_data/hic/NA20287-2_FC1_S22_L002_R2_001.fastq.gz','s3://human-pangenomics/working/HPRC/NA20287/raw_data/hic/NA20287-2_FC2_S22_L002_R1_001.fastq.gz','s3://human-pangenomics/working/HPRC/NA20287/raw_data/hic/NA20287-2_FC2_S22_L002_R2_001.fastq.gz']	['s3://human-pangenomics/working/HPRC/NA20287/raw_data/PacBio_HiFi/m84091_230714_130822_s1.hifi_reads.bc1017.bam','s3://human-pangenomics/working/HPRC/NA20287/raw_data/PacBio_HiFi/m84091_230710_172927_s2.hifi_reads.bc1017.bam']	['s3://human-pangenomics/working/HPRC/NA20287/raw_data/Illumina/child/NA20287.final.fq.gz']	['s3://human-pangenomics/working/HPRC/NA20287/raw_data/nanopore/sup5.0.0/11_7_23_R1041_HPRC_NA20287_1_dorado0.9.1_sup5.0.0.bam','s3://human-pangenomics/working/HPRC/NA20287/raw_data/nanopore/sup5.0.0/11_7_23_R1041_HPRC_NA20287_2_dorado0.9.5_sup5.0.0.bam','s3://human-pangenomics/working/HPRC/NA20287/raw_data/nanopore/sup5.0.0/11_7_23_R1041_HPRC_NA20287_3_dorado0.9.5_sup5.0.0.bam']	[--unitig-abundance 8]
NA20346	['s3://human-pangenomics/working/HPRC/NA20346/raw_data/hic/NA20346-2_FC1_S62_L003_R1_001.fastq.gz','s3://human-pangenomics/working/HPRC/NA20346/raw_data/hic/NA20346-2_FC1_S62_L003_R2_001.fastq.gz','s3://human-pangenomics/working/HPRC/NA20346/raw_data/hic/NA20346-2_FC3_S62_L003_R1_001.fastq.gz','s3://human-pangenomics/working/HPRC/NA20346/raw_data/hic/NA20346-2_FC3_S62_L003_R2_001.fastq.gz','s3://human-pangenomics/working/HPRC/NA20346/raw_data/hic/NA20346-2_FC4_S62_L003_R1_001.fastq.gz','s3://human-pangenomics/working/HPRC/NA20346/raw_data/hic/NA20346-2_FC4_S62_L003_R2_001.fastq.gz','s3://human-pangenomics/working/HPRC/NA20346/raw_data/hic/NA20346-2_FC2_S62_L003_R1_001.fastq.gz','s3://human-pangenomics/working/HPRC/NA20346/raw_data/hic/NA20346-2_FC2_S62_L003_R2_001.fastq.gz','s3://human-pangenomics/working/HPRC/NA20346/raw_data/hic/NA20346-1_FC1_S59_L003_R1_001.fastq.gz','s3://human-pangenomics/working/HPRC/NA20346/raw_data/hic/NA20346-1_FC1_S59_L003_R2_001.fastq.gz','s3://human-pangenomics/working/HPRC/NA20346/raw_data/hic/NA20346-1_FC3_S59_L003_R1_001.fastq.gz','s3://human-pangenomics/working/HPRC/NA20346/raw_data/hic/NA20346-1_FC3_S59_L003_R2_001.fastq.gz','s3://human-pangenomics/working/HPRC/NA20346/raw_data/hic/NA20346-1_FC4_S59_L003_R1_001.fastq.gz','s3://human-pangenomics/working/HPRC/NA20346/raw_data/hic/NA20346-1_FC4_S59_L003_R2_001.fastq.gz','s3://human-pangenomics/working/HPRC/NA20346/raw_data/hic/NA20346-1_FC2_S59_L003_R1_001.fastq.gz','s3://human-pangenomics/working/HPRC/NA20346/raw_data/hic/NA20346-1_FC2_S59_L003_R2_001.fastq.gz']	['s3://human-pangenomics/working/HPRC/NA20346/raw_data/PacBio_HiFi/m84081_230525_180017_s4.hifi_reads.bc2006.bam','s3://human-pangenomics/working/HPRC/NA20346/raw_data/PacBio_HiFi/m84081_230523_184006_s2.hifi_reads.bc2006.bam']	['s3://human-pangenomics/working/HPRC/NA20346/raw_data/Illumina/child/NA20346.final.cram']	['s3://human-pangenomics/working/HPRC/NA20346/raw_data/nanopore/sup5.0.0/11_28_23_R1041_HPRC_NA20346_3_dorado0.9.5_sup5.0.0.bam','s3://human-pangenomics/working/HPRC/NA20346/raw_data/nanopore/sup5.0.0/11_28_23_R1041_HPRC_NA20346_2_dorado0.9.5_sup5.0.0.bam','s3://human-pangenomics/working/HPRC/NA20346/raw_data/nanopore/sup5.0.0/11_28_23_R1041_HPRC_NA20346_4_dorado0.9.5_sup5.0.0.bam','s3://human-pangenomics/working/HPRC/NA20346/raw_data/nanopore/sup5.0.0/11_28_23_R1041_HPRC_NA20346_1_dorado0.9.5_sup5.0.0.bam']	[--unitig-abundance 8]
NA20412	['s3://human-pangenomics/working/HPRC/NA20412/raw_data/hic/NA20412-1_FC1_S11_L001_R1_001.fastq.gz','s3://human-pangenomics/working/HPRC/NA20412/raw_data/hic/NA20412-1_FC1_S11_L001_R2_001.fastq.gz','s3://human-pangenomics/working/HPRC/NA20412/raw_data/hic/NA20412-1_FC2_S11_L001_R1_001.fastq.gz','s3://human-pangenomics/working/HPRC/NA20412/raw_data/hic/NA20412-1_FC2_S11_L001_R2_001.fastq.gz','s3://human-pangenomics/working/HPRC/NA20412/raw_data/hic/NA20412-2_FC1_S12_L001_R1_001.fastq.gz','s3://human-pangenomics/working/HPRC/NA20412/raw_data/hic/NA20412-2_FC1_S12_L001_R2_001.fastq.gz','s3://human-pangenomics/working/HPRC/NA20412/raw_data/hic/NA20412-2_FC2_S12_L001_R1_001.fastq.gz','s3://human-pangenomics/working/HPRC/NA20412/raw_data/hic/NA20412-2_FC2_S12_L001_R2_001.fastq.gz']	['s3://human-pangenomics/working/HPRC/NA20412/raw_data/PacBio_HiFi/m84081_240629_053147_s1.hifi_reads.bc2055.bam','s3://human-pangenomics/working/HPRC/NA20412/raw_data/PacBio_HiFi/m84081_240628_013747_s4.hifi_reads.bc2055.bam']	['s3://human-pangenomics/working/HPRC/NA20412/raw_data/Illumina/child/NA20412.final.fq.gz']	['s3://human-pangenomics/working/HPRC/NA20412/raw_data/nanopore/sup5.0.0/10_15_24_R1041_UL_HPRC_NA20412_1_dorado0.9.1_sup5.0.0.bam','s3://human-pangenomics/working/HPRC/NA20412/raw_data/nanopore/sup5.0.0/10_15_24_R1041_UL_HPRC_NA20412_2_dorado0.9.1_sup5.0.0.bam','s3://human-pangenomics/working/HPRC/NA20412/raw_data/nanopore/sup5.0.0/10_15_24_R1041_UL_HPRC_NA20412_3_dorado0.9.1_sup5.0.0.bam']	[--unitig-abundance 8]
NA20752	['s3://human-pangenomics/working/HPRC/NA20752/raw_data/hic/NA20752-2_S9_L003_R1_001.fastq.gz','s3://human-pangenomics/working/HPRC/NA20752/raw_data/hic/NA20752-2_S9_L003_R2_001.fastq.gz','s3://human-pangenomics/working/HPRC/NA20752/raw_data/hic/NA20752-2_S9_L004_R1_001.fastq.gz','s3://human-pangenomics/working/HPRC/NA20752/raw_data/hic/NA20752-2_S9_L004_R2_001.fastq.gz','s3://human-pangenomics/working/HPRC/NA20752/raw_data/hic/NA20752-1_S1_L003_R2_001.fastq.gz','s3://human-pangenomics/working/HPRC/NA20752/raw_data/hic/NA20752-1_S1_L003_R1_001.fastq.gz','s3://human-pangenomics/working/HPRC/NA20752/raw_data/hic/NA20752-1_S1_L004_R1_001.fastq.gz','s3://human-pangenomics/working/HPRC/NA20752/raw_data/hic/NA20752-1_S1_L004_R2_001.fastq.gz','s3://human-pangenomics/working/HPRC/NA20752/raw_data/hic/NA20752-2_S9_L001_R1_001.fastq.gz','s3://human-pangenomics/working/HPRC/NA20752/raw_data/hic/NA20752-2_S9_L001_R2_001.fastq.gz','s3://human-pangenomics/working/HPRC/NA20752/raw_data/hic/NA20752-2_S9_L002_R1_001.fastq.gz','s3://human-pangenomics/working/HPRC/NA20752/raw_data/hic/NA20752-2_S9_L002_R2_001.fastq.gz','s3://human-pangenomics/working/HPRC/NA20752/raw_data/hic/NA20752-1_S1_L001_R1_001.fastq.gz','s3://human-pangenomics/working/HPRC/NA20752/raw_data/hic/NA20752-1_S1_L001_R2_001.fastq.gz','s3://human-pangenomics/working/HPRC/NA20752/raw_data/hic/NA20752-1_S1_L002_R1_001.fastq.gz','s3://human-pangenomics/working/HPRC/NA20752/raw_data/hic/NA20752-1_S1_L002_R2_001.fastq.gz','s3://human-pangenomics/working/HPRC/NA20752/raw_data/hic/NA20752-2_S9i_L004_R1_001.fastq.gz','s3://human-pangenomics/working/HPRC/NA20752/raw_data/hic/NA20752-2_S9i_L004_R2_001.fastq.gz','s3://human-pangenomics/working/HPRC/NA20752/raw_data/hic/NA20752-2_S9i_L003_R1_001.fastq.gz','s3://human-pangenomics/working/HPRC/NA20752/raw_data/hic/NA20752-2_S9i_L003_R2_001.fastq.gz','s3://human-pangenomics/working/HPRC/NA20752/raw_data/hic/NA20752-2_S9i_L001_R1_001.fastq.gz','s3://human-pangenomics/working/HPRC/NA20752/raw_data/hic/NA20752-2_S9i_L001_R2_001.fastq.gz','s3://human-pangenomics/working/HPRC/NA20752/raw_data/hic/NA20752-2_S9i_L002_R1_001.fastq.gz','s3://human-pangenomics/working/HPRC/NA20752/raw_data/hic/NA20752-2_S9i_L002_R2_001.fastq.gz']	['s3://human-pangenomics/working/HPRC/NA20752/raw_data/PacBio_HiFi/deepconsensus/v1pt2/NA20752.m64457e_220827_152226.dc.q20.fastq.gz','s3://human-pangenomics/working/HPRC/NA20752/raw_data/PacBio_HiFi/deepconsensus/v1pt2/NA20752.m64457e_220829_104034.dc.q20.fastq.gz','s3://human-pangenomics/working/HPRC/NA20752/raw_data/PacBio_HiFi/deepconsensus/v1pt2/NA20752.m64457e_220831_195843.dc.q20.fastq.gz','s3://human-pangenomics/working/HPRC/NA20752/raw_data/PacBio_HiFi/m84046_230517_211630_s4.hifi_reads.bc2052.bam']	['s3://human-pangenomics/working/HPRC/NA20752/raw_data/Illumina/child/NA20752.final.cram']	['s3://human-pangenomics/working/HPRC/NA20752/raw_data/nanopore/sup5.0.0_5mCG_5hmCG/11_12_24_R1041_UL_HPRC_NA20752_1_dorado0.9.1_sup5.0.0_5mCG_5hmCG.bam','s3://human-pangenomics/working/HPRC/NA20752/raw_data/nanopore/sup5.0.0_5mCG_5hmCG/11_12_24_R1041_UL_HPRC_NA20752_2_dorado0.9.1_sup5.0.0_5mCG_5hmCG.bam','s3://human-pangenomics/working/HPRC/NA20752/raw_data/nanopore/guppy_6/09_14_22_R941_GM20752_1_Guppy_6.5.7_450bps_modbases_5mc_cg_sup_prom_pass.bam','s3://human-pangenomics/working/HPRC/NA20752/raw_data/nanopore/guppy_6/09_14_22_R941_GM20752_2_Guppy_6.5.7_450bps_modbases_5mc_cg_sup_prom_pass.bam','s3://human-pangenomics/working/HPRC/NA20752/raw_data/nanopore/guppy_6/09_14_22_R941_GM20752_3_Guppy_6.5.7_450bps_modbases_5mc_cg_sup_prom_pass.bam']	[--unitig-abundance 8]
NA20756	['s3://human-pangenomics/working/HPRC/NA20756/raw_data/hic/NA20756-1_FC1_S37_L004_R1_001.fastq.gz','s3://human-pangenomics/working/HPRC/NA20756/raw_data/hic/NA20756-1_FC1_S37_L004_R2_001.fastq.gz','s3://human-pangenomics/working/HPRC/NA20756/raw_data/hic/NA20756-1_FC2_S37_L004_R1_001.fastq.gz','s3://human-pangenomics/working/HPRC/NA20756/raw_data/hic/NA20756-1_FC2_S37_L004_R2_001.fastq.gz','s3://human-pangenomics/working/HPRC/NA20756/raw_data/hic/NA20756-2_FC1_S38_L004_R1_001.fastq.gz','s3://human-pangenomics/working/HPRC/NA20756/raw_data/hic/NA20756-2_FC1_S38_L004_R2_001.fastq.gz','s3://human-pangenomics/working/HPRC/NA20756/raw_data/hic/NA20756-2_FC2_S38_L004_R1_001.fastq.gz','s3://human-pangenomics/working/HPRC/NA20756/raw_data/hic/NA20756-2_FC2_S38_L004_R2_001.fastq.gz']	['s3://human-pangenomics/working/HPRC/NA20756/raw_data/PacBio_HiFi/m84046_240314_024949_s3.hifi_reads.bc2008.bam','s3://human-pangenomics/working/HPRC/NA20756/raw_data/PacBio_HiFi/m84046_240208_060511_s4.hifi_reads.bc2008.bam','s3://human-pangenomics/working/HPRC/NA20756/raw_data/PacBio_HiFi/m84046_240208_080443_s1.hifi_reads.bc2008.bam']	['s3://human-pangenomics/working/HPRC/NA20756/raw_data/Illumina/child/NA20756.final.fq.gz']	['s3://human-pangenomics/working/HPRC/NA20756/raw_data/nanopore/sup5.0.0/10_07_24_R1041_UL_HPRC_NA20756_1_dorado0.9.1_sup5.0.0.bam','s3://human-pangenomics/working/HPRC/NA20756/raw_data/nanopore/sup5.0.0/10_07_24_R1041_UL_HPRC_NA20756_2_dorado0.9.1_sup5.0.0.bam','s3://human-pangenomics/working/HPRC/NA20756/raw_data/nanopore/sup5.0.0_5mCG_5hmCG/12_09_24_R1041_UL_HPRC_NA20756_1_dorado1.1.1_sup5.0.0_5mCG_5hmCG.bam']	[--unitig-abundance 8]
NA20796	['s3://human-pangenomics/working/HPRC/NA20796/raw_data/hic/NA20796-2_FC1_S4_L001_R2_001.fastq.gz','s3://human-pangenomics/working/HPRC/NA20796/raw_data/hic/NA20796-1_FC1_S3_L001_R2_001.fastq.gz','s3://human-pangenomics/working/HPRC/NA20796/raw_data/hic/NA20796-2_FC1_S4_L001_R1_001.fastq.gz','s3://human-pangenomics/working/HPRC/NA20796/raw_data/hic/NA20796-1_FC1_S3_L001_R1_001.fastq.gz','s3://human-pangenomics/working/HPRC/NA20796/raw_data/hic/NA20796-2_FC2_S4_L001_R1_001.fastq.gz','s3://human-pangenomics/working/HPRC/NA20796/raw_data/hic/NA20796-1_FC2_S3_L001_R1_001.fastq.gz','s3://human-pangenomics/working/HPRC/NA20796/raw_data/hic/NA20796-2_FC2_S4_L001_R2_001.fastq.gz','s3://human-pangenomics/working/HPRC/NA20796/raw_data/hic/NA20796-1_FC2_S3_L001_R2_001.fastq.gz']	['s3://human-pangenomics/working/HPRC/NA20796/raw_data/PacBio_HiFi/m84081_240413_014016_s4.hifi_reads.bc2074.bam','s3://human-pangenomics/working/HPRC/NA20796/raw_data/PacBio_HiFi/m84081_240322_013717_s4.hifi_reads.bc2074.bam']	['s3://human-pangenomics/working/HPRC/NA20796/raw_data/Illumina/child/NA20796.final.fq.gz']	['s3://human-pangenomics/working/HPRC/NA20796/raw_data/nanopore/sup5.0.0/04_30_24_R1041_UL_HPRC_NA20796_1_dorado0.9.1_sup5.0.0.bam','s3://human-pangenomics/working/HPRC/NA20796/raw_data/nanopore/sup5.0.0/04_30_24_R1041_UL_HPRC_NA20796_2_dorado0.9.1_sup5.0.0.bam','s3://human-pangenomics/working/HPRC/NA20796/raw_data/nanopore/sup5.0.0/04_30_24_R1041_UL_HPRC_NA20796_3_dorado0.9.1_sup5.0.0.bam']	[--unitig-abundance 8]
NA20799	['s3://human-pangenomics/working/HPRC/NA20799/raw_data/hic/NA20799-1_S4_L004_R1_001.fastq.gz','s3://human-pangenomics/working/HPRC/NA20799/raw_data/hic/NA20799-1_S4_L004_R2_001.fastq.gz','s3://human-pangenomics/working/HPRC/NA20799/raw_data/hic/NA20799-1_S4_L003_R1_001.fastq.gz','s3://human-pangenomics/working/HPRC/NA20799/raw_data/hic/NA20799-1_S4_L003_R2_001.fastq.gz','s3://human-pangenomics/working/HPRC/NA20799/raw_data/hic/NA20799-1_S4_L001_R1_001.fastq.gz','s3://human-pangenomics/working/HPRC/NA20799/raw_data/hic/NA20799-1_S4_L001_R2_001.fastq.gz','s3://human-pangenomics/working/HPRC/NA20799/raw_data/hic/NA20799-2_S12_L004_R1_001.fastq.gz','s3://human-pangenomics/working/HPRC/NA20799/raw_data/hic/NA20799-2_S12_L004_R2_001.fastq.gz','s3://human-pangenomics/working/HPRC/NA20799/raw_data/hic/NA20799-2_S12_L003_R1_001.fastq.gz','s3://human-pangenomics/working/HPRC/NA20799/raw_data/hic/NA20799-2_S12_L003_R2_001.fastq.gz','s3://human-pangenomics/working/HPRC/NA20799/raw_data/hic/NA20799-1_S4_L002_R1_001.fastq.gz','s3://human-pangenomics/working/HPRC/NA20799/raw_data/hic/NA20799-1_S4_L002_R2_001.fastq.gz','s3://human-pangenomics/working/HPRC/NA20799/raw_data/hic/NA20799-2_S12_L001_R1_001.fastq.gz','s3://human-pangenomics/working/HPRC/NA20799/raw_data/hic/NA20799-2_S12_L001_R2_001.fastq.gz','s3://human-pangenomics/working/HPRC/NA20799/raw_data/hic/NA20799-2_S12_L002_R1_001.fastq.gz','s3://human-pangenomics/working/HPRC/NA20799/raw_data/hic/NA20799-2_S12_L002_R2_001.fastq.gz','s3://human-pangenomics/working/HPRC/NA20799/raw_data/hic/NA20799-2_S12i_L004_R1_001.fastq.gz','s3://human-pangenomics/working/HPRC/NA20799/raw_data/hic/NA20799-2_S12i_L004_R2_001.fastq.gz','s3://human-pangenomics/working/HPRC/NA20799/raw_data/hic/NA20799-2_S12i_L003_R1_001.fastq.gz','s3://human-pangenomics/working/HPRC/NA20799/raw_data/hic/NA20799-2_S12i_L003_R2_001.fastq.gz','s3://human-pangenomics/working/HPRC/NA20799/raw_data/hic/NA20799-2_S12i_L001_R1_001.fastq.gz','s3://human-pangenomics/working/HPRC/NA20799/raw_data/hic/NA20799-2_S12i_L001_R2_001.fastq.gz','s3://human-pangenomics/working/HPRC/NA20799/raw_data/hic/NA20799-2_S12i_L002_R1_001.fastq.gz','s3://human-pangenomics/working/HPRC/NA20799/raw_data/hic/NA20799-2_S12i_L002_R2_001.fastq.gz']	['s3://human-pangenomics/working/HPRC/NA20799/raw_data/PacBio_HiFi/deepconsensus/v1pt2/NA20799.m54306Ue_220920_181216.dc.q20.fastq.gz','s3://human-pangenomics/working/HPRC/NA20799/raw_data/PacBio_HiFi/deepconsensus/v1pt2/NA20799.m54306Ue_220922_132103.dc.q20.fastq.gz','s3://human-pangenomics/working/HPRC/NA20799/raw_data/PacBio_HiFi/deepconsensus/v1pt2/NA20799.m64330e_220915_165522.dc.q20.fastq.gz','s3://human-pangenomics/working/HPRC/NA20799/raw_data/PacBio_HiFi/primrose/m54306Ue_220927_182256.demultiplex.bc1018--bc1018.5mc.hifi_reads.bam','s3://human-pangenomics/working/HPRC/NA20799/raw_data/PacBio_HiFi/m84091_231211_215746_s3.hifi_reads.bc1018.bam','s3://human-pangenomics/working/HPRC/NA20799/raw_data/PacBio_HiFi/m84091_231208_204928_s2.hifi_reads.bc1018.bam']	['s3://human-pangenomics/working/HPRC/NA20799/raw_data/Illumina/child/NA20799.final.cram']	['s3://human-pangenomics/working/HPRC/NA20799/raw_data/nanopore/sup5.0.0_5mCG_5hmCG/12_02_24_R1041_UL_HPRC_NA20799_1_dorado0.9.1_sup5.0.0_5mCG_5hmCG.bam','s3://human-pangenomics/working/HPRC/NA20799/raw_data/nanopore/sup5.0.0_5mCG_5hmCG/12_02_24_R1041_UL_HPRC_NA20799_2_dorado0.9.1_sup5.0.0_5mCG_5hmCG.bam','s3://human-pangenomics/working/HPRC/NA20799/raw_data/nanopore/guppy_6/09_27_2022_R941_GM20799_1_Guppy_6.5.7_450bps_modbases_5mc_cg_sup_prom_pass.bam','s3://human-pangenomics/working/HPRC/NA20799/raw_data/nanopore/guppy_6/09_27_2022_R941_GM20799_2_Guppy_6.5.7_450bps_modbases_5mc_cg_sup_prom_pass.bam','s3://human-pangenomics/working/HPRC/NA20799/raw_data/nanopore/guppy_6/09_27_2022_R941_GM20799_3_Guppy_6.5.7_450bps_modbases_5mc_cg_sup_prom_pass.bam']	[--unitig-abundance 8]
NA20800	['s3://human-pangenomics/working/HPRC/NA20800/raw_data/hic/NA20800-1_FC1_S33_L003_R1_001.fastq.gz','s3://human-pangenomics/working/HPRC/NA20800/raw_data/hic/NA20800-1_FC1_S33_L003_R2_001.fastq.gz','s3://human-pangenomics/working/HPRC/NA20800/raw_data/hic/NA20800-1_FC2_S33_L003_R1_001.fastq.gz','s3://human-pangenomics/working/HPRC/NA20800/raw_data/hic/NA20800-1_FC2_S33_L003_R2_001.fastq.gz','s3://human-pangenomics/working/HPRC/NA20800/raw_data/hic/NA20800-2_FC1_S34_L003_R1_001.fastq.gz','s3://human-pangenomics/working/HPRC/NA20800/raw_data/hic/NA20800-2_FC1_S34_L003_R2_001.fastq.gz','s3://human-pangenomics/working/HPRC/NA20800/raw_data/hic/NA20800-2_FC2_S34_L003_R1_001.fastq.gz','s3://human-pangenomics/working/HPRC/NA20800/raw_data/hic/NA20800-2_FC2_S34_L003_R2_001.fastq.gz']	['s3://human-pangenomics/working/HPRC/NA20800/raw_data/PacBio_HiFi/m84046_240120_005038_s3.hifi_reads.bc2082.bam','s3://human-pangenomics/working/HPRC/NA20800/raw_data/PacBio_HiFi/m84046_240117_015602_s2.hifi_reads.bc2082.bam','s3://human-pangenomics/working/HPRC/NA20800/raw_data/PacBio_HiFi/m84046_240116_235634_s3.hifi_reads.bc2082.bam','s3://human-pangenomics/working/HPRC/NA20800/raw_data/PacBio_HiFi/m84046_240116_215713_s4.hifi_reads.bc2082.bam','s3://human-pangenomics/working/HPRC/NA20800/raw_data/PacBio_HiFi/m84046_240109_215606_s2.hifi_reads.bc2082.bam','s3://human-pangenomics/working/HPRC/NA20800/raw_data/PacBio_HiFi/m84046_240109_195644_s3.hifi_reads.bc2082.bam']	['s3://human-pangenomics/working/HPRC/NA20800/raw_data/Illumina/child/NA20800.final.fq.gz']	['s3://human-pangenomics/working/HPRC/NA20800/raw_data/nanopore/sup5.0.0/10_07_24_R1041_UL_HPRC_NA20800_1_dorado0.9.1_sup5.0.0.bam','s3://human-pangenomics/working/HPRC/NA20800/raw_data/nanopore/sup5.0.0/10_07_24_R1041_UL_HPRC_NA20800_2_dorado0.9.1_sup5.0.0.bam','s3://human-pangenomics/working/HPRC/NA20800/raw_data/nanopore/sup5.0.0/10_07_24_R1041_UL_HPRC_NA20800_3_dorado0.9.1_sup5.0.0.bam']	[--unitig-abundance 8]
NA20805	['s3://human-pangenomics/working/HPRC/NA20805/raw_data/hic/NA20805-2_S26_L001_R1_001.fastq.gz','s3://human-pangenomics/working/HPRC/NA20805/raw_data/hic/NA20805-2_S26_L001_R2_001.fastq.gz','s3://human-pangenomics/working/HPRC/NA20805/raw_data/hic/NA20805-2_S26_L004_R1_001.fastq.gz','s3://human-pangenomics/working/HPRC/NA20805/raw_data/hic/NA20805-2_S26_L004_R2_001.fastq.gz','s3://human-pangenomics/working/HPRC/NA20805/raw_data/hic/NA20805-2_S26_L002_R1_001.fastq.gz','s3://human-pangenomics/working/HPRC/NA20805/raw_data/hic/NA20805-2_S26_L002_R2_001.fastq.gz','s3://human-pangenomics/working/HPRC/NA20805/raw_data/hic/NA20805-2_S26_L003_R1_001.fastq.gz','s3://human-pangenomics/working/HPRC/NA20805/raw_data/hic/NA20805-2_S26_L003_R2_001.fastq.gz','s3://human-pangenomics/working/HPRC/NA20805/raw_data/hic/NA20805-1_S18_L001_R1_001.fastq.gz','s3://human-pangenomics/working/HPRC/NA20805/raw_data/hic/NA20805-1_S18_L001_R2_001.fastq.gz','s3://human-pangenomics/working/HPRC/NA20805/raw_data/hic/NA20805-1_S18_L004_R1_001.fastq.gz','s3://human-pangenomics/working/HPRC/NA20805/raw_data/hic/NA20805-1_S18_L004_R2_001.fastq.gz','s3://human-pangenomics/working/HPRC/NA20805/raw_data/hic/NA20805-1_S18_L002_R1_001.fastq.gz','s3://human-pangenomics/working/HPRC/NA20805/raw_data/hic/NA20805-1_S18_L002_R2_001.fastq.gz','s3://human-pangenomics/working/HPRC/NA20805/raw_data/hic/NA20805-1_S18_L003_R1_001.fastq.gz','s3://human-pangenomics/working/HPRC/NA20805/raw_data/hic/NA20805-1_S18_L003_R2_001.fastq.gz']	['s3://human-pangenomics/working/HPRC/NA20805/raw_data/PacBio_HiFi/deepconsensus/v1pt2/NA20805.m64136_220726_203708.dc.q20.fastq.gz','s3://human-pangenomics/working/HPRC/NA20805/raw_data/PacBio_HiFi/deepconsensus/v1pt2/NA20805.m64136_220728_160902.dc.q20.fastq.gz','s3://human-pangenomics/working/HPRC/NA20805/raw_data/PacBio_HiFi/deepconsensus/v1pt2/NA20805.m64136_220730_113921.dc.q20.fastq.gz','s3://human-pangenomics/working/HPRC/NA20805/raw_data/PacBio_HiFi/m84081_230728_191731_s1.hifi_reads.bc2027.bam']	['s3://human-pangenomics/working/HPRC/NA20805/raw_data/Illumina/child/NA20805.final.cram']	['s3://human-pangenomics/working/HPRC/NA20805/raw_data/nanopore/sup5.0.0_5mCG_5hmCG/11_12_24_R1041_UL_HPRC_NA20805_1_dorado0.9.1_sup5.0.0_5mCG_5hmCG.bam','s3://human-pangenomics/working/HPRC/NA20805/raw_data/nanopore/sup5.0.0_5mCG_5hmCG/11_12_24_R1041_UL_HPRC_NA20805_2_dorado0.9.1_sup5.0.0_5mCG_5hmCG.bam','s3://human-pangenomics/working/HPRC/NA20805/raw_data/nanopore/guppy_6/08_10_22_R941_GM20805_1_Guppy_6.5.7_450bps_modbases_5mc_cg_sup_prom_pass.bam','s3://human-pangenomics/working/HPRC/NA20805/raw_data/nanopore/guppy_6/08_10_22_R941_GM20805_2_Guppy_6.5.7_450bps_modbases_5mc_cg_sup_prom_pass.bam','s3://human-pangenomics/working/HPRC/NA20805/raw_data/nanopore/guppy_6/08_10_22_R941_GM20805_3_Guppy_6.5.7_450bps_modbases_5mc_cg_sup_prom_pass.bam','s3://human-pangenomics/working/HPRC/NA20805/raw_data/nanopore/guppy_6/08_10_22_R941_GM20805_4_Guppy_6.5.7_450bps_modbases_5mc_cg_sup_prom_pass.bam']	[--unitig-abundance 8]
NA20809	['s3://human-pangenomics/working/HPRC/NA20809/raw_data/hic/NA20809-2_FC1_S18_L001_R1_001.fastq.gz','s3://human-pangenomics/working/HPRC/NA20809/raw_data/hic/NA20809-2_FC1_S18_L001_R2_001.fastq.gz','s3://human-pangenomics/working/HPRC/NA20809/raw_data/hic/NA20809-2_FC3_S18_L001_R1_001.fastq.gz','s3://human-pangenomics/working/HPRC/NA20809/raw_data/hic/NA20809-2_FC3_S18_L001_R2_001.fastq.gz','s3://human-pangenomics/working/HPRC/NA20809/raw_data/hic/NA20809-2_FC4_S18_L001_R1_001.fastq.gz','s3://human-pangenomics/working/HPRC/NA20809/raw_data/hic/NA20809-2_FC4_S18_L001_R2_001.fastq.gz','s3://human-pangenomics/working/HPRC/NA20809/raw_data/hic/NA20809-2_FC2_S18_L001_R1_001.fastq.gz','s3://human-pangenomics/working/HPRC/NA20809/raw_data/hic/NA20809-2_FC2_S18_L001_R2_001.fastq.gz','s3://human-pangenomics/working/HPRC/NA20809/raw_data/hic/NA20809-1_FC1_S10_L001_R1_001.fastq.gz','s3://human-pangenomics/working/HPRC/NA20809/raw_data/hic/NA20809-1_FC1_S10_L001_R2_001.fastq.gz','s3://human-pangenomics/working/HPRC/NA20809/raw_data/hic/NA20809-1_FC3_S10_L001_R1_001.fastq.gz','s3://human-pangenomics/working/HPRC/NA20809/raw_data/hic/NA20809-1_FC3_S10_L001_R2_001.fastq.gz','s3://human-pangenomics/working/HPRC/NA20809/raw_data/hic/NA20809-1_FC4_S10_L001_R1_001.fastq.gz','s3://human-pangenomics/working/HPRC/NA20809/raw_data/hic/NA20809-1_FC4_S10_L001_R2_001.fastq.gz','s3://human-pangenomics/working/HPRC/NA20809/raw_data/hic/NA20809-1_FC2_S10_L001_R1_001.fastq.gz','s3://human-pangenomics/working/HPRC/NA20809/raw_data/hic/NA20809-1_FC2_S10_L001_R2_001.fastq.gz']	['s3://human-pangenomics/working/HPRC/NA20809/raw_data/PacBio_HiFi/m84081_230728_191731_s1.hifi_reads.bc2022.bam','s3://human-pangenomics/working/HPRC/NA20809/raw_data/PacBio_HiFi/m84081_230715_210542_s2.hifi_reads.bc2022.bam','s3://human-pangenomics/working/HPRC/NA20809/raw_data/PacBio_HiFi/m84081_230715_203436_s1.hifi_reads.bc2022.bam']	['s3://human-pangenomics/working/HPRC/NA20809/raw_data/Illumina/child/NA20809.final.cram']	['s3://human-pangenomics/working/HPRC/NA20809/raw_data/nanopore/sup5.0.0/08_08_23_R1041_HPRC_NA20809_3_dorado0.9.5_sup5.0.0.bam','s3://human-pangenomics/working/HPRC/NA20809/raw_data/nanopore/sup5.0.0/08_08_23_R1041_HPRC_NA20809_2_dorado0.9.5_sup5.0.0.bam','s3://human-pangenomics/working/HPRC/NA20809/raw_data/nanopore/sup5.0.0/08_08_23_R1041_HPRC_NA20809_1_dorado0.9.5_sup5.0.0.bam']	[--unitig-abundance 8]
NA20818	['s3://human-pangenomics/working/HPRC/NA20818/raw_data/hic/NA20818-1_FC1_S5_L001_R1_001.fastq.gz','s3://human-pangenomics/working/HPRC/NA20818/raw_data/hic/NA20818-1_FC1_S5_L001_R2_001.fastq.gz','s3://human-pangenomics/working/HPRC/NA20818/raw_data/hic/NA20818-1_FC2_S5_L001_R1_001.fastq.gz','s3://human-pangenomics/working/HPRC/NA20818/raw_data/hic/NA20818-1_FC2_S5_L001_R2_001.fastq.gz','s3://human-pangenomics/working/HPRC/NA20818/raw_data/hic/NA20818-2_FC1_S6_L001_R1_001.fastq.gz','s3://human-pangenomics/working/HPRC/NA20818/raw_data/hic/NA20818-2_FC1_S6_L001_R2_001.fastq.gz','s3://human-pangenomics/working/HPRC/NA20818/raw_data/hic/NA20818-2_FC2_S6_L001_R1_001.fastq.gz','s3://human-pangenomics/working/HPRC/NA20818/raw_data/hic/NA20818-2_FC2_S6_L001_R2_001.fastq.gz']	['s3://human-pangenomics/working/HPRC/NA20818/raw_data/PacBio_HiFi/m84081_230727_204001_s4.hifi_reads.bc2028.bam','s3://human-pangenomics/working/HPRC/NA20818/raw_data/PacBio_HiFi/m84081_230727_200855_s3.hifi_reads.bc2028.bam']	['s3://human-pangenomics/working/HPRC/NA20818/raw_data/Illumina/child/NA20818.final.fq.gz']	['s3://human-pangenomics/working/HPRC/NA20818/raw_data/nanopore/sup5.0.0/09_12_23_R1041_HPRC_NA20818_3_dorado0.9.5_sup5.0.0.bam','s3://human-pangenomics/working/HPRC/NA20818/raw_data/nanopore/sup5.0.0/09_12_23_R1041_HPRC_NA20818_2_dorado0.9.5_sup5.0.0.bam','s3://human-pangenomics/working/HPRC/NA20818/raw_data/nanopore/sup5.0.0/09_12_23_R1041_HPRC_NA20818_1_dorado0.9.5_sup5.0.0.bam']	[--unitig-abundance 8]
NA20850	['s3://human-pangenomics/working/HPRC/NA20850/raw_data/hic/NA20850-2_FC1_S16_L001_R1_001.fastq.gz','s3://human-pangenomics/working/HPRC/NA20850/raw_data/hic/NA20850-2_FC1_S16_L001_R2_001.fastq.gz','s3://human-pangenomics/working/HPRC/NA20850/raw_data/hic/NA20850-2_FC3_S16_L001_R1_001.fastq.gz','s3://human-pangenomics/working/HPRC/NA20850/raw_data/hic/NA20850-2_FC3_S16_L001_R2_001.fastq.gz','s3://human-pangenomics/working/HPRC/NA20850/raw_data/hic/NA20850-2_FC4_S16_L001_R1_001.fastq.gz','s3://human-pangenomics/working/HPRC/NA20850/raw_data/hic/NA20850-2_FC4_S16_L001_R2_001.fastq.gz','s3://human-pangenomics/working/HPRC/NA20850/raw_data/hic/NA20850-2_FC2_S16_L001_R1_001.fastq.gz','s3://human-pangenomics/working/HPRC/NA20850/raw_data/hic/NA20850-2_FC2_S16_L001_R2_001.fastq.gz','s3://human-pangenomics/working/HPRC/NA20850/raw_data/hic/NA20850-1_FC1_S8_L001_R1_001.fastq.gz','s3://human-pangenomics/working/HPRC/NA20850/raw_data/hic/NA20850-1_FC1_S8_L001_R2_001.fastq.gz','s3://human-pangenomics/working/HPRC/NA20850/raw_data/hic/NA20850-1_FC3_S8_L001_R1_001.fastq.gz','s3://human-pangenomics/working/HPRC/NA20850/raw_data/hic/NA20850-1_FC3_S8_L001_R2_001.fastq.gz','s3://human-pangenomics/working/HPRC/NA20850/raw_data/hic/NA20850-1_FC4_S8_L001_R1_001.fastq.gz','s3://human-pangenomics/working/HPRC/NA20850/raw_data/hic/NA20850-1_FC4_S8_L001_R2_001.fastq.gz','s3://human-pangenomics/working/HPRC/NA20850/raw_data/hic/NA20850-1_FC2_S8_L001_R1_001.fastq.gz','s3://human-pangenomics/working/HPRC/NA20850/raw_data/hic/NA20850-1_FC2_S8_L001_R2_001.fastq.gz']	['s3://human-pangenomics/working/HPRC/NA20850/raw_data/PacBio_HiFi/m84046_230721_175304_s3.hifi_reads.bc2092.bam','s3://human-pangenomics/working/HPRC/NA20850/raw_data/PacBio_HiFi/m84046_230721_185439_s1.hifi_reads.bc2092.bam','s3://human-pangenomics/working/HPRC/NA20850/raw_data/PacBio_HiFi/m84046_230721_182333_s4.hifi_reads.bc2092.bam']	['s3://human-pangenomics/working/HPRC/NA20850/raw_data/Illumina/child/NA20850.final.cram']	['s3://human-pangenomics/working/HPRC/NA20850/raw_data/nanopore/sup5.0.0/08_08_23_R1041_HPRC_NA20850_1_dorado0.9.5_sup5.0.0.bam','s3://human-pangenomics/working/HPRC/NA20850/raw_data/nanopore/sup5.0.0/08_08_23_R1041_HPRC_NA20850_2_dorado0.9.5_sup5.0.0.bam','s3://human-pangenomics/working/HPRC/NA20850/raw_data/nanopore/sup5.0.0/08_08_23_R1041_HPRC_NA20850_3_dorado0.9.5_sup5.0.0.bam']	[--unitig-abundance 8]
NA20858	['s3://human-pangenomics/working/HPRC/NA20858/raw_data/hic/NA20858-1_S8_L001_R1_001.fastq.gz','s3://human-pangenomics/working/HPRC/NA20858/raw_data/hic/NA20858-1_S8_L002_R1_001.fastq.gz','s3://human-pangenomics/working/HPRC/NA20858/raw_data/hic/NA20858-1_S8_L003_R1_001.fastq.gz','s3://human-pangenomics/working/HPRC/NA20858/raw_data/hic/NA20858-1_S8_L004_R1_001.fastq.gz','s3://human-pangenomics/working/HPRC/NA20858/raw_data/hic/NA20858-2_S16_L001_R1_001.fastq.gz','s3://human-pangenomics/working/HPRC/NA20858/raw_data/hic/NA20858-2_S16_L002_R1_001.fastq.gz','s3://human-pangenomics/working/HPRC/NA20858/raw_data/hic/NA20858-2_S16_L003_R1_001.fastq.gz','s3://human-pangenomics/working/HPRC/NA20858/raw_data/hic/NA20858-2_S16_L004_R1_001.fastq.gz','s3://human-pangenomics/working/HPRC/NA20858/raw_data/hic/NA20858-2_S16i_L001_R1_001.fastq.gz','s3://human-pangenomics/working/HPRC/NA20858/raw_data/hic/NA20858-2_S16i_L002_R1_001.fastq.gz','s3://human-pangenomics/working/HPRC/NA20858/raw_data/hic/NA20858-2_S16i_L003_R1_001.fastq.gz','s3://human-pangenomics/working/HPRC/NA20858/raw_data/hic/NA20858-2_S16i_L004_R1_001.fastq.gz','s3://human-pangenomics/working/HPRC/NA20858/raw_data/hic/NA20858-1_S8_L001_R2_001.fastq.gz','s3://human-pangenomics/working/HPRC/NA20858/raw_data/hic/NA20858-1_S8_L002_R2_001.fastq.gz','s3://human-pangenomics/working/HPRC/NA20858/raw_data/hic/NA20858-1_S8_L003_R2_001.fastq.gz','s3://human-pangenomics/working/HPRC/NA20858/raw_data/hic/NA20858-1_S8_L004_R2_001.fastq.gz','s3://human-pangenomics/working/HPRC/NA20858/raw_data/hic/NA20858-2_S16_L001_R2_001.fastq.gz','s3://human-pangenomics/working/HPRC/NA20858/raw_data/hic/NA20858-2_S16_L002_R2_001.fastq.gz','s3://human-pangenomics/working/HPRC/NA20858/raw_data/hic/NA20858-2_S16_L003_R2_001.fastq.gz','s3://human-pangenomics/working/HPRC/NA20858/raw_data/hic/NA20858-2_S16_L004_R2_001.fastq.gz','s3://human-pangenomics/working/HPRC/NA20858/raw_data/hic/NA20858-2_S16i_L001_R2_001.fastq.gz','s3://human-pangenomics/working/HPRC/NA20858/raw_data/hic/NA20858-2_S16i_L002_R2_001.fastq.gz','s3://human-pangenomics/working/HPRC/NA20858/raw_data/hic/NA20858-2_S16i_L003_R2_001.fastq.gz','s3://human-pangenomics/working/HPRC/NA20858/raw_data/hic/NA20858-2_S16i_L004_R2_001.fastq.gz']	['s3://human-pangenomics/working/HPRC/NA20858/raw_data/PacBio_HiFi/m84081_230508_193526_s1.hifi_reads.bc2002.bam','s3://human-pangenomics/working/HPRC/NA20858/raw_data/PacBio_HiFi/m84081_230511_180835_s3.hifi_reads.bc2002.bam']	['s3://human-pangenomics/working/HPRC/NA20858/raw_data/Illumina/child/NA20858.final.fq.gz']	['s3://human-pangenomics/working/HPRC/NA20858/raw_data/nanopore/sup5.0.0_5mCG_5hmCG/12_02_24_R1041_UL_HPRC_NA20858_1_dorado0.9.5_sup5.0.0_5mCG_5hmCG.bam','s3://human-pangenomics/working/HPRC/NA20858/raw_data/nanopore/sup5.0.0_5mCG_5hmCG/12_02_24_R1041_UL_HPRC_NA20858_2_dorado0.9.5_sup5.0.0_5mCG_5hmCG.bam']	[--unitig-abundance 8]
NA20866	['s3://human-pangenomics/working/HPRC/NA20866/raw_data/hic/NA20866-1_FC1_S25_L003_R1_001.fastq.gz','s3://human-pangenomics/working/HPRC/NA20866/raw_data/hic/NA20866-1_FC1_S25_L003_R2_001.fastq.gz','s3://human-pangenomics/working/HPRC/NA20866/raw_data/hic/NA20866-1_FC2_S25_L003_R1_001.fastq.gz','s3://human-pangenomics/working/HPRC/NA20866/raw_data/hic/NA20866-1_FC2_S25_L003_R2_001.fastq.gz','s3://human-pangenomics/working/HPRC/NA20866/raw_data/hic/NA20866-2_FC1_S26_L003_R1_001.fastq.gz','s3://human-pangenomics/working/HPRC/NA20866/raw_data/hic/NA20866-2_FC1_S26_L003_R2_001.fastq.gz','s3://human-pangenomics/working/HPRC/NA20866/raw_data/hic/NA20866-2_FC2_S26_L003_R1_001.fastq.gz','s3://human-pangenomics/working/HPRC/NA20866/raw_data/hic/NA20866-2_FC2_S26_L003_R2_001.fastq.gz']	['s3://human-pangenomics/working/HPRC/NA20866/raw_data/PacBio_HiFi/m84046_240120_005038_s3.hifi_reads.bc2030.bam','s3://human-pangenomics/working/HPRC/NA20866/raw_data/PacBio_HiFi/m84046_240117_015602_s2.hifi_reads.bc2030.bam','s3://human-pangenomics/working/HPRC/NA20866/raw_data/PacBio_HiFi/m84046_240116_215713_s4.hifi_reads.bc2030.bam','s3://human-pangenomics/working/HPRC/NA20866/raw_data/PacBio_HiFi/m84046_240109_195644_s3.hifi_reads.bc2030.bam','s3://human-pangenomics/working/HPRC/NA20866/raw_data/PacBio_HiFi/m84046_240109_215606_s2.hifi_reads.bc2030.bam','s3://human-pangenomics/working/HPRC/NA20866/raw_data/PacBio_HiFi/m84046_240116_235634_s3.hifi_reads.bc2030.bam']	['s3://human-pangenomics/working/HPRC/NA20866/raw_data/Illumina/child/NA20866.final.fq.gz']	['s3://human-pangenomics/working/HPRC/NA20866/raw_data/nanopore/sup5.0.0_5mCG_5hmCG/10_15_24_R1041_UL_HPRC_NA20866_1_dorado0.9.1_sup5.0.0_5mCG_5hmCG.bam','s3://human-pangenomics/working/HPRC/NA20866/raw_data/nanopore/sup5.0.0_5mCG_5hmCG/10_15_24_R1041_UL_HPRC_NA20866_2_dorado0.9.1_sup5.0.0_5mCG_5hmCG.bam','s3://human-pangenomics/working/HPRC/NA20866/raw_data/nanopore/sup5.0.0_5mCG_5hmCG/10_28_24_R1041_UL_HPRC_NA20866_1_dorado0.9.1_sup5.0.0_5mCG_5hmCG.bam']	[--unitig-abundance 8]
NA20870	['s3://human-pangenomics/working/HPRC/NA20870/raw_data/hic/NA20870-1_FC1_S3_L002_R1_001.fastq.gz','s3://human-pangenomics/working/HPRC/NA20870/raw_data/hic/NA20870-1_FC1_S3_L002_R2_001.fastq.gz','s3://human-pangenomics/working/HPRC/NA20870/raw_data/hic/NA20870-1_FC2_S3_L002_R1_001.fastq.gz','s3://human-pangenomics/working/HPRC/NA20870/raw_data/hic/NA20870-1_FC2_S3_L002_R2_001.fastq.gz','s3://human-pangenomics/working/HPRC/NA20870/raw_data/hic/NA20870-2_FC1_S4_L002_R1_001.fastq.gz','s3://human-pangenomics/working/HPRC/NA20870/raw_data/hic/NA20870-2_FC1_S4_L002_R2_001.fastq.gz','s3://human-pangenomics/working/HPRC/NA20870/raw_data/hic/NA20870-2_FC2_S4_L002_R1_001.fastq.gz','s3://human-pangenomics/working/HPRC/NA20870/raw_data/hic/NA20870-2_FC2_S4_L002_R2_001.fastq.gz']	['s3://human-pangenomics/working/HPRC/NA20870/raw_data/PacBio_HiFi/m84091_230707_172800_s2.hifi_reads.bc1010.bam','s3://human-pangenomics/working/HPRC/NA20870/raw_data/PacBio_HiFi/m84091_230703_175432_s4.hifi_reads.bc1010.bam']	['s3://human-pangenomics/working/HPRC/NA20870/raw_data/Illumina/child/NA20870.final.cram']	['s3://human-pangenomics/working/HPRC/NA20870/raw_data/nanopore/sup5.0.0/11_14_23_R1041_HPRC_NA20870_2_dorado0.9.5_sup5.0.0.bam','s3://human-pangenomics/working/HPRC/NA20870/raw_data/nanopore/sup5.0.0/11_14_23_R1041_HPRC_NA20870_3_dorado0.9.5_sup5.0.0.bam','s3://human-pangenomics/working/HPRC/NA20870/raw_data/nanopore/sup5.0.0/11_14_23_R1041_HPRC_NA20870_1_dorado0.9.5_sup5.0.0.bam']	[--unitig-abundance 8]
NA20905	['s3://human-pangenomics/working/HPRC/NA20905/raw_data/hic/NA20905-1_S22_L001_R1_001.fastq.gz','s3://human-pangenomics/working/HPRC/NA20905/raw_data/hic/NA20905-1_S22_L001_R2_001.fastq.gz','s3://human-pangenomics/working/HPRC/NA20905/raw_data/hic/NA20905-1_S22_L004_R1_001.fastq.gz','s3://human-pangenomics/working/HPRC/NA20905/raw_data/hic/NA20905-1_S22_L004_R2_001.fastq.gz','s3://human-pangenomics/working/HPRC/NA20905/raw_data/hic/NA20905-1_S22_L002_R1_001.fastq.gz','s3://human-pangenomics/working/HPRC/NA20905/raw_data/hic/NA20905-1_S22_L002_R2_001.fastq.gz','s3://human-pangenomics/working/HPRC/NA20905/raw_data/hic/NA20905-1_S22_L003_R1_001.fastq.gz','s3://human-pangenomics/working/HPRC/NA20905/raw_data/hic/NA20905-1_S22_L003_R2_001.fastq.gz','s3://human-pangenomics/working/HPRC/NA20905/raw_data/hic/NA20905-2_S30_L001_R1_001.fastq.gz','s3://human-pangenomics/working/HPRC/NA20905/raw_data/hic/NA20905-2_S30_L001_R2_001.fastq.gz','s3://human-pangenomics/working/HPRC/NA20905/raw_data/hic/NA20905-2_S30_L004_R1_001.fastq.gz','s3://human-pangenomics/working/HPRC/NA20905/raw_data/hic/NA20905-2_S30_L004_R2_001.fastq.gz','s3://human-pangenomics/working/HPRC/NA20905/raw_data/hic/NA20905-2_S30_L002_R1_001.fastq.gz','s3://human-pangenomics/working/HPRC/NA20905/raw_data/hic/NA20905-2_S30_L002_R2_001.fastq.gz','s3://human-pangenomics/working/HPRC/NA20905/raw_data/hic/NA20905-2_S30_L003_R1_001.fastq.gz','s3://human-pangenomics/working/HPRC/NA20905/raw_data/hic/NA20905-2_S30_L003_R2_001.fastq.gz']	['s3://human-pangenomics/working/HPRC/NA20905/raw_data/PacBio_HiFi/deepconsensus/v1pt2/NA20905.m64076_220914_214248.dc.q20.fastq.gz','s3://human-pangenomics/working/HPRC/NA20905/raw_data/PacBio_HiFi/deepconsensus/v1pt2/NA20905.m64076_220916_183810.dc.q20.fastq.gz','s3://human-pangenomics/working/HPRC/NA20905/raw_data/PacBio_HiFi/deepconsensus/v1pt2/NA20905.m64076_220918_143117.dc.q20.fastq.gz','s3://human-pangenomics/working/HPRC/NA20905/raw_data/PacBio_HiFi/m84046_230623_210640_s1.hifi_reads.bc2060.bam','s3://human-pangenomics/working/HPRC/NA20905/raw_data/PacBio_HiFi/m84046_230522_234602_s2.hifi_reads.bc2060.bam']	['s3://human-pangenomics/working/HPRC/NA20905/raw_data/Illumina/child/NA20905.final.cram']	['s3://human-pangenomics/working/HPRC/NA20905/raw_data/nanopore/sup5.0.0_5mCG_5hmCG/12_02_24_R1041_UL_HPRC_NA20905_1_dorado0.9.1_sup5.0.0_5mCG_5hmCG.bam','s3://human-pangenomics/working/HPRC/NA20905/raw_data/nanopore/sup5.0.0_5mCG_5hmCG/12_02_24_R1041_UL_HPRC_NA20905_2_dorado0.9.1_sup5.0.0_5mCG_5hmCG.bam','s3://human-pangenomics/working/HPRC/NA20905/raw_data/nanopore/guppy_6/09_27_2022_R941_GM20905_1_Guppy_6.5.7_450bps_modbases_5mc_cg_sup_prom_pass.bam','s3://human-pangenomics/working/HPRC/NA20905/raw_data/nanopore/guppy_6/09_27_2022_R941_GM20905_2_Guppy_6.5.7_450bps_modbases_5mc_cg_sup_prom_pass.bam','s3://human-pangenomics/working/HPRC/NA20905/raw_data/nanopore/guppy_6/09_27_2022_R941_GM20905_3_Guppy_6.5.7_450bps_modbases_5mc_cg_sup_prom_pass.bam']	[--unitig-abundance 8]
NA21093	['s3://human-pangenomics/working/HPRC/NA21093/raw_data/hic/NA21093-1_FC1_S9_L002_R1_001.fastq.gz','s3://human-pangenomics/working/HPRC/NA21093/raw_data/hic/NA21093-1_FC1_S9_L002_R2_001.fastq.gz','s3://human-pangenomics/working/HPRC/NA21093/raw_data/hic/NA21093-1_FC2_S9_L002_R1_001.fastq.gz','s3://human-pangenomics/working/HPRC/NA21093/raw_data/hic/NA21093-1_FC2_S9_L002_R2_001.fastq.gz','s3://human-pangenomics/working/HPRC/NA21093/raw_data/hic/NA21093-2_FC2_S10_L002_R1_001.fastq.gz','s3://human-pangenomics/working/HPRC/NA21093/raw_data/hic/NA21093-2_FC2_S10_L002_R2_001.fastq.gz','s3://human-pangenomics/working/HPRC/NA21093/raw_data/hic/NA21093-2_FC1_S10_L002_R1_001.fastq.gz','s3://human-pangenomics/working/HPRC/NA21093/raw_data/hic/NA21093-2_FC1_S10_L002_R2_001.fastq.gz']	['s3://human-pangenomics/working/HPRC/NA21093/raw_data/PacBio_HiFi/m84046_230508_193709_s3.hifi_reads.bc2094.bam','s3://human-pangenomics/working/HPRC/NA21093/raw_data/PacBio_HiFi/m84046_230428_231421_s3.hifi_reads.bc2094.bam','s3://human-pangenomics/working/HPRC/NA21093/raw_data/PacBio_HiFi/m84046_230504_195327_s1.hifi_reads.bc2094.bam','s3://human-pangenomics/working/HPRC/NA21093/raw_data/PacBio_HiFi/m84046_230504_202347_s2.hifi_reads.bc2094.bam']	['s3://human-pangenomics/working/HPRC/NA21093/raw_data/Illumina/child/NA21093.final.cram']	['s3://human-pangenomics/working/HPRC/NA21093/raw_data/nanopore/sup5.0.0/01_23_24_R1041_HPRC_NA21093_1_dorado0.9.5_sup5.0.0.bam','s3://human-pangenomics/working/HPRC/NA21093/raw_data/nanopore/sup5.0.0/12_12_23_R1041_HPRC_NA21093_1_dorado0.9.5_sup5.0.0.bam','s3://human-pangenomics/working/HPRC/NA21093/raw_data/nanopore/sup5.0.0/12_12_23_R1041_HPRC_NA21093_2_dorado0.9.5_sup5.0.0.bam','s3://human-pangenomics/working/HPRC/NA21093/raw_data/nanopore/sup5.0.0/12_12_23_R1041_HPRC_NA21093_3_dorado0.9.5_sup5.0.0.bam']	[--unitig-abundance 8]
NA21102	['s3://human-pangenomics/working/HPRC/NA21102/raw_data/hic/NA21102-2_FC1_S19_L001_R1_001.fastq.gz','s3://human-pangenomics/working/HPRC/NA21102/raw_data/hic/NA21102-2_FC1_S19_L001_R2_001.fastq.gz','s3://human-pangenomics/working/HPRC/NA21102/raw_data/hic/NA21102-2_FC3_S19_L001_R1_001.fastq.gz','s3://human-pangenomics/working/HPRC/NA21102/raw_data/hic/NA21102-2_FC3_S19_L001_R2_001.fastq.gz','s3://human-pangenomics/working/HPRC/NA21102/raw_data/hic/NA21102-1_FC1_S11_L001_R1_001.fastq.gz','s3://human-pangenomics/working/HPRC/NA21102/raw_data/hic/NA21102-1_FC1_S11_L001_R2_001.fastq.gz','s3://human-pangenomics/working/HPRC/NA21102/raw_data/hic/NA21102-2_FC4_S19_L001_R1_001.fastq.gz','s3://human-pangenomics/working/HPRC/NA21102/raw_data/hic/NA21102-2_FC4_S19_L001_R2_001.fastq.gz','s3://human-pangenomics/working/HPRC/NA21102/raw_data/hic/NA21102-1_FC3_S11_L001_R1_001.fastq.gz','s3://human-pangenomics/working/HPRC/NA21102/raw_data/hic/NA21102-1_FC3_S11_L001_R2_001.fastq.gz','s3://human-pangenomics/working/HPRC/NA21102/raw_data/hic/NA21102-2_FC2_S19_L001_R1_001.fastq.gz','s3://human-pangenomics/working/HPRC/NA21102/raw_data/hic/NA21102-2_FC2_S19_L001_R2_001.fastq.gz','s3://human-pangenomics/working/HPRC/NA21102/raw_data/hic/NA21102-1_FC4_S11_L001_R1_001.fastq.gz','s3://human-pangenomics/working/HPRC/NA21102/raw_data/hic/NA21102-1_FC4_S11_L001_R2_001.fastq.gz','s3://human-pangenomics/working/HPRC/NA21102/raw_data/hic/NA21102-1_FC2_S11_L001_R1_001.fastq.gz','s3://human-pangenomics/working/HPRC/NA21102/raw_data/hic/NA21102-1_FC2_S11_L001_R2_001.fastq.gz']	['s3://human-pangenomics/working/HPRC/NA21102/raw_data/PacBio_HiFi/m84081_230728_191731_s1.hifi_reads.bc2023.bam','s3://human-pangenomics/working/HPRC/NA21102/raw_data/PacBio_HiFi/m84081_230715_213648_s3.hifi_reads.bc2023.bam','s3://human-pangenomics/working/HPRC/NA21102/raw_data/PacBio_HiFi/m84081_230715_220754_s4.hifi_reads.bc2023.bam']	['s3://human-pangenomics/working/HPRC/NA21102/raw_data/Illumina/child/NA21102.final.cram']	['s3://human-pangenomics/working/HPRC/NA21102/raw_data/nanopore/sup5.0.0/10_17_23_R1041_HPRC_NA21102_2_dorado0.9.5_sup5.0.0.bam','s3://human-pangenomics/working/HPRC/NA21102/raw_data/nanopore/sup5.0.0/10_17_23_R1041_HPRC_NA21102_3_dorado0.9.5_sup5.0.0.bam','s3://human-pangenomics/working/HPRC/NA21102/raw_data/nanopore/sup5.0.0/01_23_24_R1041_HPRC_NA21102_1_dorado0.9.5_sup5.0.0.bam','s3://human-pangenomics/working/HPRC/NA21102/raw_data/nanopore/sup5.0.0/10_17_23_R1041_HPRC_NA21102_1_dorado0.9.5_sup5.0.0.bam','s3://human-pangenomics/working/HPRC/NA21102/raw_data/nanopore/sup5.0.0/01_23_24_R1041_HPRC_NA21102_2_dorado0.9.5_sup5.0.0.bam']	[--unitig-abundance 8]
NA21106	['s3://human-pangenomics/working/HPRC/NA21106/raw_data/hic/NA21106-2_FC1_S12_L002_R1_001.fastq.gz','s3://human-pangenomics/working/HPRC/NA21106/raw_data/hic/NA21106-2_FC1_S12_L002_R2_001.fastq.gz','s3://human-pangenomics/working/HPRC/NA21106/raw_data/hic/NA21106-1_FC1_S11_L002_R1_001.fastq.gz','s3://human-pangenomics/working/HPRC/NA21106/raw_data/hic/NA21106-1_FC1_S11_L002_R2_001.fastq.gz','s3://human-pangenomics/working/HPRC/NA21106/raw_data/hic/NA21106-2_FC2_S12_L002_R1_001.fastq.gz','s3://human-pangenomics/working/HPRC/NA21106/raw_data/hic/NA21106-2_FC2_S12_L002_R2_001.fastq.gz','s3://human-pangenomics/working/HPRC/NA21106/raw_data/hic/NA21106-1_FC2_S11_L002_R1_001.fastq.gz','s3://human-pangenomics/working/HPRC/NA21106/raw_data/hic/NA21106-1_FC2_S11_L002_R2_001.fastq.gz']	['s3://human-pangenomics/working/HPRC/NA21106/raw_data/PacBio_HiFi/m84046_230508_200815_s4.hifi_reads.bc2089.bam','s3://human-pangenomics/working/HPRC/NA21106/raw_data/PacBio_HiFi/m84046_230501_151821_s4.hifi_reads.bc2089.bam','s3://human-pangenomics/working/HPRC/NA21106/raw_data/PacBio_HiFi/m84046_230504_212559_s4.hifi_reads.bc2089.bam','s3://human-pangenomics/working/HPRC/NA21106/raw_data/PacBio_HiFi/m84046_230504_205453_s3.hifi_reads.bc2089.bam']	['s3://human-pangenomics/working/HPRC/NA21106/raw_data/Illumina/child/NA21106.final.cram']	['s3://human-pangenomics/working/HPRC/NA21106/raw_data/nanopore/sup5.0.0/10_24_23_R1041_HPRC_NA21106_3_dorado0.9.5_sup5.0.0.bam','s3://human-pangenomics/working/HPRC/NA21106/raw_data/nanopore/sup5.0.0/10_24_23_R1041_HPRC_NA21106_2_dorado0.9.5_sup5.0.0.bam','s3://human-pangenomics/working/HPRC/NA21106/raw_data/nanopore/sup5.0.0/10_24_23_R1041_HPRC_NA21106_4_dorado0.9.5_sup5.0.0.bam','s3://human-pangenomics/working/HPRC/NA21106/raw_data/nanopore/sup5.0.0/10_24_23_R1041_HPRC_NA21106_1_dorado0.9.5_sup5.0.0.bam']	[--unitig-abundance 8]
NA21110	['s3://human-pangenomics/working/HPRC/NA21110/raw_data/hic/NA21110-1_FC1_S1_L002_R1_001.fastq.gz','s3://human-pangenomics/working/HPRC/NA21110/raw_data/hic/NA21110-1_FC1_S1_L002_R2_001.fastq.gz','s3://human-pangenomics/working/HPRC/NA21110/raw_data/hic/NA21110-1_FC2_S1_L002_R1_001.fastq.gz','s3://human-pangenomics/working/HPRC/NA21110/raw_data/hic/NA21110-1_FC2_S1_L002_R2_001.fastq.gz']	['s3://human-pangenomics/working/HPRC/NA21110/raw_data/PacBio_HiFi/m84091_230719_165228_s3.hifi_reads.bc1011.bam','s3://human-pangenomics/working/HPRC/NA21110/raw_data/PacBio_HiFi/m84091_230710_165908_s1.hifi_reads.bc1011.bam','s3://human-pangenomics/working/HPRC/NA21110/raw_data/PacBio_HiFi/m84091_230714_133843_s2.hifi_reads.bc1011.bam']	['s3://human-pangenomics/working/HPRC/NA21110/raw_data/Illumina/child/NA21110.final.cram']	['s3://human-pangenomics/working/HPRC/NA21110/raw_data/nanopore/sup5.0.0/01_16_24_R1041_HPRC_NA21110_1_dorado0.9.5_sup5.0.0.bam','s3://human-pangenomics/working/HPRC/NA21110/raw_data/nanopore/sup5.0.0/01_16_24_R1041_HPRC_NA21110_2_dorado0.9.5_sup5.0.0.bam','s3://human-pangenomics/working/HPRC/NA21110/raw_data/nanopore/sup5.0.0/01_16_24_R1041_HPRC_NA21110_3_dorado0.9.5_sup5.0.0.bam']	[--unitig-abundance 8]
NA21133	['s3://human-pangenomics/working/HPRC/NA21133/raw_data/hic/NA21133-1_FC1_S35_L003_R1_001.fastq.gz','s3://human-pangenomics/working/HPRC/NA21133/raw_data/hic/NA21133-1_FC1_S35_L003_R2_001.fastq.gz','s3://human-pangenomics/working/HPRC/NA21133/raw_data/hic/NA21133-1_FC2_S35_L003_R1_001.fastq.gz','s3://human-pangenomics/working/HPRC/NA21133/raw_data/hic/NA21133-1_FC2_S35_L003_R2_001.fastq.gz','s3://human-pangenomics/working/HPRC/NA21133/raw_data/hic/NA21133-2_FC1_S36_L003_R1_001.fastq.gz','s3://human-pangenomics/working/HPRC/NA21133/raw_data/hic/NA21133-2_FC1_S36_L003_R2_001.fastq.gz','s3://human-pangenomics/working/HPRC/NA21133/raw_data/hic/NA21133-2_FC2_S36_L003_R1_001.fastq.gz','s3://human-pangenomics/working/HPRC/NA21133/raw_data/hic/NA21133-2_FC2_S36_L003_R2_001.fastq.gz']	['s3://human-pangenomics/working/HPRC/NA21133/raw_data/PacBio_HiFi/m84203_240607_180007_s2.hifi_reads.bc1003.bam','s3://human-pangenomics/working/HPRC/NA21133/raw_data/PacBio_HiFi/m84091_240502_201800_s2.hifi_reads.bc1003.bam','s3://human-pangenomics/working/HPRC/NA21133/raw_data/PacBio_HiFi/m84091_240718_194810_s4.hifi_reads.bc1003.bam']	['s3://human-pangenomics/working/HPRC/NA21133/raw_data/Illumina/child/NA21133.final.fq.gz']	['s3://human-pangenomics/working/HPRC/NA21133/raw_data/nanopore/sup5.0.0_5mCG_5hmCG/10_15_24_R1041_UL_HPRC_NA21133_1_dorado0.9.1_sup5.0.0_5mCG_5hmCG.bam','s3://human-pangenomics/working/HPRC/NA21133/raw_data/nanopore/sup5.0.0_5mCG_5hmCG/10_15_24_R1041_UL_HPRC_NA21133_2_dorado0.9.1_sup5.0.0_5mCG_5hmCG.bam','s3://human-pangenomics/working/HPRC/NA21133/raw_data/nanopore/sup5.0.0_5mCG_5hmCG/10_28_24_R1041_UL_HPRC_NA21133_1_dorado0.9.1_sup5.0.0_5mCG_5hmCG.bam']	[--unitig-abundance 8]
NA21144	['s3://human-pangenomics/working/HPRC/NA21144/raw_data/hic/NA21144-2_FC1_S46_L002_R1_001.fastq.gz','s3://human-pangenomics/working/HPRC/NA21144/raw_data/hic/NA21144-2_FC1_S46_L002_R2_001.fastq.gz','s3://human-pangenomics/working/HPRC/NA21144/raw_data/hic/NA21144-2_FC3_S46_L002_R1_001.fastq.gz','s3://human-pangenomics/working/HPRC/NA21144/raw_data/hic/NA21144-2_FC3_S46_L002_R2_001.fastq.gz','s3://human-pangenomics/working/HPRC/NA21144/raw_data/hic/NA21144-2_FC4_S46_L002_R1_001.fastq.gz','s3://human-pangenomics/working/HPRC/NA21144/raw_data/hic/NA21144-2_FC4_S46_L002_R2_001.fastq.gz','s3://human-pangenomics/working/HPRC/NA21144/raw_data/hic/NA21144-2_FC2_S46_L002_R1_001.fastq.gz','s3://human-pangenomics/working/HPRC/NA21144/raw_data/hic/NA21144-2_FC2_S46_L002_R2_001.fastq.gz','s3://human-pangenomics/working/HPRC/NA21144/raw_data/hic/NA21144-1_FC1_S45_L002_R1_001.fastq.gz','s3://human-pangenomics/working/HPRC/NA21144/raw_data/hic/NA21144-1_FC1_S45_L002_R2_001.fastq.gz','s3://human-pangenomics/working/HPRC/NA21144/raw_data/hic/NA21144-1_FC4_S45_L002_R1_001.fastq.gz','s3://human-pangenomics/working/HPRC/NA21144/raw_data/hic/NA21144-1_FC4_S45_L002_R2_001.fastq.gz','s3://human-pangenomics/working/HPRC/NA21144/raw_data/hic/NA21144-1_FC3_S45_L002_R1_001.fastq.gz','s3://human-pangenomics/working/HPRC/NA21144/raw_data/hic/NA21144-1_FC3_S45_L002_R2_001.fastq.gz','s3://human-pangenomics/working/HPRC/NA21144/raw_data/hic/NA21144-1_FC2_S45_L002_R1_001.fastq.gz','s3://human-pangenomics/working/HPRC/NA21144/raw_data/hic/NA21144-1_FC2_S45_L002_R2_001.fastq.gz']	['s3://human-pangenomics/working/HPRC/NA21144/raw_data/PacBio_HiFi/m84081_230629_184915_s1.hifi_reads.bc2018.bam','s3://human-pangenomics/working/HPRC/NA21144/raw_data/PacBio_HiFi/m84081_230629_192021_s2.hifi_reads.bc2018.bam']	['s3://human-pangenomics/working/HPRC/NA21144/raw_data/Illumina/child/NA21144.final.cram']	['s3://human-pangenomics/working/HPRC/NA21144/raw_data/nanopore/sup5.0.0/01_23_24_R1041_HPRC_NA21144_1_dorado0.9.5_sup5.0.0.bam','s3://human-pangenomics/working/HPRC/NA21144/raw_data/nanopore/sup5.0.0/12_05_23_R1041_HPRC_NA21144_1_dorado0.9.5_sup5.0.0.bam','s3://human-pangenomics/working/HPRC/NA21144/raw_data/nanopore/sup5.0.0/01_23_24_R1041_HPRC_NA21144_2_dorado0.9.5_sup5.0.0.bam','s3://human-pangenomics/working/HPRC/NA21144/raw_data/nanopore/sup5.0.0/12_05_23_R1041_HPRC_NA21144_2_dorado0.9.5_sup5.0.0.bam','s3://human-pangenomics/working/HPRC/NA21144/raw_data/nanopore/sup5.0.0/12_05_23_R1041_HPRC_NA21144_3_dorado0.9.5_sup5.0.0.bam']	[--unitig-abundance 8]
